-- phpMyAdmin SQL Dump
-- version 4.9.0.1
-- https://www.phpmyadmin.net/
--
-- Host: localhost:8889
-- Generation Time: Nov 30, 2019 at 04:06 PM
-- Server version: 5.7.26
-- PHP Version: 7.3.8

SET SQL_MODE = "NO_AUTO_VALUE_ON_ZERO";
SET time_zone = "+00:00";


/*!40101 SET @OLD_CHARACTER_SET_CLIENT=@@CHARACTER_SET_CLIENT */;
/*!40101 SET @OLD_CHARACTER_SET_RESULTS=@@CHARACTER_SET_RESULTS */;
/*!40101 SET @OLD_COLLATION_CONNECTION=@@COLLATION_CONNECTION */;
/*!40101 SET NAMES utf8mb4 */;

--
-- Database: `sportsplanner`
--

-- --------------------------------------------------------

--
-- Table structure for table `activities`
--

CREATE TABLE `activities` (
  `id` int(11) NOT NULL,
  `sport_id` int(11) NOT NULL,
  `date` date NOT NULL,
  `starthour` time NOT NULL,
  `endhour` time NOT NULL,
  `location_id` int(11) NOT NULL,
  `intensity` enum('light','medium','hard','') NOT NULL,
  `timestamp` timestamp NOT NULL DEFAULT CURRENT_TIMESTAMP
) ENGINE=InnoDB DEFAULT CHARSET=utf8;

--
-- Dumping data for table `activities`
--

INSERT INTO `activities` (`id`, `sport_id`, `date`, `starthour`, `endhour`, `location_id`, `intensity`, `timestamp`) VALUES
(1, 1, '2019-11-22', '10:00:00', '11:00:00', 2, 'light', '2019-11-20 13:33:27'),
(2, 5, '2019-11-30', '12:00:00', '12:40:00', 5, 'light', '2019-11-20 20:34:23'),
(3, 2, '2019-11-28', '14:45:00', '16:00:00', 4, 'hard', '2019-11-24 16:23:52'),
(4, 6, '2019-11-28', '19:30:00', '20:30:00', 5, 'medium', '2019-11-24 16:24:49'),
(5, 1, '2019-12-02', '13:30:00', '13:30:00', 1, 'light', '2019-11-26 21:46:38'),
(6, 1, '2019-12-02', '13:30:00', '13:30:00', 1, 'light', '2019-11-26 21:46:49'),
(7, 3, '2019-12-07', '13:30:00', '13:30:00', 1, 'hard', '2019-11-26 21:48:46'),
(9, 6, '2019-12-07', '13:30:00', '13:30:00', 2, 'light', '2019-11-27 07:02:37'),
(26, 2, '2019-12-05', '13:30:00', '14:00:00', 2, 'medium', '2019-11-27 08:46:09'),
(27, 2, '2019-12-08', '13:30:00', '14:00:00', 2, 'medium', '2019-11-27 08:46:49'),
(28, 2, '2019-12-05', '20:30:00', '21:00:00', 3, 'medium', '2019-11-27 08:58:29'),
(32, 1, '2019-12-02', '13:30:00', '14:00:00', 1, 'hard', '2019-11-27 13:37:29'),
(38, 2, '2019-12-05', '13:30:00', '14:30:00', 3, 'hard', '2019-11-27 14:40:42'),
(39, 2, '2019-12-05', '13:30:00', '14:30:00', 3, 'hard', '2019-11-27 14:41:36'),
(41, 2, '2019-12-03', '13:30:00', '14:00:00', 2, 'medium', '2019-11-29 12:52:27'),
(43, 2, '2019-12-05', '13:30:00', '14:00:00', 2, 'medium', '2019-11-29 12:53:53'),
(44, 2, '2019-12-05', '13:30:00', '14:00:00', 2, 'medium', '2019-11-29 12:54:26'),
(45, 2, '2019-12-05', '13:30:00', '14:00:00', 2, 'hard', '2019-11-29 12:54:46'),
(46, 2, '2019-12-05', '13:30:00', '14:00:00', 2, 'hard', '2019-11-29 13:06:24'),
(53, 1, '2019-11-29', '13:30:00', '14:30:00', 1, 'medium', '2019-11-29 13:28:11'),
(54, 2, '2019-11-29', '18:30:00', '19:00:00', 3, 'hard', '2019-11-29 13:56:58');

-- --------------------------------------------------------

--
-- Table structure for table `activities_have_focuses`
--

CREATE TABLE `activities_have_focuses` (
  `id` int(11) NOT NULL,
  `activity_id` int(11) NOT NULL,
  `focus_id` int(11) NOT NULL
) ENGINE=InnoDB DEFAULT CHARSET=utf8;

--
-- Dumping data for table `activities_have_focuses`
--

INSERT INTO `activities_have_focuses` (`id`, `activity_id`, `focus_id`) VALUES
(1, 1, 2),
(2, 1, 3),
(3, 2, 4),
(4, 2, 1),
(5, 2, 2),
(6, 3, 2),
(7, 4, 1),
(8, 4, 4),
(9, 5, 3),
(10, 5, 2),
(11, 51, 3),
(12, 52, 3),
(13, 53, 1),
(14, 53, 3),
(15, 53, 4),
(16, 54, 1),
(17, 54, 2),
(18, 54, 3);

-- --------------------------------------------------------

--
-- Table structure for table `focuses`
--

CREATE TABLE `focuses` (
  `id` int(11) NOT NULL,
  `name` varchar(45) NOT NULL
) ENGINE=InnoDB DEFAULT CHARSET=utf8;

--
-- Dumping data for table `focuses`
--

INSERT INTO `focuses` (`id`, `name`) VALUES
(1, 'flexibility'),
(2, 'endurance'),
(3, 'coordination'),
(4, 'strength');

-- --------------------------------------------------------

--
-- Table structure for table `friends`
--

CREATE TABLE `friends` (
  `id` int(11) NOT NULL,
  `firstname` varchar(45) NOT NULL,
  `activity_id` int(11) NOT NULL
) ENGINE=InnoDB DEFAULT CHARSET=utf8;

--
-- Dumping data for table `friends`
--

INSERT INTO `friends` (`id`, `firstname`, `activity_id`) VALUES
(1, 'Lien', 1),
(2, 'Sarah', 3),
(3, 'Lieselot', 4),
(4, 'Mathias', 2),
(5, 'mama', 5),
(6, 'papa', 2);

-- --------------------------------------------------------

--
-- Table structure for table `locations`
--

CREATE TABLE `locations` (
  `id` int(11) NOT NULL,
  `location` varchar(45) NOT NULL,
  `icon` text NOT NULL
) ENGINE=InnoDB DEFAULT CHARSET=utf8;

--
-- Dumping data for table `locations`
--

INSERT INTO `locations` (`id`, `location`, `icon`) VALUES
(1, 'sports hall', '<svg width=\"60\" height=\"60\" viewBox=\"0 0 60 60\" fill=\"none\" xmlns=\"http://www.w3.org/2000/svg\">\r\n<path d=\"M58.7289 56.7261H1.27105C0.569113 56.7261 0 56.157 0 55.4551C0 54.7531 0.569113 54.184 1.27105 54.184H58.7289C59.4309 54.184 60 54.7531 60 55.4551C60 56.157 59.4309 56.7261 58.7289 56.7261ZM56.3977 50.9328C55.6957 50.9328 55.1266 50.3637 55.1266 49.6618V21.5739H44.8775C44.1756 21.5739 43.6065 21.0048 43.6065 20.3028C43.6065 19.6009 44.1756 19.0318 44.8775 19.0318H56.398C57.0999 19.0318 57.669 19.6009 57.669 20.3028C57.669 20.3125 57.6689 20.3221 57.6687 20.3316V49.6618C57.6687 50.3637 57.0996 50.9328 56.3977 50.9328ZM50.0629 50.9328H9.93692C9.23499 50.9328 8.66587 50.3637 8.66587 49.6618V31.5898C8.66587 30.8878 9.23499 30.3187 9.93692 30.3187H50.0629C50.7649 30.3187 51.334 30.8878 51.334 31.5898V49.6618C51.334 50.3637 50.7649 50.9328 50.0629 50.9328ZM41.3025 48.3907H48.7919V32.8608H41.3025V48.3907ZM31.2711 48.3907H38.7606V32.8608H31.2711V48.3907ZM21.2396 48.3907H28.7289V32.8608H21.2396V48.3907ZM11.208 48.3907H18.6975V32.8608H11.208V48.3907ZM3.60184 50.9328C2.8999 50.9328 2.33079 50.3637 2.33079 49.6618V20.3221C2.33079 20.3157 2.33063 20.3092 2.33063 20.3028C2.33063 19.6009 2.89975 19.0318 3.60168 19.0318H15.1222C15.8241 19.0318 16.3932 19.6009 16.3932 20.3028C16.3932 21.0048 15.8241 21.5739 15.1222 21.5739H4.87289V49.6618C4.87289 50.3637 4.30394 50.9328 3.60184 50.9328ZM30 26.7445C23.5291 26.7445 18.2647 21.4802 18.2647 15.0092C18.2647 8.5383 23.5291 3.27393 30 3.27393C36.4709 3.27393 41.7351 8.5383 41.7351 15.0092C41.7351 21.4802 36.4708 26.7445 30 26.7445ZM28.5321 24.0853C29.0102 24.1622 29.5006 24.2024 30 24.2024C31.7939 24.2024 33.4697 23.6857 34.8859 22.7938C34.5388 20.8944 33.8718 19.0965 32.9414 17.4605C30.8746 19.1452 29.31 21.4376 28.5321 24.0853ZM21.2698 17.8923C22.0664 20.2989 23.8325 22.268 26.1031 23.3351C27.0547 20.1233 28.9808 17.3526 31.5205 15.3434C31.0019 14.6819 30.436 14.0594 29.8273 13.4805C27.5326 15.7561 24.5609 17.3327 21.2698 17.8923ZM35.057 16.0451C35.932 17.5491 36.612 19.1754 37.0634 20.8872C38.3926 19.2925 39.193 17.2428 39.193 15.0092C39.193 14.8812 39.1903 14.7541 39.1853 14.6273C37.7194 14.8731 36.3286 15.3589 35.057 16.0451ZM22.7056 9.41994C21.5153 10.9698 20.8068 12.9087 20.8068 15.0094C20.8068 15.1371 20.8095 15.2646 20.8146 15.3912C23.5033 14.9403 25.9401 13.6819 27.8489 11.8608C26.3027 10.776 24.5691 9.94139 22.7056 9.41994ZM31.4847 11.5537C32.2641 12.2857 32.9833 13.0795 33.6352 13.9272C35.1965 13.0528 36.9145 12.4347 38.7301 12.1262C37.9333 9.71975 36.1671 7.75041 33.8969 6.68352C33.3707 8.45982 32.5461 10.1015 31.4847 11.5537ZM24.8057 7.42772C26.4989 8.04657 28.0828 8.89499 29.5207 9.93328C30.3758 8.735 31.0407 7.38784 31.4679 5.93312C30.9898 5.85623 30.4992 5.81603 30 5.81603C28.074 5.81603 26.2844 6.41152 24.8057 7.42772Z\" fill=\"#4546A3\" fill-opacity=\"0.5\"/>\r\n</svg>\r\n'),
(2, 'swimming pool', '<svg width=\"60\" height=\"60\" viewBox=\"0 0 60 60\" fill=\"none\" xmlns=\"http://www.w3.org/2000/svg\">\r\n<g clip-path=\"url(#clip0)\">\r\n<path fill-rule=\"evenodd\" clip-rule=\"evenodd\" d=\"M41.5115 15.4632C41.5115 15.4632 41.5115 15.4631 41.5115 15.4631C42.3883 14.6606 43.0809 14.0268 44.5608 14.0268C46.0407 14.0268 46.7333 14.6607 47.61 15.4632C47.61 15.4632 47.61 15.4633 47.6101 15.4633C48.581 16.3519 49.6815 17.359 51.8419 17.359C54.0028 17.359 55.1033 16.3519 56.0743 15.4632L56.0743 15.4632L56.0744 15.4631L56.0745 15.463C56.5274 15.0485 56.9312 14.6791 57.4197 14.4187C57.8769 14.1749 58.4084 14.0268 59.1241 14.0268C59.6077 14.0268 60 13.6347 60 13.1508C60 12.6672 59.6077 12.2749 59.1241 12.2749C58.2979 12.2749 57.6267 12.4221 57.0585 12.6537C56.1406 13.0278 55.4914 13.6219 54.8916 14.1707L54.8915 14.1708L54.8914 14.1709C54.0146 14.9733 53.322 15.6071 51.8419 15.6071C50.3622 15.6071 49.6697 14.9734 48.7932 14.1711L48.7929 14.1709C48.7929 14.1708 48.7928 14.1708 48.7928 14.1708C47.8218 13.282 46.7213 12.2749 44.5608 12.2749C42.4001 12.2749 41.2997 13.2821 40.3287 14.1709L40.3286 14.1709L40.3284 14.1711C39.4518 14.9734 38.7594 15.6071 37.2795 15.6071C35.7998 15.6071 35.1072 14.9733 34.2305 14.1709C34.2305 14.1708 34.2304 14.1708 34.2304 14.1708C33.2594 13.282 32.1591 12.2749 29.9985 12.2749C27.8381 12.2749 26.7376 13.2821 25.7668 14.1708C25.7667 14.1709 25.7667 14.1709 25.7667 14.1709L25.7664 14.1711C24.8899 14.9734 24.1974 15.6071 22.7177 15.6071C21.2382 15.6071 20.5459 14.9734 19.6694 14.171C19.6694 14.1709 19.6693 14.1709 19.6693 14.1709L19.6692 14.1708L19.669 14.1707C18.6983 13.2821 17.5979 12.2749 15.4378 12.2749C13.2773 12.2749 12.1768 13.2821 11.206 14.1708C11.206 14.1709 11.2059 14.1709 11.2059 14.1709L11.2056 14.1711C10.3291 14.9734 9.63666 15.6071 8.15707 15.6071C6.67721 15.6071 5.98463 14.9733 5.10799 14.1708C5.10797 14.1708 5.10794 14.1708 5.10791 14.1707L5.10786 14.1707C5.10786 14.1707 5.10786 14.1707 5.10785 14.1707C4.5082 13.6219 3.85916 13.0279 2.94154 12.6538C2.37333 12.4222 1.70215 12.2749 0.875942 12.2749C0.392276 12.2749 0 12.6672 0 13.1508C0 13.6347 0.392276 14.0268 0.875942 14.0268C1.59154 14.0268 2.12302 14.175 2.58024 14.4188C3.06854 14.6792 3.47214 15.0487 3.92487 15.4631C3.92487 15.4631 3.92488 15.4631 3.92488 15.4631L3.92495 15.4632L3.925 15.4632C3.925 15.4632 3.92501 15.4632 3.92501 15.4632C4.89598 16.3519 5.99645 17.359 8.15707 17.359C10.3175 17.359 11.418 16.3519 12.3888 15.4633C12.3888 15.4632 12.3889 15.4632 12.3889 15.4632L12.389 15.4631C13.2656 14.6606 13.958 14.0268 15.4378 14.0268C16.9173 14.0268 17.6097 14.6606 18.4862 15.4631C18.4862 15.4631 18.4863 15.4631 18.4863 15.4632L18.4864 15.4632L18.4865 15.4634C19.4573 16.352 20.5575 17.359 22.7177 17.359C24.8783 17.359 25.9788 16.3519 26.9496 15.4633C26.9496 15.4632 26.9496 15.4632 26.9497 15.4632L26.9497 15.4631C27.8264 14.6606 28.5188 14.0268 29.9985 14.0268C31.4784 14.0268 32.1708 14.6606 33.0475 15.4631L33.0475 15.4632L33.0477 15.4633L33.0478 15.4634C34.0187 16.352 35.119 17.359 37.2795 17.359C39.4402 17.359 40.5406 16.3518 41.5115 15.4632Z\" fill=\"#4546A3\" fill-opacity=\"0.5\"/>\r\n<path fill-rule=\"evenodd\" clip-rule=\"evenodd\" d=\"M41.5115 23.0547C41.5115 23.0547 41.5115 23.0547 41.5115 23.0547C42.3883 22.2522 43.0809 21.6183 44.5608 21.6183C46.0407 21.6183 46.7333 22.2522 47.61 23.0548C47.61 23.0548 47.61 23.0548 47.61 23.0548C48.581 23.9435 49.6815 24.9506 51.8419 24.9506C54.0028 24.9506 55.1033 23.9434 56.0743 23.0548L56.0743 23.0547L56.0744 23.0546L56.0745 23.0545C56.5274 22.6401 56.9312 22.2706 57.4197 22.0102C57.8769 21.7665 58.4084 21.6183 59.1241 21.6183C59.6077 21.6183 60 21.2262 60 20.7424C60 20.2587 59.6077 19.8665 59.1241 19.8665C58.2979 19.8665 57.6267 20.0137 57.0585 20.2452C56.1406 20.6193 55.4914 21.2134 54.8916 21.7623L54.8915 21.7624L54.8914 21.7625C54.0146 22.5649 53.322 23.1987 51.8419 23.1987C50.3622 23.1987 49.6697 22.5649 48.7932 21.7627L48.7929 21.7624C48.7929 21.7624 48.7928 21.7624 48.7928 21.7623C47.8218 20.8736 46.7213 19.8665 44.5608 19.8665C42.4001 19.8665 41.2997 20.8736 40.3287 21.7624L40.3286 21.7625L40.3284 21.7627C39.4518 22.5649 38.7594 23.1987 37.2795 23.1987C35.7998 23.1987 35.1072 22.5648 34.2305 21.7624C34.2305 21.7624 34.2304 21.7624 34.2304 21.7623C33.2594 20.8736 32.1591 19.8665 29.9985 19.8665C27.8381 19.8665 26.7376 20.8736 25.7668 21.7624C25.7667 21.7624 25.7667 21.7624 25.7667 21.7624L25.7664 21.7627C24.8899 22.5649 24.1974 23.1987 22.7177 23.1987C21.2382 23.1987 20.5459 22.565 19.6694 21.7625C19.6694 21.7625 19.6693 21.7625 19.6693 21.7624L19.6693 21.7624L19.669 21.7622C18.6983 20.8736 17.5979 19.8665 15.4378 19.8665C13.2773 19.8665 12.1768 20.8736 11.206 21.7624C11.206 21.7624 11.2059 21.7624 11.2059 21.7624L11.2059 21.7624L11.2056 21.7627C10.3291 22.5649 9.63666 23.1987 8.15707 23.1987C6.67721 23.1987 5.98463 22.5648 5.108 21.7624C5.10797 21.7623 5.10794 21.7623 5.10791 21.7623L5.10787 21.7622C5.10786 21.7622 5.10786 21.7622 5.10785 21.7622C4.5082 21.2134 3.85916 20.6194 2.94154 20.2454C2.37333 20.0137 1.70215 19.8665 0.875942 19.8665C0.392276 19.8665 0 20.2587 0 20.7424C0 21.2262 0.392276 21.6183 0.875942 21.6183C1.59154 21.6183 2.12302 21.7666 2.58024 22.0104C3.06854 22.2708 3.47214 22.6402 3.92486 23.0547C3.92487 23.0547 3.92488 23.0547 3.92488 23.0547L3.92495 23.0547L3.925 23.0548C3.925 23.0548 3.925 23.0548 3.92501 23.0548C4.89598 23.9434 5.99645 24.9506 8.15707 24.9506C10.3175 24.9506 11.418 23.9435 12.3888 23.0548C12.3888 23.0548 12.3889 23.0548 12.3889 23.0547L12.389 23.0547C13.2656 22.2522 13.958 21.6183 15.4378 21.6183C16.9173 21.6183 17.6097 22.2522 18.4862 23.0546C18.4862 23.0547 18.4863 23.0547 18.4863 23.0547L18.4864 23.0548L18.4865 23.0549C19.4573 23.9435 20.5575 24.9506 22.7177 24.9506C24.8783 24.9506 25.9788 23.9435 26.9496 23.0548C26.9496 23.0548 26.9496 23.0548 26.9497 23.0547L26.9497 23.0547C27.8264 22.2522 28.5188 21.6183 29.9985 21.6183C31.4784 21.6183 32.1708 22.2522 33.0475 23.0547L33.0475 23.0547L33.0476 23.0548L33.0478 23.055C34.0187 23.9436 35.119 24.9506 37.2795 24.9506C39.4402 24.9506 40.5406 23.9434 41.5115 23.0547Z\" fill=\"#4546A3\" fill-opacity=\"0.5\"/>\r\n<path fill-rule=\"evenodd\" clip-rule=\"evenodd\" d=\"M41.5116 30.6461C42.3883 29.8438 43.081 29.2099 44.5608 29.2099C46.0406 29.2099 46.7332 29.8437 47.6099 30.6462C47.6099 30.6462 47.6098 30.6462 47.6099 30.6462C48.5808 31.5348 49.6814 32.5421 51.8419 32.5421C54.0028 32.5421 55.1033 31.535 56.0743 30.6463C56.5272 30.2319 56.9312 29.8622 57.4197 29.6018C57.8769 29.358 58.4085 29.2099 59.1241 29.2099C59.6077 29.2099 60 28.8176 60 28.3339C60 27.8501 59.6077 27.458 59.1241 27.458C58.2979 27.458 57.6267 27.6052 57.0585 27.8368C56.1406 28.2109 55.4914 28.805 54.8916 29.3538C54.0148 30.1563 53.322 30.7902 51.8419 30.7902C50.362 30.7902 49.6696 30.1564 48.793 29.3539C47.822 28.4653 46.7214 27.458 44.5608 27.458C42.4002 27.458 41.2998 28.4651 40.3288 29.3537C39.4522 30.1562 38.7595 30.7902 37.2795 30.7902C35.7998 30.7902 35.1072 30.1563 34.2305 29.3538C33.2596 28.4653 32.159 27.458 29.9985 27.458C27.8381 27.458 26.7376 28.4651 25.7668 29.3537C25.7668 29.3538 25.7669 29.3537 25.7668 29.3537C24.8902 30.1562 24.1976 30.7902 22.7177 30.7902C21.2383 30.7902 20.546 30.1565 19.6696 29.3543C19.6696 29.3543 19.6697 29.3543 19.6696 29.3543C18.6988 28.4655 17.5981 27.458 15.4378 27.458C13.2773 27.458 12.1768 28.4651 11.206 29.3537C11.206 29.3538 11.2061 29.3537 11.206 29.3537C10.3294 30.1562 9.63679 30.7902 8.15707 30.7902C6.67716 30.7902 5.98458 30.1563 5.10791 29.3538C5.10789 29.3538 5.10793 29.3539 5.10791 29.3538C4.50827 28.8051 3.85913 28.211 2.94154 27.8369C2.37334 27.6053 1.70215 27.458 0.875942 27.458C0.392276 27.458 0 27.8501 0 28.3339C0 28.8176 0.392276 29.2099 0.875942 29.2099C1.59148 29.2099 2.12296 29.3581 2.5802 29.6019C3.06853 29.8623 3.47218 30.2317 3.92492 30.6461C3.92496 30.6462 3.92487 30.6461 3.92492 30.6461C4.89587 31.5349 5.99651 32.5421 8.15707 32.5421C10.3176 32.5421 11.418 31.535 12.3889 30.6462C12.3889 30.6462 12.3888 30.6462 12.3889 30.6462C13.2654 29.8439 13.9582 29.2099 15.4378 29.2099C16.9173 29.2099 17.6098 29.8437 18.4862 30.6461C18.4863 30.6461 18.4862 30.646 18.4862 30.6461C19.4571 31.5348 20.5574 32.5421 22.7177 32.5421C24.8783 32.5421 25.9788 31.535 26.9496 30.6462C26.9497 30.6462 26.9496 30.6462 26.9496 30.6462C27.8262 29.8439 28.5189 29.2099 29.9985 29.2099C31.4783 29.2099 32.1707 29.8436 33.0472 30.6459C33.0473 30.6459 33.0472 30.6458 33.0472 30.6459C34.0182 31.5346 35.119 32.5421 37.2795 32.5421C39.4401 32.5421 40.5408 31.5348 41.5116 30.6461C41.5116 30.646 41.5116 30.6461 41.5116 30.6461Z\" fill=\"#4546A3\" fill-opacity=\"0.5\"/>\r\n<path fill-rule=\"evenodd\" clip-rule=\"evenodd\" d=\"M41.5115 38.2377L41.5116 38.2376L41.5117 38.2375C42.3884 37.4352 43.081 36.8014 44.5608 36.8014C46.0406 36.8014 46.7332 37.4353 47.6099 38.2378C47.6099 38.2378 47.6099 38.2378 47.6099 38.2378L47.61 38.2379C48.581 39.1265 49.6814 40.1337 51.8419 40.1337C54.0028 40.1337 55.1033 39.1265 56.0743 38.2379L56.0743 38.2378L56.0744 38.2378L56.0745 38.2376C56.5275 37.8232 56.9312 37.4537 57.4197 37.1933C57.8769 36.9496 58.4085 36.8014 59.1241 36.8014C59.6077 36.8014 60 36.4092 60 35.9255C60 35.4417 59.6077 35.0496 59.1241 35.0496C58.2979 35.0496 57.6267 35.1968 57.0585 35.4284C56.1406 35.8024 55.4914 36.3965 54.8916 36.9454L54.8915 36.9455L54.8914 36.9456C54.0146 37.748 53.322 38.3818 51.8419 38.3818C50.362 38.3818 49.6696 37.7479 48.793 36.9455L48.7929 36.9454L48.7928 36.9453C47.8219 36.0567 46.7214 35.0496 44.5608 35.0496C42.4002 35.0496 41.2998 36.0567 40.3288 36.9453C40.3288 36.9453 40.3288 36.9453 40.3287 36.9453L40.3287 36.9454L40.3286 36.9455C40.3286 36.9455 40.3286 36.9455 40.3285 36.9455C39.4519 37.748 38.7595 38.3818 37.2795 38.3818C35.7998 38.3818 35.1072 37.7479 34.2305 36.9454L34.2304 36.9453L34.2303 36.9452C33.2593 36.0566 32.159 35.0496 29.9985 35.0496C27.8381 35.0496 26.7376 36.0567 25.7668 36.9453C25.7668 36.9453 25.7668 36.9454 25.7667 36.9454L25.7666 36.9455C24.89 37.7479 24.1976 38.3818 22.7177 38.3818C21.2383 38.3818 20.546 37.7481 19.6696 36.9459L19.6693 36.9455C19.6693 36.9455 19.6692 36.9455 19.6692 36.9455C18.6984 36.0567 17.5981 35.0496 15.4378 35.0496C13.2773 35.0496 12.1768 36.0567 11.206 36.9453C11.206 36.9453 11.206 36.9454 11.2059 36.9454L11.2059 36.9455C10.3292 37.7479 9.63679 38.3818 8.15707 38.3818C6.67716 38.3818 5.98458 37.7479 5.10791 36.9454L5.10789 36.9454L5.10786 36.9453C5.10784 36.9453 5.10782 36.9453 5.10781 36.9453C4.50817 36.3965 3.85913 35.8025 2.94154 35.4285C2.37334 35.1969 1.70215 35.0496 0.875942 35.0496C0.392276 35.0496 0 35.4417 0 35.9255C0 36.4092 0.392276 36.8014 0.875942 36.8014C1.59148 36.8014 2.12297 36.9497 2.5802 37.1935C3.06853 37.4539 3.47218 37.8233 3.92492 38.2377L3.92494 38.2377L3.92495 38.2377C3.92499 38.2377 3.92504 38.2378 3.92508 38.2378C4.89603 39.1266 5.99651 40.1337 8.15707 40.1337C10.3176 40.1337 11.418 39.1265 12.3889 38.2377C12.3889 38.2377 12.3889 38.2377 12.3889 38.2377L12.3889 38.2377L12.3892 38.2374C13.2657 37.4352 13.9582 36.8014 15.4378 36.8014C16.9173 36.8014 17.6098 37.4353 18.4862 38.2376L18.4863 38.2377C18.4863 38.2377 18.4864 38.2377 18.4864 38.2378C19.4572 39.1265 20.5574 40.1337 22.7177 40.1337C24.8783 40.1337 25.9788 39.1265 26.9496 38.2377C26.9497 38.2377 26.9497 38.2377 26.9497 38.2377L26.95 38.2374C27.8265 37.4352 28.5189 36.8014 29.9985 36.8014C31.4783 36.8014 32.1707 37.4352 33.0472 38.2374L33.0475 38.2377C33.0476 38.2377 33.0476 38.2378 33.0477 38.2378C34.0186 39.1266 35.119 40.1337 37.2795 40.1337C39.4401 40.1337 40.5406 39.1265 41.5114 38.2377C41.5115 38.2377 41.5115 38.2377 41.5115 38.2377Z\" fill=\"#4546A3\" fill-opacity=\"0.5\"/>\r\n<path fill-rule=\"evenodd\" clip-rule=\"evenodd\" d=\"M41.5114 45.8293C41.5115 45.8293 41.5115 45.8293 41.5115 45.8293L41.5116 45.8292L41.5117 45.829C42.3884 45.0268 43.081 44.393 44.5608 44.393C46.0406 44.393 46.7332 45.0268 47.6099 45.8293C47.6099 45.8293 47.6099 45.8294 47.6099 45.8294L47.61 45.8294C48.581 46.7181 49.6814 47.7252 51.8419 47.7252C54.0028 47.7252 55.1033 46.7181 56.0743 45.8294L56.0743 45.8294L56.0744 45.8293L56.0745 45.8292C56.5275 45.4147 56.9312 45.0453 57.4197 44.7849C57.877 44.5411 58.4085 44.393 59.1241 44.393C59.6077 44.393 60 44.0007 60 43.5171C60 43.0331 59.6077 42.6411 59.1241 42.6411C58.2979 42.6411 57.6267 42.7884 57.0585 43.0199C56.1406 43.394 55.4914 43.9881 54.8916 44.5369L54.8915 44.537L54.8914 44.5371C54.0146 45.3396 53.322 45.9733 51.8419 45.9733C50.362 45.9733 49.6696 45.3395 48.793 44.537L48.7929 44.5369L48.7929 44.5369C47.8219 43.6483 46.7214 42.6411 44.5608 42.6411C42.4002 42.6411 41.2998 43.6482 40.3288 44.5368C40.3288 44.5368 40.3287 44.5369 40.3287 44.5369L40.3287 44.5369L40.3286 44.537C40.3286 44.537 40.3285 44.5371 40.3285 44.5371C39.4519 45.3395 38.7595 45.9733 37.2795 45.9733C35.7998 45.9733 35.1072 45.3395 34.2305 44.5369L34.2304 44.5368L34.2303 44.5367C33.2593 43.6481 32.159 42.6411 29.9985 42.6411C27.8381 42.6411 26.7376 43.6482 25.7668 44.5369C25.7668 44.5369 25.7668 44.5369 25.7667 44.5369L25.7666 44.537C24.89 45.3395 24.1976 45.9733 22.7177 45.9733C21.2383 45.9733 20.546 45.3396 19.6696 44.5374L19.6693 44.5371C19.6693 44.5371 19.6692 44.537 19.6692 44.537C18.6984 43.6483 17.5981 42.6411 15.4378 42.6411C13.2773 42.6411 12.1768 43.6482 11.206 44.5368C11.206 44.5369 11.206 44.5369 11.2059 44.5369L11.2059 44.537C10.3292 45.3395 9.63678 45.9733 8.15707 45.9733C6.67716 45.9733 5.98458 45.3395 5.10791 44.5369L5.10789 44.5369L5.10787 44.5369C5.10785 44.5369 5.10783 44.5369 5.10781 44.5368C4.50817 43.9881 3.85913 43.3941 2.94154 43.02C2.37334 42.7884 1.70215 42.6411 0.875942 42.6411C0.392276 42.6411 0 43.0331 0 43.5171C0 44.0007 0.392276 44.393 0.875942 44.393C1.59147 44.393 2.12294 44.5412 2.58017 44.785C3.06852 45.0454 3.47217 45.4148 3.92492 45.8292L3.92494 45.8292L3.92495 45.8293C3.92499 45.8293 3.92504 45.8293 3.92508 45.8294C4.89603 46.7181 5.9965 47.7252 8.15707 47.7252C10.3176 47.7252 11.418 46.7181 12.3889 45.8293C12.3889 45.8293 12.3889 45.8293 12.3889 45.8293L12.3889 45.8292L12.3892 45.829C13.2657 45.0267 13.9582 44.393 15.4378 44.393C16.9173 44.393 17.6098 45.0268 18.4862 45.8292L18.4863 45.8293C18.4863 45.8293 18.4864 45.8293 18.4864 45.8293C19.4572 46.7181 20.5574 47.7252 22.7177 47.7252C24.8783 47.7252 25.9788 46.7181 26.9496 45.8293C26.9497 45.8293 26.9497 45.8293 26.9497 45.8293L26.95 45.829C27.8265 45.0267 28.5189 44.393 29.9985 44.393C31.4783 44.393 32.1707 45.0267 33.0472 45.829L33.0475 45.8293C33.0476 45.8293 33.0476 45.8293 33.0477 45.8294C34.0186 46.7181 35.119 47.7252 37.2795 47.7252C39.4401 47.7252 40.5406 46.7181 41.5114 45.8293Z\" fill=\"#4546A3\" fill-opacity=\"0.5\"/>\r\n</g>\r\n<defs>\r\n<clipPath id=\"clip0\">\r\n<rect width=\"60\" height=\"60\" fill=\"white\"/>\r\n</clipPath>\r\n</defs>\r\n</svg>\r\n'),
(3, 'home', '<svg width=\"69\" height=\"60\" viewBox=\"0 0 69 60\" fill=\"none\" xmlns=\"http://www.w3.org/2000/svg\">\r\n<g clip-path=\"url(#clip0)\">\r\n<path d=\"M1.02087 30.2041L34.3021 1.02039L67.3791 30.2041\" stroke=\"#4546A3\" stroke-opacity=\"0.5\" stroke-width=\"2.5\" stroke-miterlimit=\"10\" stroke-linecap=\"round\" stroke-linejoin=\"round\"/>\r\n<path d=\"M10.8215 28.3674V58.9797H21.4388V36.3266H32.6687V58.9797H57.7827V28.3674\" stroke=\"#4546A3\" stroke-opacity=\"0.5\" stroke-width=\"2.5\" stroke-miterlimit=\"10\" stroke-linecap=\"round\" stroke-linejoin=\"round\"/>\r\n<path d=\"M57.7826 14.8979V1.02039H48.7987V7.14283\" stroke=\"#4546A3\" stroke-opacity=\"0.5\" stroke-width=\"2.5\" stroke-miterlimit=\"10\" stroke-linecap=\"round\" stroke-linejoin=\"round\"/>\r\n<path d=\"M50.8406 27.1428H40.4275V37.551H50.8406V27.1428Z\" stroke=\"#4546A3\" stroke-opacity=\"0.5\" stroke-width=\"2.5\" stroke-miterlimit=\"10\" stroke-linecap=\"round\" stroke-linejoin=\"round\"/>\r\n</g>\r\n<defs>\r\n<clipPath id=\"clip0\">\r\n<rect width=\"68.4\" height=\"60\" fill=\"white\"/>\r\n</clipPath>\r\n</defs>\r\n</svg>\r\n'),
(4, 'outside', '<svg width=\"44\" height=\"60\" viewBox=\"0 0 44 60\" fill=\"none\" xmlns=\"http://www.w3.org/2000/svg\">\r\n<mask id=\"path-1-inside-1\" fill=\"white\">\r\n<path d=\"M38.9681 51.7618C38.2341 49.2102 35.8121 47.096 32.3625 45.7108V37.5456C38.8213 37.181 43.8856 31.932 43.8856 25.5164C43.8856 18.8092 38.4543 0 31.702 0C27.8854 0 24.4359 6.05103 22.234 12.5395C20.179 10.8627 17.5367 9.91495 14.6009 9.91495C7.84858 9.91495 2.41735 15.3098 2.41735 22.017C2.41735 28.4326 7.48161 33.6817 13.867 34.1191V46.1482C12.6193 46.7315 11.5183 47.4605 10.6376 48.2625C9.24309 47.6063 7.77519 47.4605 6.23389 47.6792C3.0779 48.1896 0.58247 50.7412 0.0687039 53.8761C-0.0780863 55.1154 -0.00469115 56.2819 0.435679 57.4484C0.949445 58.9793 2.41735 60 4.03204 60H40.5094C41.6103 60 42.6379 59.4168 43.1516 58.469C43.7388 57.5213 43.6654 56.3548 43.1516 55.3341C42.1241 53.6574 40.6562 52.3451 38.9681 51.7618ZM24.4359 10.7898C26.7111 4.95747 29.4267 1.45808 31.702 1.45808C33.9772 1.45808 36.6195 4.95747 38.9681 10.7898C41.2433 16.4763 42.4177 22.6002 42.4177 25.5164C42.4177 31.4216 37.5736 36.1604 31.702 36.1604C27.8854 36.1604 24.5093 34.1191 22.601 31.13C22.3074 30.6926 22.0872 30.2552 21.867 29.8177C21.2799 28.5055 20.9129 27.0474 20.9129 25.5164C20.9129 23.3293 21.5735 19.4654 22.8212 15.2369C22.968 14.7266 23.1882 14.1434 23.3349 13.6331C23.7019 12.6853 24.0689 11.7375 24.4359 10.7898ZM3.88525 22.017C3.88525 16.1118 8.72932 11.373 14.6009 11.373C17.3166 11.373 19.812 12.3937 21.7203 14.0705C20.3257 18.5176 19.5184 22.9648 19.5184 25.5164C19.5184 27.4119 19.9588 29.1616 20.7661 30.7655C19.0046 31.932 16.9496 32.661 14.6743 32.661C8.65593 32.661 3.88525 27.8493 3.88525 22.017ZM15.3349 34.1191C17.6101 33.9733 19.6652 33.2442 21.4267 32.0778C23.4817 35.2126 26.9313 37.3998 30.968 37.6185V45.2005C28.7662 44.5443 26.2708 44.1069 23.6285 44.1069C20.6193 44.1069 17.7569 44.6173 15.3349 45.4921V34.1191V34.1191ZM41.8305 57.6671C41.5369 58.1774 41.0232 58.469 40.436 58.469H3.95864C2.93111 58.469 2.05037 57.8858 1.6834 56.938C1.38982 55.9903 1.24303 55.0425 1.38982 54.0219C1.75679 51.4702 3.81185 49.4289 6.30729 49.0644C6.67426 48.9915 6.96784 48.9915 7.33482 48.9915C8.36235 48.9915 9.31649 49.2102 10.1972 49.7205L10.711 50.0121L11.078 49.6476C13.5734 47.1689 18.3441 45.565 23.4817 45.565C30.6011 45.565 36.6929 48.5541 37.5002 52.418L37.5736 52.8554L38.014 53.0012C39.4819 53.5115 40.803 54.6051 41.6837 56.0632C42.1241 56.5735 42.1975 57.1567 41.8305 57.6671Z\"/>\r\n</mask>\r\n<path d=\"M38.9681 51.7618L36.085 52.5911L36.5157 54.0886L37.9884 54.5974L38.9681 51.7618ZM32.3625 45.7108H29.3625V47.739L31.2446 48.4948L32.3625 45.7108ZM32.3625 37.5456L32.1935 34.5503L29.3625 34.7101V37.5456H32.3625ZM22.234 12.5395L20.3374 14.8639L23.6861 17.5962L25.0749 13.5035L22.234 12.5395ZM13.867 34.1191H16.867V31.3176L14.072 31.1261L13.867 34.1191ZM13.867 46.1482L15.1374 48.866L16.867 48.0575V46.1482H13.867ZM10.6376 48.2625L9.36037 50.977L11.1747 51.8307L12.6574 50.4807L10.6376 48.2625ZM6.23389 47.6792L5.81241 44.709L5.78367 44.7131L5.75501 44.7177L6.23389 47.6792ZM0.0687039 53.8761L-2.8918 53.3909L-2.90261 53.4568L-2.91047 53.5232L0.0687039 53.8761ZM0.435679 57.4484L3.27981 56.4939L3.26205 56.441L3.24233 56.3888L0.435679 57.4484ZM43.1516 58.469L40.6014 56.8891L40.5556 56.9629L40.5142 57.0393L43.1516 58.469ZM43.1516 55.3341L45.8313 53.9853L45.775 53.8734L45.7095 53.7667L43.1516 55.3341ZM24.4359 10.7898L21.641 9.69949L21.6383 9.70654L24.4359 10.7898ZM38.9681 10.7898L41.7534 9.67535L41.7509 9.66916L38.9681 10.7898ZM22.601 31.13L25.1296 29.5157L25.1111 29.4867L25.092 29.4582L22.601 31.13ZM21.867 29.8177L19.1287 31.043L19.1566 31.1055L19.1874 31.1666L21.867 29.8177ZM22.8212 15.2369L25.6985 16.086L25.7014 16.0761L25.7043 16.0662L22.8212 15.2369ZM23.3349 13.6331L20.5373 12.5498L20.4889 12.6749L20.4518 12.8038L23.3349 13.6331ZM21.7203 14.0705L24.5828 14.9681L25.1669 13.1054L23.7005 11.8169L21.7203 14.0705ZM20.7661 30.7655L22.4225 33.2668L24.6435 31.796L23.4458 29.4166L20.7661 30.7655ZM14.6743 32.661V35.661V32.661ZM21.4267 32.0778L23.9356 30.433L22.2832 27.9124L19.7703 29.5765L21.4267 32.0778ZM30.968 37.6185H33.968V34.7766L31.1303 34.6229L30.968 37.6185ZM30.968 45.2005L30.1113 48.0755L33.968 49.2248V45.2005H30.968ZM15.3349 45.4921H12.3349V49.7654L16.354 48.3137L15.3349 45.4921ZM41.8305 57.6671L39.3949 55.9156L39.306 56.0392L39.2301 56.1711L41.8305 57.6671ZM1.6834 56.938L-1.18227 57.8257L-1.15161 57.9247L-1.11421 58.0213L1.6834 56.938ZM1.38982 54.0219L4.35926 54.4489L1.38982 54.0219ZM6.30729 49.0644L6.74091 52.0329L6.81671 52.0218L6.89185 52.0069L6.30729 49.0644ZM10.1972 49.7205L8.69318 52.3163L8.70473 52.323L8.71633 52.3295L10.1972 49.7205ZM10.711 50.0121L9.2301 52.6212L11.21 53.745L12.8252 52.1406L10.711 50.0121ZM37.5002 52.418L40.4588 51.9215L40.449 51.8628L40.4368 51.8044L37.5002 52.418ZM37.5736 52.8554L34.615 53.3518L34.9142 55.135L36.6306 55.7034L37.5736 52.8554ZM38.014 53.0012L38.9991 50.1676L38.9781 50.1603L38.9569 50.1533L38.014 53.0012ZM41.6837 56.0632L39.1158 57.6143L39.2469 57.8312L39.4124 58.0231L41.6837 56.0632ZM41.8512 50.9326C40.7504 47.1054 37.3286 44.4721 33.4804 42.9269L31.2446 48.4948C34.2956 49.7199 35.7179 51.315 36.085 52.5911L41.8512 50.9326ZM35.3625 45.7108V37.5456H29.3625V45.7108H35.3625ZM32.5316 40.5408C40.536 40.089 46.8856 33.5658 46.8856 25.5164H40.8856C40.8856 30.2981 37.1066 34.273 32.1935 34.5503L32.5316 40.5408ZM46.8856 25.5164C46.8856 21.6566 45.3998 14.8874 43.1138 9.1351C41.9614 6.23508 40.5245 3.38183 38.8189 1.19742C37.2009 -0.874683 34.8202 -3 31.702 -3V3C31.9599 3 32.7903 3.22584 34.0898 4.89006C35.3016 6.44199 36.4886 8.71024 37.538 11.3509C39.6557 16.68 40.8856 22.669 40.8856 25.5164H46.8856ZM31.702 -3C28.2018 -3 25.6005 -0.324216 23.8988 2.12472C22.0634 4.76628 20.5421 8.1897 19.3931 11.5754L25.0749 13.5035C26.1278 10.4008 27.4322 7.5545 28.8261 5.54843C30.3539 3.34973 31.3857 3 31.702 3V-3ZM24.1306 10.2151C21.5153 8.08114 18.1952 6.91495 14.6009 6.91495V12.9149C16.8782 12.9149 18.8426 13.6443 20.3374 14.8639L24.1306 10.2151ZM14.6009 6.91495C6.21075 6.91495 -0.582653 13.634 -0.582653 22.017H5.41735C5.41735 16.9857 9.48642 12.9149 14.6009 12.9149V6.91495ZM-0.582653 22.017C-0.582653 30.0615 5.75501 36.5704 13.6619 37.1121L14.072 31.1261C9.2082 30.7929 5.41735 26.8037 5.41735 22.017H-0.582653ZM10.867 34.1191V46.1482H16.867V34.1191H10.867ZM12.5966 43.4305C11.1014 44.1294 9.74208 45.0206 8.61783 46.0442L12.6574 50.4807C13.2946 49.9005 14.1371 49.3335 15.1374 48.866L12.5966 43.4305ZM11.9148 45.5479C9.89759 44.5988 7.82117 44.4239 5.81241 44.709L6.65537 50.6495C7.72921 50.4971 8.58859 50.6139 9.36037 50.977L11.9148 45.5479ZM5.75501 44.7177C1.29577 45.4388 -2.17427 49.0127 -2.8918 53.3909L3.02921 54.3613C3.33921 52.4697 4.86003 50.9403 6.71278 50.6408L5.75501 44.7177ZM-2.91047 53.5232C-3.09904 55.1153 -3.0208 56.7867 -2.37097 58.5079L3.24233 56.3888C3.01142 55.7771 2.94287 55.1155 3.04788 54.2289L-2.91047 53.5232ZM-2.40845 58.4028C-1.47028 61.1985 1.17379 63 4.03204 63V57C3.66091 57 3.36917 56.7602 3.27981 56.4939L-2.40845 58.4028ZM4.03204 63H40.5094V57H4.03204V63ZM40.5094 63C42.6434 63 44.7193 61.8721 45.789 59.8987L40.5142 57.0393C40.5244 57.0205 40.5353 57.0072 40.5432 56.9991C40.5508 56.9915 40.5548 56.9895 40.5531 56.9905C40.5513 56.9915 40.5461 56.9941 40.5376 56.9964C40.5293 56.9986 40.5198 57 40.5094 57V63ZM45.7019 60.049C46.9784 57.9885 46.6813 55.674 45.8313 53.9853L40.472 56.683C40.5524 56.8428 40.5644 56.9489 40.5649 56.9801C40.5651 56.9929 40.5635 56.9857 40.5693 56.9635C40.5755 56.9398 40.5866 56.9129 40.6014 56.8891L45.7019 60.049ZM45.7095 53.7667C44.4024 51.6336 42.4299 49.7839 39.9478 48.9263L37.9884 54.5974C38.8824 54.9063 39.8457 55.6811 40.5937 56.9016L45.7095 53.7667ZM27.2307 11.8801C28.3084 9.11759 29.4301 7.07299 30.4368 5.77887C31.5776 4.31248 32.0446 4.45808 31.702 4.45808V-1.54192C29.0841 -1.54192 27.0557 0.353381 25.7011 2.09477C24.2124 4.00842 22.8386 6.62967 21.641 9.69949L27.2307 11.8801ZM31.702 4.45808C31.3466 4.45808 31.7939 4.29523 32.9331 5.77039C33.9385 7.07237 35.0646 9.12741 36.1853 11.9104L41.7509 9.66916C40.523 6.61986 39.1537 4.00904 37.682 2.10324C36.344 0.370623 34.3326 -1.54192 31.702 -1.54192V4.45808ZM36.1828 11.9042C38.3615 17.3496 39.4177 23.0875 39.4177 25.5164H45.4177C45.4177 22.113 44.1252 15.603 41.7534 9.67535L36.1828 11.9042ZM39.4177 25.5164C39.4177 29.7325 35.9492 33.1604 31.702 33.1604V39.1604C39.198 39.1604 45.4177 33.1108 45.4177 25.5164H39.4177ZM31.702 33.1604C28.9741 33.1604 26.5224 31.6973 25.1296 29.5157L20.0724 32.7443C22.4961 36.5408 26.7968 39.1604 31.702 39.1604V33.1604ZM25.092 29.4582C24.9182 29.1993 24.7764 28.9253 24.5467 28.4689L19.1874 31.1666C19.398 31.5851 19.6966 32.1859 20.11 32.8018L25.092 29.4582ZM24.6054 28.5925C24.1646 27.6072 23.9129 26.5655 23.9129 25.5164H17.9129C17.9129 27.5293 18.3952 29.4037 19.1287 31.043L24.6054 28.5925ZM23.9129 25.5164C23.9129 23.7447 24.4856 20.1966 25.6985 16.086L19.9438 14.3879C18.6614 18.7341 17.9129 22.9139 17.9129 25.5164H23.9129ZM25.7043 16.0662C25.7562 15.8858 25.8257 15.677 25.9222 15.3894C26.0092 15.1302 26.1232 14.7922 26.218 14.4623L20.4518 12.8038C20.3999 12.9842 20.3304 13.193 20.2339 13.4806C20.147 13.7398 20.033 14.0778 19.9381 14.4076L25.7043 16.0662ZM26.1325 14.7163C26.316 14.2424 26.4995 13.7685 26.683 13.2947C26.8665 12.8208 27.05 12.3469 27.2335 11.873L21.6383 9.70654C21.4548 10.1804 21.2713 10.6543 21.0878 11.1282C20.9043 11.6021 20.7208 12.0759 20.5373 12.5498L26.1325 14.7163ZM6.88525 22.017C6.88525 17.8009 10.3537 14.373 14.6009 14.373V8.37303C7.10492 8.37303 0.885249 14.4227 0.885249 22.017H6.88525ZM14.6009 14.373C16.5516 14.373 18.3515 15.104 19.74 16.3241L23.7005 11.8169C21.2724 9.68336 18.0815 8.37303 14.6009 8.37303V14.373ZM18.8577 13.1728C17.4196 17.759 16.5184 22.5343 16.5184 25.5164H22.5184C22.5184 23.3952 23.2319 19.2762 24.5828 14.9681L18.8577 13.1728ZM16.5184 25.5164C16.5184 27.8947 17.075 30.105 18.0865 32.1143L23.4458 29.4166C22.8425 28.2182 22.5184 26.9291 22.5184 25.5164H16.5184ZM19.1098 28.2642C17.7704 29.1511 16.2828 29.661 14.6743 29.661V35.661C17.6163 35.661 20.2388 34.7128 22.4225 33.2668L19.1098 28.2642ZM14.6743 29.661C10.2938 29.661 6.88525 26.1735 6.88525 22.017H0.885249C0.885249 29.5251 7.0181 35.661 14.6743 35.661L14.6743 29.661ZM15.5267 37.1129C18.3385 36.9327 20.8963 36.0271 23.083 34.5791L19.7703 29.5765C18.434 30.4614 16.8818 31.0138 15.143 31.1252L15.5267 37.1129ZM18.9177 33.7225C21.4601 37.6008 25.7534 40.3403 30.8057 40.6141L31.1303 34.6229C28.1092 34.4592 25.5034 32.8245 23.9356 30.433L18.9177 33.7225ZM27.968 37.6185V45.2005H33.968V37.6185H27.968ZM31.8248 42.3254C29.3834 41.5979 26.5985 41.1069 23.6285 41.1069V47.1069C25.943 47.1069 28.149 47.4908 30.1113 48.0755L31.8248 42.3254ZM23.6285 41.1069C20.2925 41.1069 17.0834 41.6708 14.3157 42.6705L16.354 48.3137C18.4304 47.5637 20.9462 47.1069 23.6285 47.1069V41.1069ZM18.3349 45.4921V34.1191H12.3349V45.4921H18.3349ZM39.2301 56.1711C39.3416 55.9774 39.5175 55.7907 39.7517 55.6565C39.9848 55.523 40.2268 55.469 40.436 55.469V61.469C42.0781 61.469 43.5929 60.6198 44.4309 59.163L39.2301 56.1711ZM40.436 55.469H3.95864V61.469H40.436V55.469ZM3.95864 55.469C4.01812 55.469 4.12611 55.4882 4.243 55.5665C4.3626 55.6466 4.44312 55.757 4.481 55.8548L-1.11421 58.0213C-0.281762 60.1711 1.74329 61.469 3.95864 61.469V55.469ZM4.54906 56.0503C4.34183 55.3814 4.29452 54.8991 4.35926 54.4489L-1.57963 53.5948C-1.80847 55.186 -1.5622 56.5992 -1.18227 57.8257L4.54906 56.0503ZM4.35926 54.4489C4.53763 53.2087 5.56413 52.2048 6.74091 52.0329L5.87366 46.0959C2.05958 46.653 -1.02405 49.7317 -1.57963 53.5948L4.35926 54.4489ZM6.89185 52.0069C6.93408 51.9985 6.95403 51.9915 7.33482 51.9915V45.9915C6.98166 45.9915 6.41445 45.9845 5.72273 46.1219L6.89185 52.0069ZM7.33482 51.9915C7.9164 51.9915 8.33572 52.1091 8.69318 52.3163L11.7013 47.1248C10.2972 46.3113 8.80829 45.9915 7.33482 45.9915V51.9915ZM8.71633 52.3295L9.2301 52.6212L12.1919 47.4031L11.6781 47.1115L8.71633 52.3295ZM12.8252 52.1406L13.1922 51.7761L8.96378 47.5192L8.5968 47.8837L12.8252 52.1406ZM13.1922 51.7761C14.9259 50.0539 18.8015 48.565 23.4817 48.565V42.565C17.8867 42.565 12.2209 44.2838 8.96378 47.5192L13.1922 51.7761ZM23.4817 48.565C26.6517 48.565 29.4926 49.2355 31.5392 50.2371C33.6977 51.2935 34.4362 52.4218 34.5636 53.0316L40.4368 51.8044C39.7568 48.5502 37.0458 46.2521 34.1767 44.8479C31.1958 43.389 27.4311 42.565 23.4817 42.565V48.565ZM34.5416 52.9144L34.615 53.3518L40.5322 52.359L40.4588 51.9215L34.5416 52.9144ZM36.6306 55.7034L37.071 55.8492L38.9569 50.1533L38.5165 50.0075L36.6306 55.7034ZM37.0288 55.8349C37.7832 56.0971 38.5671 56.7059 39.1158 57.6143L44.2516 54.5121C43.0389 52.5043 41.1806 50.926 38.9991 50.1676L37.0288 55.8349ZM39.4124 58.0231C39.3238 57.9204 39.1222 57.6346 39.075 57.1656C39.0238 56.657 39.1839 56.209 39.3949 55.9156L44.2662 59.4185C44.8441 58.6148 45.151 57.62 45.0448 56.5646C44.9425 55.5489 44.484 54.7163 43.955 54.1033L39.4124 58.0231Z\" fill=\"#4546A3\" fill-opacity=\"0.5\" mask=\"url(#path-1-inside-1)\"/>\r\n</svg>\r\n'),
(5, 'gym', '<svg width=\"47\" height=\"64\" viewBox=\"0 0 47 64\" fill=\"none\" xmlns=\"http://www.w3.org/2000/svg\">\r\n<path d=\"M23.2285 26.984C30.1075 26.984 35.6841 21.3911 35.6841 14.492C35.6841 7.59285 30.1075 2 23.2285 2C16.3494 2 10.7728 7.59285 10.7728 14.492C10.7728 21.3911 16.3494 26.984 23.2285 26.984Z\" stroke=\"#4546A3\" stroke-opacity=\"0.5\" stroke-width=\"2.5\" stroke-miterlimit=\"10\" stroke-linecap=\"round\" stroke-linejoin=\"round\"/>\r\n<path d=\"M23.2284 19.0084C25.7155 19.0084 27.7316 16.9863 27.7316 14.492C27.7316 11.9977 25.7155 9.97571 23.2284 9.97571C20.7414 9.97571 18.7252 11.9977 18.7252 14.492C18.7252 16.9863 20.7414 19.0084 23.2284 19.0084Z\" stroke=\"#4546A3\" stroke-opacity=\"0.5\" stroke-width=\"2.5\" stroke-miterlimit=\"10\" stroke-linecap=\"round\" stroke-linejoin=\"round\"/>\r\n<path d=\"M6.26965 59.0787C16.4258 62.9224 30.3186 63.3068 40.4748 58.2139C43.2533 56.7725 44.7863 53.9858 45.1696 50.8148C46.4152 40.8212 38.846 26.3113 33.3846 21.1223\" stroke=\"#4546A3\" stroke-opacity=\"0.5\" stroke-width=\"2.5\" stroke-miterlimit=\"10\"/>\r\n<path d=\"M1 44.9533C8.18595 36.8816 22.2704 39.1878 28.115 42.3588C28.2108 42.3588 28.2108 42.3588 28.3066 42.3588C30.5103 39.0917 28.4024 32.0769 25.8155 26.7919\" stroke=\"#4546A3\" stroke-opacity=\"0.5\" stroke-width=\"2.5\" stroke-miterlimit=\"10\"/>\r\n</svg>\r\n');

-- --------------------------------------------------------

--
-- Table structure for table `sports`
--

CREATE TABLE `sports` (
  `id` int(11) NOT NULL,
  `sport` varchar(45) NOT NULL,
  `type_id` int(11) NOT NULL,
  `icon` text NOT NULL
) ENGINE=InnoDB DEFAULT CHARSET=utf8;

--
-- Dumping data for table `sports`
--

INSERT INTO `sports` (`id`, `sport`, `type_id`, `icon`) VALUES
(1, 'football', 2, '<svg width=\"60\" height=\"60\" viewBox=\"0 0 60 60\" fill=\"none\" xmlns=\"http://www.w3.org/2000/svg\">\r\n<g clip-path=\"url(#clip0)\">\r\n<path d=\"M53.2918 11.0857C47.5548 4.03386 39.0687 0 30 0C21.992 0 14.4472 3.12251 8.78486 8.78486C3.12251 14.4472 0 21.992 0 30C0 34.1833 0.851593 38.2321 2.50996 42.0269C5.00498 47.7341 9.33765 52.6195 14.7012 55.8018C19.3177 58.5508 24.6066 60 30 60C31.3147 60 32.6295 59.9104 33.9293 59.746C40.7122 58.8645 47.0468 55.6225 51.7829 50.6325C56.9373 45.1942 59.8506 38.0827 60 30.5827C60 30.3884 60.0149 30.1942 60.0149 30C60 23.1275 57.6096 16.4044 53.2918 11.0857ZM50.9014 11.9671L46.494 19.6016H35.5877L30.8217 11.3396L35.3635 2.91335C41.3695 4.09363 46.8377 7.24602 50.9014 11.9671ZM28.5956 31.763L33.6753 41.5189L28.8048 49.9602H18.0926L13.3267 41.6982L19.004 31.763H28.5956V31.763ZM14.1932 20.9612L19.0488 12.5498H28.76L33.6155 20.9612L28.76 29.3725H19.0488L14.1932 20.9612ZM30.747 30.7171L35.7819 21.992H46.3147L51.2301 30.493L45.6424 40.3536H35.7819L30.747 30.7171ZM30 2.39044C30.9562 2.39044 31.9124 2.43526 32.8536 2.53984L28.745 10.1594H19.0339L16.4343 5.9761C20.4233 3.69024 25.0697 2.39044 30 2.39044ZM14.3875 7.23108L16.9572 11.3695L12.1464 19.7211H4.37749C6.4243 14.6414 9.93526 10.3088 14.3875 7.23108ZM2.39044 30C2.39044 27.2659 2.79382 24.6066 3.54084 22.1116H12.1016L16.9572 30.5229L11.3396 40.3536H4.39243C3.06275 37.0667 2.39044 33.5857 2.39044 30ZM14.8954 53.1126C10.9512 50.5279 7.69422 46.9124 5.51295 42.744H11.1753L16.0309 51.1554L14.8954 53.1126ZM16.9422 54.3377L18.0926 52.3506H28.8048L31.8078 57.5498C26.6235 57.8934 21.4691 56.758 16.9422 54.3377ZM34.4074 57.2659L30.8815 51.1554L35.7371 42.744H45.4482L49.4223 49.6315C45.3287 53.6653 40.0548 56.3546 34.4074 57.2659ZM51.1106 47.7938L47.5996 41.7281L53.247 31.7779H57.5498C57.1763 37.6643 54.9353 43.2669 51.1106 47.7938ZM53.3217 29.3725L48.4661 20.9612L52.4851 13.999C55.6673 18.4811 57.4602 23.8596 57.5946 29.3725H53.3217V29.3725Z\" fill=\"#4546A3\" fill-opacity=\"0.5\"/>\r\n</g>\r\n<defs>\r\n<clipPath id=\"clip0\">\r\n<rect width=\"60\" height=\"60\" fill=\"white\"/>\r\n</clipPath>\r\n</defs>\r\n</svg>\r\n'),
(2, 'rugby', 2, '<svg width=\"60\" height=\"60\" viewBox=\"0 0 60 60\" fill=\"none\" xmlns=\"http://www.w3.org/2000/svg\">\r\n<g clip-path=\"url(#clip0)\">\r\n<path d=\"M59.8506 1.22204C59.8058 0.640963 59.3429 0.179081 58.7605 0.134383H58.6709C57.8646 0.0747848 50.6222 -0.387097 41.6625 1.13264C36.4957 1.99681 31.7322 3.36756 27.4763 5.17039C22.1752 7.4351 17.6505 10.4001 14.0219 14.0206C10.4081 17.6263 7.42156 22.1408 5.15177 27.445C3.32997 31.6914 1.97109 36.4592 1.10498 41.5995C-0.40323 50.5242 0.0447541 57.7654 0.104485 58.555V58.6444C0.149284 59.2255 0.612201 59.6874 1.19458 59.7321C1.32897 59.747 2.73266 59.8513 5.03231 59.8513C7.97407 59.8513 12.3792 59.6725 17.4265 58.8828C22.7277 58.0485 27.6406 56.7075 32.0159 54.8898C37.5261 52.6102 42.2001 49.5707 45.9183 45.8458C49.6366 42.1359 52.6978 37.4575 54.9825 31.9745C56.8043 27.6089 58.1483 22.707 58.9845 17.4177C60.4181 8.44826 59.8805 1.52003 59.8506 1.22204ZM3.46437 42.0018C5.37576 30.7676 9.49722 21.9173 15.7242 15.7192C21.9512 9.50612 30.8213 5.39388 42.0806 3.48675C47.0532 2.65239 51.4733 2.42889 54.4748 2.414C50.0099 5.20019 42.8123 10.0425 34.9576 16.6876C33.4046 15.5106 31.4783 14.8103 29.3877 14.8103C28.7307 14.8103 28.1931 15.3467 28.1931 16.0023C28.1931 16.6578 28.7307 17.1942 29.3877 17.1942C30.7466 17.1942 32.0308 17.5965 33.091 18.2968C31.8516 19.3844 30.5973 20.5019 29.328 21.679C27.8496 20.6658 26.0577 20.0549 24.1164 20.0549C23.4594 20.0549 22.9218 20.5913 22.9218 21.2469C22.9218 21.9024 23.4594 22.4388 24.1164 22.4388C25.3559 22.4388 26.5355 22.7815 27.536 23.3626C26.8342 24.0331 26.1324 24.7184 25.4305 25.4187C24.9377 25.9104 24.445 26.4021 23.9671 26.9087C22.5037 25.9104 20.7267 25.3442 18.8302 25.3442C18.1732 25.3442 17.6356 25.8806 17.6356 26.5362C17.6356 27.1917 18.1732 27.7281 18.8302 27.7281C20.0846 27.7281 21.2643 28.0708 22.2797 28.6668C12.7078 38.7984 5.91335 48.7512 2.3892 54.3683C2.40414 51.3586 2.62813 46.9633 3.46437 42.0018ZM56.6251 17.1197C55.3558 25.0909 52.1901 36.2506 44.2458 44.1771C36.3016 52.1036 25.1169 55.2623 17.1279 56.5287C11.095 57.4823 5.94321 57.527 3.28517 57.4525C6.28667 52.491 13.4544 41.4654 24.0866 30.2014C25.0423 31.3785 25.6246 32.8684 25.6246 34.4925C25.6246 35.148 26.1622 35.6844 26.8193 35.6844C27.4763 35.6844 28.0139 35.148 28.0139 34.4925C28.0139 32.1831 27.1627 30.0822 25.7441 28.4731C26.1921 28.0112 26.655 27.5493 27.1179 27.0874C27.8646 26.3425 28.6112 25.6124 29.3578 24.8972C30.3285 26.0743 30.9109 27.5791 30.9109 29.2181C30.9109 29.8736 31.4484 30.41 32.1055 30.41C32.7625 30.41 33.3001 29.8736 33.3001 29.2181C33.3001 26.9534 32.4639 24.8674 31.09 23.2583C32.3444 22.0961 33.5838 20.9787 34.8232 19.9059C35.6744 21.0383 36.1672 22.4388 36.1672 23.9586C36.1672 24.6141 36.7048 25.1505 37.3618 25.1505C38.0189 25.1505 38.5564 24.6141 38.5564 23.9586C38.5564 21.8429 37.8397 19.9059 36.6301 18.3564C45.5151 10.862 53.5042 5.72167 57.536 3.29306C57.6256 5.94516 57.5808 11.1004 56.6251 17.1197Z\" fill=\"#4546A3\" fill-opacity=\"0.5\"/>\r\n<path d=\"M18.3226 50.8966C17.5461 51.0158 16.7994 51.1498 16.0677 51.2839C14.5446 51.5521 13.0961 51.8203 11.8716 51.8799C11.2146 51.9097 10.7069 52.4759 10.7367 53.1315C10.7666 53.7721 11.3042 54.2638 11.9314 54.2638C11.9463 54.2638 11.9761 54.2638 11.9911 54.2638C13.3649 54.1893 14.888 53.9211 16.4859 53.6381C17.2026 53.504 17.9343 53.3848 18.681 53.2656C19.338 53.1613 19.7711 52.5504 19.6665 51.9097C19.5919 51.2392 18.9796 50.7923 18.3226 50.8966Z\" fill=\"#4546A3\" fill-opacity=\"0.5\"/>\r\n<path d=\"M40.1244 41.1373C35.3758 45.8753 28.671 48.3635 25.102 49.4214C24.4748 49.6151 24.1164 50.2707 24.2956 50.8964C24.445 51.4179 24.9228 51.7457 25.4455 51.7457C25.5649 51.7457 25.6695 51.7308 25.7889 51.701C29.5819 50.5835 36.7048 47.9314 41.8267 42.8209C42.2897 42.3591 42.2897 41.5992 41.8267 41.1373C41.3489 40.6754 40.6023 40.6754 40.1244 41.1373Z\" fill=\"#4546A3\" fill-opacity=\"0.5\"/>\r\n</g>\r\n<defs>\r\n<clipPath id=\"clip0\">\r\n<rect width=\"60\" height=\"60\" fill=\"white\"/>\r\n</clipPath>\r\n</defs>\r\n</svg>\r\n'),
(3, 'tennis', 2, './assets/img/tennis.svg'),
(4, 'volleyball', 2, '<svg width=\"60\" height=\"60\" viewBox=\"0 0 60 60\" fill=\"none\" xmlns=\"http://www.w3.org/2000/svg\">\r\n<path d=\"M21.3197 33.1674C21.5139 32.9283 21.7081 32.6893 21.8874 32.4502C22.0219 32.271 22.1713 32.0917 22.3207 31.8975C21.992 32.3158 21.6484 32.7341 21.3197 33.1674Z\" fill=\"#4546A3\" fill-opacity=\"0.5\"/>\r\n<path d=\"M22.3207 31.8975C22.3357 31.8825 21.4243 33.018 21.2749 33.2122C21.3496 33.1226 21.6484 32.7491 22.3207 31.8975Z\" fill=\"#4546A3\" fill-opacity=\"0.5\"/>\r\n<path d=\"M51.2151 8.78486C45.5528 3.12251 38.008 0 30 0C21.992 0 14.4472 3.12251 8.78486 8.78486C3.12251 14.4472 0 21.992 0 30C0 38.008 3.12251 45.5528 8.78486 51.2151C14.4472 56.8775 21.992 60 30 60C38.008 60 45.5528 56.8775 51.2151 51.2151C56.8775 45.5528 60 38.008 60 30C60 21.992 56.8775 14.4472 51.2151 8.78486ZM57.5946 29.4024C56.4442 27.9532 55.2191 26.5339 53.9492 25.1444C53.994 25.0249 54.0239 24.9054 54.0239 24.7709C54.1434 18.6902 49.751 12.0269 46.1952 7.6494C52.9482 12.5647 57.4153 20.4681 57.5946 29.4024ZM39.9203 4.24303C39.9801 4.36255 40.0548 4.48207 40.1594 4.57171C40.2639 4.6763 50.0647 14.1335 51.4542 22.5896C49.5269 20.6773 47.495 18.8695 45.4333 17.2261C45.4183 17.2112 45.4183 17.2112 45.4034 17.2112C44.2082 14.8954 42.7291 12.6544 41.0259 10.5478C40.1145 9.42729 39.1434 8.33665 38.1126 7.32072C37.1116 6.31972 36.0508 5.36355 34.9452 4.46713C34.1086 3.77988 33.242 3.13745 32.3456 2.5249C35.005 2.71912 37.5448 3.31673 39.9203 4.24303ZM39.6663 12.6394C40.8466 14.1633 41.9074 15.747 42.8187 17.3904C40.9661 18.0329 39.1584 18.7948 37.4104 19.6614C35.6026 20.5578 33.6753 21.5438 32.0767 22.8137C28.1474 25.503 24.8755 28.7898 21.8875 32.4502C19.6614 35.3337 17.7938 38.4861 16.3297 41.8177C14.6564 40.7869 13.0428 39.6215 11.504 38.3068C16.3297 25.7869 26.7729 16.2699 39.6663 12.6394ZM9.60657 36.5886C9.47211 36.4542 9.35259 36.3347 9.21813 36.2002C7.94821 34.9303 6.75299 33.5558 5.67729 32.1365C10.5627 19.6912 21.0508 10.2341 33.9143 6.67829C34.7809 7.41036 35.6325 8.18725 36.4392 8.99402C36.9771 9.53187 37.5 10.0847 38.008 10.6524C31.6882 12.5946 25.8018 15.9562 20.9014 20.4382C16.001 24.9203 12.1165 30.4631 9.60657 36.5886ZM27.7888 2.48008C29.0886 3.18227 30.3586 3.98904 31.5986 4.87052C19.2878 8.81474 9.21813 17.9283 4.06375 29.8058C3.51096 28.9542 3.00299 28.0727 2.53984 27.2062C3.86952 14.0139 14.5219 3.54084 27.7888 2.48008ZM4.21315 39.5767C4.16833 39.5319 4.10857 39.4721 4.0488 39.4422C3.16733 37.007 2.61454 34.4074 2.4502 31.7181C2.749 32.1663 3.04781 32.5996 3.37649 33.0329C4.63147 34.7361 6.03586 36.3795 7.54482 37.9034C8.11255 38.4711 8.69522 39.0239 9.30777 39.5618C11.4442 41.4741 13.745 43.1325 16.1504 44.492C17.7938 46.6434 19.6016 48.7351 21.5289 50.752C13.252 48.9293 4.30279 39.6813 4.21315 39.5767ZM7.14143 45.4781C11.4442 49.004 18.0627 53.4412 24.1584 53.4412C24.1733 53.4412 24.2032 53.4412 24.2181 53.4412C25.757 54.9054 27.3556 56.2948 28.9841 57.5946C19.9004 57.251 11.9373 52.5299 7.14143 45.4781ZM39.502 55.9213C39.3078 55.996 39.1135 56.0558 38.9044 56.1305C38.8894 56.1305 38.8894 56.1305 38.8745 56.1454C36.8875 56.8177 34.8257 57.2659 32.7341 57.4751C29.8506 55.3536 27.0418 52.9333 24.3974 50.2888C22.1863 48.0777 20.1245 45.747 18.257 43.3416C18.2719 43.3267 18.2719 43.2968 18.2869 43.2819C19.6016 40.1743 21.2898 37.246 23.3068 34.5269C25.8616 37.3954 28.6106 40.3088 31.494 43.1922C35.4831 47.1813 39.4721 50.8715 43.3416 54.1584C42.1315 54.8307 40.8466 55.4283 39.502 55.9213ZM51.4841 44.3128C51.8875 44.7908 52.2908 45.254 52.6793 45.7171C50.7371 48.496 48.3018 50.9163 45.508 52.8287C41.5339 49.497 37.2908 45.5827 33.1972 41.504C30.239 38.5458 27.4153 35.5428 24.8008 32.5996C27.1165 29.8207 29.7759 27.3556 32.7191 25.249C35.5727 27.7888 38.4562 30.5229 41.3247 33.3765C44.3128 36.3645 47.2112 39.4422 49.8556 42.4303L51.4841 44.3128ZM51.0807 40.2191C48.5707 37.4104 45.8665 34.5568 43.0129 31.6882C40.2789 28.9542 37.5149 26.3396 34.7809 23.8894C37.7689 21.992 40.9811 20.498 44.3426 19.4074C44.3426 19.4074 44.3426 19.4074 44.3576 19.4074C46.3297 21.006 48.2719 22.754 50.1096 24.6066C52.8137 27.3108 55.2789 30.1793 57.4303 33.1375C56.997 36.9173 55.8167 40.4582 54.0239 43.6255C53.6205 43.1474 53.2022 42.6544 52.7839 42.1763L51.0807 40.2191Z\" fill=\"#4546A3\" fill-opacity=\"0.5\"/>\r\n<path d=\"M21.2749 33.2122C21.2749 33.227 21.26 33.227 21.2749 33.2122C21.26 33.227 21.2749 33.227 21.2749 33.2122Z\" fill=\"#4546A3\" fill-opacity=\"0.5\"/>\r\n<path d=\"M21.2599 33.2271C21.2451 33.2419 21.2451 33.2419 21.2599 33.2271V33.2271Z\" fill=\"#4546A3\" fill-opacity=\"0.5\"/>\r\n</svg>\r\n'),
(5, 'ping pong', 2, '<svg width=\"60\" height=\"60\" viewBox=\"0 0 60 60\" fill=\"none\" xmlns=\"http://www.w3.org/2000/svg\">\r\n<g clip-path=\"url(#clip0)\">\r\n<path d=\"M52.8471 7.10753C43.3797 -2.32381 27.984 -2.32381 18.5166 7.12243C11.5878 14.0358 9.51214 24.3611 13.2155 33.4199C14.1712 35.774 13.6336 38.4559 11.8267 40.2588L0.343403 51.7015C-0.119513 52.1634 -0.119513 52.9233 0.343403 53.3851L6.48079 59.5088C6.71971 59.7472 7.01837 59.8515 7.33195 59.8515C7.63061 59.8515 7.9442 59.7323 8.18312 59.5088L19.6515 48.0661C21.4584 46.2632 24.1612 45.7268 26.5654 46.6953C35.6296 50.3606 45.9482 48.2746 52.8621 41.3762C57.4464 36.8021 59.9701 30.7082 59.9701 24.2419C59.9701 17.7755 57.4464 11.6817 52.8471 7.10753ZM51.1747 39.6926C46.9785 43.8793 41.3937 46.0993 35.7043 46.0993C32.9417 46.0993 30.1343 45.5779 27.4614 44.4902C24.1762 43.1641 20.443 43.9091 17.9641 46.3824L7.33195 56.9908L2.88198 52.5508L13.5141 41.9424C16.0079 39.4542 16.7546 35.7591 15.4255 32.526C12.0806 24.3462 13.9621 15.0489 20.219 8.80606C28.7456 0.298492 42.6331 0.283593 51.1597 8.79117C55.2961 12.9183 57.5808 18.4013 57.5808 24.2419C57.5808 30.0824 55.311 35.5654 51.1747 39.6926Z\" fill=\"#4546A3\" fill-opacity=\"0.5\"/>\r\n<path d=\"M49.6366 10.3253C45.9034 6.60043 40.9607 4.5592 35.6894 4.5592C30.4181 4.5592 25.4604 6.60043 21.7421 10.3253C18.0089 14.0501 15.9631 18.9818 15.9631 24.2413C15.9631 29.5008 18.0089 34.4475 21.7421 38.1574C25.5948 42.0015 30.6421 43.9086 35.6894 43.9086C40.7367 43.9086 45.7989 41.9866 49.6366 38.1574C53.3698 34.4326 55.4156 29.5008 55.4156 24.2413C55.4156 18.9818 53.3698 14.0501 49.6366 10.3253ZM47.9492 36.4887C41.1846 43.2381 30.1792 43.2381 23.4295 36.4887C20.1593 33.2257 18.3524 28.8751 18.3524 24.2562C18.3524 19.6374 20.1593 15.2868 23.4295 12.0238C26.6998 8.76084 31.0602 6.95801 35.6894 6.95801C40.3185 6.95801 44.6789 8.76084 47.9492 12.0238C51.2195 15.2868 53.0264 19.6374 53.0264 24.2562C53.0264 28.8751 51.2344 33.2108 47.9492 36.4887Z\" fill=\"#4546A3\" fill-opacity=\"0.5\"/>\r\n<path d=\"M33.8078 25.1801C30.1194 25.1801 27.1179 28.1748 27.1179 31.855C27.1179 35.5352 30.1194 38.5299 33.8078 38.5299C37.4962 38.5299 40.4977 35.5352 40.4977 31.855C40.4977 28.1748 37.4962 25.1801 33.8078 25.1801ZM33.8078 36.146C31.4335 36.146 29.5072 34.224 29.5072 31.855C29.5072 29.486 31.4335 27.564 33.8078 27.564C36.1821 27.564 38.1085 29.486 38.1085 31.855C38.1085 34.224 36.1821 36.146 33.8078 36.146Z\" fill=\"#4546A3\" fill-opacity=\"0.5\"/>\r\n</g>\r\n<defs>\r\n<clipPath id=\"clip0\">\r\n<rect width=\"60\" height=\"60\" fill=\"white\"/>\r\n</clipPath>\r\n</defs>\r\n</svg>\r\n'),
(6, 'kickbox', 1, '<svg width=\"60\" height=\"61\" viewBox=\"0 0 60 61\" fill=\"none\" xmlns=\"http://www.w3.org/2000/svg\">\r\n<path d=\"M57.1106 31.0664L52.6414 26.6235C52.7239 26.3421 52.7593 26.049 52.7593 25.7442V18.9332C52.7593 18.2885 52.2287 17.7609 51.5801 17.7609H43.6912L35.3779 0.668891C35.201 0.317203 34.8708 0.0710213 34.4817 0.0124067C34.0925 -0.0462079 33.7034 0.10619 33.4322 0.399263L25.0245 9.89484L17.1946 7.05789C16.8998 6.95238 16.5814 6.9641 16.2984 7.09306C16.0154 7.22201 15.7913 7.46819 15.6852 7.74954L13.3386 14.1503C13.1735 14.5957 13.1145 15.0529 13.1499 15.5101L11.7467 16.2252C8.62176 17.8195 6.23978 20.4924 5.03699 23.7748L0.579605 35.9666C-0.293004 38.3464 -0.175084 40.9254 0.89799 43.2114C1.97106 45.4974 3.88137 47.2441 6.27515 48.1116L19.0341 52.7304C19.7063 52.9766 20.3902 53.0938 21.0741 53.0938C23.3028 53.0938 25.39 51.8395 26.3923 49.7176L28.6446 44.9347V50.5617C28.6446 55.7901 32.9251 60.0338 38.1726 60.0338H47.7123C52.9716 60.0338 57.2403 55.7784 57.2403 50.5617V45.7553C58.9265 44.3368 59.9996 42.2267 59.9996 39.8704V38.0533C60.0232 35.4039 58.9855 32.9304 57.1106 31.0664ZM42.9483 20.0938C42.9601 20.0938 42.9601 20.0938 42.9483 20.0938H50.4009V22.2156H43.821C43.1724 22.2156 42.6418 22.7432 42.6418 23.3879C42.6418 24.0327 43.1724 24.5602 43.821 24.5602H50.4009V25.7442C50.4009 26.26 49.9764 26.6821 49.4575 26.6821H36.4391C35.9203 26.6821 35.4958 26.26 35.4958 25.7442V20.1055L42.9483 20.0938ZM34.0336 3.2831L41.0734 17.7492H34.3166C33.668 17.7492 33.1374 18.2767 33.1374 18.9215V25.4277L31.3686 21.6412C31.5455 21.4068 31.687 21.1371 31.7813 20.8558L34.1279 14.4551C34.352 13.8455 34.0336 13.1773 33.4204 12.9545L27.4065 10.7741L34.0336 3.2831ZM15.5555 14.9709L16.1215 13.4352L23.3028 16.0377C23.4325 16.0845 23.574 16.108 23.7038 16.108C24.1872 16.108 24.6353 15.8149 24.8122 15.3343C25.0363 14.7247 24.7179 14.0565 24.1047 13.8337L16.9233 11.2312L17.4894 9.6721L31.4983 14.7364L29.5526 20.0352C29.4701 20.2696 29.2932 20.4572 29.0691 20.5627C28.8451 20.6682 28.5857 20.6799 28.3498 20.5979L16.1097 16.1666C15.8739 16.0845 15.6852 15.9087 15.5791 15.686C15.4847 15.4632 15.4729 15.2053 15.5555 14.9709ZM28.6564 39.4014L24.2698 48.7095C23.4915 50.3741 21.593 51.1478 19.8596 50.5265L7.0888 45.9077C5.28462 45.2512 3.846 43.9499 3.04414 42.2267C2.24228 40.5034 2.14794 38.5691 2.8083 36.7755L7.26568 24.6071C8.25621 21.8874 10.2373 19.66 12.8315 18.3353L14.164 17.6554C14.4942 17.9719 14.8833 18.2181 15.3314 18.3822L27.5715 22.8135C27.9371 22.9425 28.3262 23.0128 28.7036 23.0128C28.9394 23.0128 29.1635 22.9893 29.3875 22.9425L31.3332 27.0924C31.5808 27.6199 31.7813 28.1709 31.9464 28.7219C29.812 31.1954 28.6564 34.3371 28.6564 37.6078V39.4014ZM57.6648 39.8586C57.6648 42.8128 55.2474 45.216 52.2758 45.216H50.3537C48.7146 45.216 47.3821 43.8913 47.3821 42.2618C47.3821 40.6324 48.7146 39.3077 50.3537 39.3077H52.4763C53.1249 39.3077 53.6555 38.7801 53.6555 38.1354C53.6555 37.4906 53.1249 36.9631 52.4763 36.9631H50.3537C47.4175 36.9631 45.0237 39.3428 45.0237 42.2618C45.0237 45.1809 47.4175 47.5606 50.3537 47.5606H52.2758C53.1956 47.5606 54.08 47.3965 54.8937 47.1034V50.5617C54.8937 54.4889 51.6744 57.6892 47.7241 57.6892H38.1844C34.234 57.6892 31.0148 54.4889 31.0148 50.5617V37.6078C31.0148 34.7123 32.1115 31.9457 34.0925 29.8238L35.1066 28.7336C35.5194 28.9211 35.9675 29.0149 36.4509 29.0149H49.4693C50.1179 29.0149 50.7075 28.8274 51.2263 28.5108L55.4479 32.7077C56.8747 34.1261 57.6648 36.0252 57.6648 38.0299V39.8586Z\" fill=\"#4546A3\" fill-opacity=\"0.5\"/>\r\n<path d=\"M39.8247 22.556C39.6005 22.3331 39.3056 22.2158 38.987 22.2158C38.6684 22.2158 38.3735 22.3448 38.1493 22.556C37.9251 22.7788 37.8071 23.0721 37.8071 23.3888C37.8071 23.6937 37.9369 23.9987 38.1493 24.2216C38.3735 24.4444 38.6684 24.5617 38.987 24.5617C39.3056 24.5617 39.6005 24.4327 39.8247 24.2216C40.0489 23.9987 40.1669 23.7055 40.1669 23.3888C40.1669 23.0838 40.0489 22.7788 39.8247 22.556Z\" fill=\"#4546A3\" fill-opacity=\"0.5\"/>\r\n<path d=\"M14.7191 43.6805L14.6837 43.6688C14.0702 43.4459 13.3977 43.7626 13.1735 44.3726C12.9493 44.9825 13.2679 45.6511 13.8814 45.8739L13.9168 45.8857C14.0466 45.9326 14.1882 45.956 14.318 45.956C14.8017 45.956 15.25 45.6628 15.427 45.1819C15.6512 44.572 15.3326 43.9034 14.7191 43.6805Z\" fill=\"#4546A3\" fill-opacity=\"0.5\"/>\r\n<path d=\"M10.5085 42.1567L8.69252 41.5002C8.07934 41.2775 7.58407 40.832 7.31285 40.2342C7.04164 39.648 7.00626 38.9798 7.23031 38.3702C7.45436 37.7606 7.13597 37.0924 6.52279 36.8697C5.9096 36.6469 5.23746 36.9635 5.01341 37.5731C4.5771 38.7688 4.63607 40.07 5.1785 41.2306C5.72093 42.3912 6.68788 43.2704 7.89066 43.7041L9.70664 44.3606C9.83635 44.4075 9.97785 44.431 10.1076 44.431C10.591 44.431 11.0391 44.1379 11.216 43.6573C11.4401 43.0594 11.1217 42.3795 10.5085 42.1567Z\" fill=\"#4546A3\" fill-opacity=\"0.5\"/>\r\n</svg>\r\n'),
(7, 'skiing', 1, '<svg width=\"60\" height=\"60\" viewBox=\"0 0 60 60\" fill=\"none\" xmlns=\"http://www.w3.org/2000/svg\">\r\n<g clip-path=\"url(#clip0)\">\r\n<path d=\"M50.7295 4.09611e-05C48.5899 -0.00728167 46.5647 0.967543 45.2366 2.64534C43.9084 4.32268 43.4238 6.51718 43.9217 8.59818C41.0329 6.81787 37.3332 7.0618 34.703 9.20596L27.8266 14.7927L16.6289 9.45905L17.1369 8.44532C17.3836 7.95104 17.1831 7.35059 16.6889 7.10345C16.1946 6.85677 15.5941 7.05722 15.347 7.5515L14.8202 8.59818L11.6678 7.09841C11.3424 6.91352 10.9411 6.92542 10.6276 7.12999C10.3141 7.33457 10.1411 7.69658 10.179 8.06912C10.217 8.4412 10.4596 8.76111 10.8083 8.89795L13.9255 10.3826L13.3424 11.5474C13.0957 12.0416 13.2962 12.6426 13.7905 12.8892C14.2848 13.1359 14.8852 12.9355 15.1323 12.4412L15.7319 11.2416L26.1067 16.1867L24.3602 17.6055C23.7511 18.103 23.2357 18.7057 22.8394 19.3849C21.4412 22.3309 22.4124 25.8567 25.1218 27.6709L34.6201 33.7537L24.7653 38.1358C23.125 38.842 22.1236 40.5203 22.2806 42.2987L9.75937 34.6635C9.45411 34.4731 9.07058 34.4612 8.75434 34.6324C8.43809 34.8036 8.23809 35.1313 8.23031 35.4905C8.22299 35.8503 8.4088 36.1857 8.71772 36.3702L45.4416 58.7655C48.3647 60.5632 52.091 60.3847 54.8288 58.3156C55.2704 57.9843 55.3597 57.3573 55.0283 56.9156C54.6974 56.474 54.0704 56.3843 53.6288 56.7156C51.5437 58.2891 48.708 58.4245 46.4823 57.0575L27.6604 45.5784C27.7254 45.5532 27.7955 45.5422 27.8604 45.5134L41.9236 39.2594C44.7011 38.0077 45.9798 34.7743 44.8105 31.961C44.3766 30.9189 43.6329 30.0347 42.6801 29.4288L35.1698 24.1299L37.7693 22.8302L41.2856 25.2755L44.3849 27.4343C45.9011 28.5221 47.9579 28.4599 49.4059 27.2823L52.805 28.8988C53.1276 29.0526 53.5075 29.0224 53.8018 28.8196C54.096 28.6173 54.2599 28.2732 54.2315 27.9171C54.2036 27.5606 53.9871 27.2466 53.6649 27.0933L50.5524 25.6114C50.7899 24.9839 50.8631 24.3066 50.7656 23.643C50.5981 22.5592 49.9949 21.5913 49.0956 20.9634L46.4302 19.113L46.7304 19.0499C47.8096 18.8165 48.4952 17.7528 48.2617 16.6737L47.6622 13.9089C47.6082 13.659 47.524 13.4201 47.448 13.178C50.0201 14.5455 53.1697 14.1767 55.3565 12.2526C57.5432 10.3282 58.3093 7.25082 57.28 4.52588C56.2512 1.80141 53.642 -0.00133204 50.7295 4.09611e-05V4.09611e-05ZM47.9482 22.6032C48.399 22.9167 48.7011 23.4022 48.7835 23.9455C48.8654 24.4883 48.7208 25.0416 48.383 25.4746C47.6608 26.308 46.4196 26.4471 45.5304 25.7945L43.103 24.1048L41.6375 23.0851L38.4201 20.8476H38.4151L37.4984 20.2096C37.0824 19.9208 36.7913 19.4842 36.6847 18.989L36.3016 17.2123C36.1886 16.6938 36.2865 16.1515 36.5739 15.7052C36.8609 15.259 37.3135 14.9451 37.832 14.8329L39.8609 14.394C40.4004 14.2773 40.7437 13.7455 40.627 13.2059C40.5107 12.6659 39.9785 12.3227 39.4389 12.4394L37.4105 12.8783C35.2531 13.3469 33.8819 15.4728 34.3451 17.6311L34.7277 19.4087C34.9066 20.216 35.3318 20.9473 35.9446 21.5025L33.8943 22.529C33.7767 22.5881 33.6719 22.6691 33.5854 22.7679C33.2032 23.2096 33.033 23.7954 33.1195 24.373C33.1986 24.9322 33.5149 25.4306 33.9872 25.7405L41.5716 31.0933C42.1963 31.4841 42.6851 32.0585 42.9711 32.7381C43.7217 34.5464 42.8998 36.6242 41.1144 37.4287L27.0476 43.6905C26.5456 43.9134 25.9744 43.9203 25.4673 43.7093C24.9602 43.4983 24.5625 43.0882 24.3671 42.5747C24.028 41.523 24.5557 40.3875 25.5781 39.9683L35.433 35.5802C36.1044 35.2814 36.5574 34.6374 36.6128 33.9043C36.6682 33.1711 36.3167 32.4667 35.6975 32.07L26.1996 25.9876C24.3721 24.7414 23.6952 22.3675 24.5909 20.3446C24.8627 19.892 25.2115 19.4901 25.622 19.1579L35.9639 10.7597C38.3465 8.81283 41.8178 8.99131 43.9881 11.1725C44.8553 12.0384 45.4535 13.1368 45.7107 14.335L46.3103 17.0993L44.8915 17.3995C44.3071 17.5245 43.8521 17.9853 43.735 18.5716C43.6178 19.1583 43.8599 19.7583 44.3519 20.0988L47.9482 22.6032ZM50.7295 11.9973C47.9688 11.9973 45.7304 9.75927 45.7304 6.99864C45.7304 4.23755 47.9688 1.99958 50.7295 1.99958C53.4901 1.99958 55.7285 4.23755 55.7285 6.99864C55.7249 9.7579 53.4887 11.994 50.7295 11.9973V11.9973Z\" fill=\"#4546A3\" fill-opacity=\"0.5\"/>\r\n<path d=\"M11.2381 27.9939C11.6843 27.9944 12.0765 27.6992 12.2001 27.2704C12.3232 26.8415 12.1475 26.3829 11.769 26.1463L3.77085 21.1473C3.30128 20.8548 2.68344 20.9981 2.39099 21.4672C2.09808 21.9367 2.24133 22.5546 2.7109 22.847L10.709 27.8461C10.8683 27.9436 11.0514 27.9948 11.2381 27.9939Z\" fill=\"#4546A3\" fill-opacity=\"0.5\"/>\r\n<path d=\"M9.70858 22.843L17.7067 27.8421C18.1758 28.1345 18.7937 27.9913 19.0861 27.5221C19.379 27.0526 19.2358 26.4352 18.7662 26.1423L10.7681 21.1437C10.299 20.8508 9.68112 20.994 9.38821 21.4636C9.09577 21.9327 9.23902 22.5505 9.70858 22.843Z\" fill=\"#4546A3\" fill-opacity=\"0.5\"/>\r\n</g>\r\n<defs>\r\n<clipPath id=\"clip0\">\r\n<rect width=\"60\" height=\"60\" fill=\"white\"/>\r\n</clipPath>\r\n</defs>\r\n</svg>\r\n');

-- --------------------------------------------------------

--
-- Table structure for table `types`
--

CREATE TABLE `types` (
  `id` int(11) NOT NULL,
  `name` varchar(45) NOT NULL,
  `icon` text NOT NULL
) ENGINE=InnoDB DEFAULT CHARSET=utf8;

--
-- Dumping data for table `types`
--

INSERT INTO `types` (`id`, `name`, `icon`) VALUES
(1, 'extreme sport', '<svg width=\"60\" height=\"60\" viewBox=\"0 0 60 60\" fill=\"none\" xmlns=\"http://www.w3.org/2000/svg\">\r\n<g clip-path=\"url(#clip0)\">\r\n<path d=\"M50.7295 4.09611e-05C48.5899 -0.00728167 46.5647 0.967543 45.2366 2.64534C43.9084 4.32268 43.4238 6.51718 43.9217 8.59818C41.0329 6.81787 37.3332 7.0618 34.703 9.20596L27.8266 14.7927L16.6289 9.45905L17.1369 8.44532C17.3836 7.95104 17.1831 7.35059 16.6889 7.10345C16.1946 6.85677 15.5941 7.05722 15.347 7.5515L14.8202 8.59818L11.6678 7.09841C11.3424 6.91352 10.9411 6.92542 10.6276 7.12999C10.3141 7.33457 10.1411 7.69658 10.179 8.06912C10.217 8.4412 10.4596 8.76111 10.8083 8.89795L13.9255 10.3826L13.3424 11.5474C13.0957 12.0416 13.2962 12.6426 13.7905 12.8892C14.2848 13.1359 14.8852 12.9355 15.1323 12.4412L15.7319 11.2416L26.1067 16.1867L24.3602 17.6055C23.7511 18.103 23.2357 18.7057 22.8394 19.3849C21.4412 22.3309 22.4124 25.8567 25.1218 27.6709L34.6201 33.7537L24.7653 38.1358C23.125 38.842 22.1236 40.5203 22.2806 42.2987L9.75937 34.6635C9.45411 34.4731 9.07058 34.4612 8.75434 34.6324C8.43809 34.8036 8.23809 35.1313 8.23031 35.4905C8.22299 35.8503 8.4088 36.1857 8.71772 36.3702L45.4416 58.7655C48.3647 60.5632 52.091 60.3847 54.8288 58.3156C55.2704 57.9843 55.3597 57.3573 55.0283 56.9156C54.6974 56.474 54.0704 56.3843 53.6288 56.7156C51.5437 58.2891 48.708 58.4245 46.4823 57.0575L27.6604 45.5784C27.7254 45.5532 27.7955 45.5422 27.8604 45.5134L41.9236 39.2594C44.7011 38.0077 45.9798 34.7743 44.8105 31.961C44.3766 30.9189 43.6329 30.0347 42.6801 29.4288L35.1698 24.1299L37.7693 22.8302L41.2856 25.2755L44.3849 27.4343C45.9011 28.5221 47.9579 28.4599 49.4059 27.2823L52.805 28.8988C53.1276 29.0526 53.5075 29.0224 53.8018 28.8196C54.096 28.6173 54.2599 28.2732 54.2315 27.9171C54.2036 27.5606 53.9871 27.2466 53.6649 27.0933L50.5524 25.6114C50.7899 24.9839 50.8631 24.3066 50.7656 23.643C50.5981 22.5592 49.9949 21.5913 49.0956 20.9634L46.4302 19.113L46.7304 19.0499C47.8096 18.8165 48.4952 17.7528 48.2617 16.6737L47.6622 13.9089C47.6082 13.659 47.524 13.4201 47.448 13.178C50.0201 14.5455 53.1697 14.1767 55.3565 12.2526C57.5432 10.3282 58.3093 7.25082 57.28 4.52588C56.2512 1.80141 53.642 -0.00133204 50.7295 4.09611e-05V4.09611e-05ZM47.9482 22.6032C48.399 22.9167 48.7011 23.4022 48.7835 23.9455C48.8654 24.4883 48.7208 25.0416 48.383 25.4746C47.6608 26.308 46.4196 26.4471 45.5304 25.7945L43.103 24.1048L41.6375 23.0851L38.4201 20.8476H38.4151L37.4984 20.2096C37.0824 19.9208 36.7913 19.4842 36.6847 18.989L36.3016 17.2123C36.1886 16.6938 36.2865 16.1515 36.5739 15.7052C36.8609 15.259 37.3135 14.9451 37.832 14.8329L39.8609 14.394C40.4004 14.2773 40.7437 13.7455 40.627 13.2059C40.5107 12.6659 39.9785 12.3227 39.4389 12.4394L37.4105 12.8783C35.2531 13.3469 33.8819 15.4728 34.3451 17.6311L34.7277 19.4087C34.9066 20.216 35.3318 20.9473 35.9446 21.5025L33.8943 22.529C33.7767 22.5881 33.6719 22.6691 33.5854 22.7679C33.2032 23.2096 33.033 23.7954 33.1195 24.373C33.1986 24.9322 33.5149 25.4306 33.9872 25.7405L41.5716 31.0933C42.1963 31.4841 42.6851 32.0585 42.9711 32.7381C43.7217 34.5464 42.8998 36.6242 41.1144 37.4287L27.0476 43.6905C26.5456 43.9134 25.9744 43.9203 25.4673 43.7093C24.9602 43.4983 24.5625 43.0882 24.3671 42.5747C24.028 41.523 24.5557 40.3875 25.5781 39.9683L35.433 35.5802C36.1044 35.2814 36.5574 34.6374 36.6128 33.9043C36.6682 33.1711 36.3167 32.4667 35.6975 32.07L26.1996 25.9876C24.3721 24.7414 23.6952 22.3675 24.5909 20.3446C24.8627 19.892 25.2115 19.4901 25.622 19.1579L35.9639 10.7597C38.3465 8.81283 41.8178 8.99131 43.9881 11.1725C44.8553 12.0384 45.4535 13.1368 45.7107 14.335L46.3103 17.0993L44.8915 17.3995C44.3071 17.5245 43.8521 17.9853 43.735 18.5716C43.6178 19.1583 43.8599 19.7583 44.3519 20.0988L47.9482 22.6032ZM50.7295 11.9973C47.9688 11.9973 45.7304 9.75927 45.7304 6.99864C45.7304 4.23755 47.9688 1.99958 50.7295 1.99958C53.4901 1.99958 55.7285 4.23755 55.7285 6.99864C55.7249 9.7579 53.4887 11.994 50.7295 11.9973V11.9973Z\" fill=\"#4546A3\" fill-opacity=\"0.5\"/>\r\n<path d=\"M11.2381 27.9939C11.6843 27.9944 12.0765 27.6992 12.2001 27.2704C12.3232 26.8415 12.1475 26.3829 11.769 26.1463L3.77085 21.1473C3.30128 20.8548 2.68344 20.9981 2.39099 21.4672C2.09808 21.9367 2.24133 22.5546 2.7109 22.847L10.709 27.8461C10.8683 27.9436 11.0514 27.9948 11.2381 27.9939Z\" fill=\"#4546A3\" fill-opacity=\"0.5\"/>\r\n<path d=\"M9.70858 22.843L17.7067 27.8421C18.1758 28.1345 18.7937 27.9913 19.0861 27.5221C19.379 27.0526 19.2358 26.4352 18.7662 26.1423L10.7681 21.1437C10.299 20.8508 9.68112 20.994 9.38821 21.4636C9.09577 21.9327 9.23902 22.5505 9.70858 22.843Z\" fill=\"#4546A3\" fill-opacity=\"0.5\"/>\r\n</g>\r\n<defs>\r\n<clipPath id=\"clip0\">\r\n<rect width=\"60\" height=\"60\" fill=\"white\"/>\r\n</clipPath>\r\n</defs>\r\n</svg>\r\n'),
(2, 'ball sports', '<svg width=\"60\" height=\"60\" viewBox=\"0 0 60 60\" fill=\"none\" xmlns=\"http://www.w3.org/2000/svg\">\r\n<g clip-path=\"url(#clip0)\">\r\n<path d=\"M53.2918 11.0857C47.5548 4.03386 39.0687 0 30 0C21.992 0 14.4472 3.12251 8.78486 8.78486C3.12251 14.4472 0 21.992 0 30C0 34.1833 0.851593 38.2321 2.50996 42.0269C5.00498 47.7341 9.33765 52.6195 14.7012 55.8018C19.3177 58.5508 24.6066 60 30 60C31.3147 60 32.6295 59.9104 33.9293 59.746C40.7122 58.8645 47.0468 55.6225 51.7829 50.6325C56.9373 45.1942 59.8506 38.0827 60 30.5827C60 30.3884 60.0149 30.1942 60.0149 30C60 23.1275 57.6096 16.4044 53.2918 11.0857ZM50.9014 11.9671L46.494 19.6016H35.5877L30.8217 11.3396L35.3635 2.91335C41.3695 4.09363 46.8377 7.24602 50.9014 11.9671ZM28.5956 31.763L33.6753 41.5189L28.8048 49.9602H18.0926L13.3267 41.6982L19.004 31.763H28.5956V31.763ZM14.1932 20.9612L19.0488 12.5498H28.76L33.6155 20.9612L28.76 29.3725H19.0488L14.1932 20.9612ZM30.747 30.7171L35.7819 21.992H46.3147L51.2301 30.493L45.6424 40.3536H35.7819L30.747 30.7171ZM30 2.39044C30.9562 2.39044 31.9124 2.43526 32.8536 2.53984L28.745 10.1594H19.0339L16.4343 5.9761C20.4233 3.69024 25.0697 2.39044 30 2.39044ZM14.3875 7.23108L16.9572 11.3695L12.1464 19.7211H4.37749C6.4243 14.6414 9.93526 10.3088 14.3875 7.23108ZM2.39044 30C2.39044 27.2659 2.79382 24.6066 3.54084 22.1116H12.1016L16.9572 30.5229L11.3396 40.3536H4.39243C3.06275 37.0667 2.39044 33.5857 2.39044 30ZM14.8954 53.1126C10.9512 50.5279 7.69422 46.9124 5.51295 42.744H11.1753L16.0309 51.1554L14.8954 53.1126ZM16.9422 54.3377L18.0926 52.3506H28.8048L31.8078 57.5498C26.6235 57.8934 21.4691 56.758 16.9422 54.3377ZM34.4074 57.2659L30.8815 51.1554L35.7371 42.744H45.4482L49.4223 49.6315C45.3287 53.6653 40.0548 56.3546 34.4074 57.2659ZM51.1106 47.7938L47.5996 41.7281L53.247 31.7779H57.5498C57.1763 37.6643 54.9353 43.2669 51.1106 47.7938ZM53.3217 29.3725L48.4661 20.9612L52.4851 13.999C55.6673 18.4811 57.4602 23.8596 57.5946 29.3725H53.3217V29.3725Z\" fill=\"#4546A3\" fill-opacity=\"0.5\"/>\r\n</g>\r\n<defs>\r\n<clipPath id=\"clip0\">\r\n<rect width=\"60\" height=\"60\" fill=\"white\"/>\r\n</clipPath>\r\n</defs>\r\n</svg>\r\n');

--
-- Indexes for dumped tables
--

--
-- Indexes for table `activities`
--
ALTER TABLE `activities`
  ADD PRIMARY KEY (`id`);

--
-- Indexes for table `activities_have_focuses`
--
ALTER TABLE `activities_have_focuses`
  ADD PRIMARY KEY (`id`);

--
-- Indexes for table `focuses`
--
ALTER TABLE `focuses`
  ADD PRIMARY KEY (`id`);

--
-- Indexes for table `friends`
--
ALTER TABLE `friends`
  ADD PRIMARY KEY (`id`);

--
-- Indexes for table `locations`
--
ALTER TABLE `locations`
  ADD PRIMARY KEY (`id`);

--
-- Indexes for table `sports`
--
ALTER TABLE `sports`
  ADD PRIMARY KEY (`id`);

--
-- Indexes for table `types`
--
ALTER TABLE `types`
  ADD PRIMARY KEY (`id`);

--
-- AUTO_INCREMENT for dumped tables
--

--
-- AUTO_INCREMENT for table `activities`
--
ALTER TABLE `activities`
  MODIFY `id` int(11) NOT NULL AUTO_INCREMENT, AUTO_INCREMENT=55;

--
-- AUTO_INCREMENT for table `activities_have_focuses`
--
ALTER TABLE `activities_have_focuses`
  MODIFY `id` int(11) NOT NULL AUTO_INCREMENT, AUTO_INCREMENT=19;

--
-- AUTO_INCREMENT for table `focuses`
--
ALTER TABLE `focuses`
  MODIFY `id` int(11) NOT NULL AUTO_INCREMENT, AUTO_INCREMENT=5;

--
-- AUTO_INCREMENT for table `friends`
--
ALTER TABLE `friends`
  MODIFY `id` int(11) NOT NULL AUTO_INCREMENT, AUTO_INCREMENT=7;

--
-- AUTO_INCREMENT for table `locations`
--
ALTER TABLE `locations`
  MODIFY `id` int(11) NOT NULL AUTO_INCREMENT, AUTO_INCREMENT=6;

--
-- AUTO_INCREMENT for table `sports`
--
ALTER TABLE `sports`
  MODIFY `id` int(11) NOT NULL AUTO_INCREMENT, AUTO_INCREMENT=8;

--
-- AUTO_INCREMENT for table `types`
--
ALTER TABLE `types`
  MODIFY `id` int(11) NOT NULL AUTO_INCREMENT, AUTO_INCREMENT=3;

/*!40101 SET CHARACTER_SET_CLIENT=@OLD_CHARACTER_SET_CLIENT */;
/*!40101 SET CHARACTER_SET_RESULTS=@OLD_CHARACTER_SET_RESULTS */;
/*!40101 SET COLLATION_CONNECTION=@OLD_COLLATION_CONNECTION */;
