-- phpMyAdmin SQL Dump
-- version 4.8.3
-- https://www.phpmyadmin.net/
--
-- Host: localhost:8889
-- Generation Time: Nov 30, 2019 at 08:09 PM
-- Server version: 5.7.23
-- PHP Version: 7.2.10

SET SQL_MODE = "NO_AUTO_VALUE_ON_ZERO";
SET time_zone = "+00:00";


/*!40101 SET @OLD_CHARACTER_SET_CLIENT=@@CHARACTER_SET_CLIENT */;
/*!40101 SET @OLD_CHARACTER_SET_RESULTS=@@CHARACTER_SET_RESULTS */;
/*!40101 SET @OLD_COLLATION_CONNECTION=@@COLLATION_CONNECTION */;
/*!40101 SET NAMES utf8mb4 */;

--
-- Database: `sportsplanner`
--

-- --------------------------------------------------------

--
-- Table structure for table `activities`
--

CREATE TABLE `activities` (
  `id` int(11) NOT NULL,
  `sport_id` int(11) NOT NULL,
  `date` date NOT NULL,
  `starthour` time NOT NULL,
  `endhour` time NOT NULL,
  `location_id` int(11) NOT NULL,
  `intensity` enum('light','medium','hard','') NOT NULL,
  `timestamp` timestamp NOT NULL DEFAULT CURRENT_TIMESTAMP
) ENGINE=InnoDB DEFAULT CHARSET=utf8;

--
-- Dumping data for table `activities`
--

INSERT INTO `activities` (`id`, `sport_id`, `date`, `starthour`, `endhour`, `location_id`, `intensity`, `timestamp`) VALUES
(1, 1, '2019-11-22', '10:00:00', '11:00:00', 2, 'light', '2019-11-20 13:33:27'),
(2, 5, '2019-11-30', '12:00:00', '12:40:00', 5, 'light', '2019-11-20 20:34:23'),
(3, 2, '2019-11-28', '14:45:00', '16:00:00', 4, 'hard', '2019-11-24 16:23:52'),
(4, 6, '2019-11-28', '19:30:00', '20:30:00', 5, 'medium', '2019-11-24 16:24:49'),
(5, 1, '2019-12-02', '13:30:00', '13:30:00', 1, 'light', '2019-11-26 21:46:38'),
(6, 1, '2019-12-02', '13:30:00', '13:30:00', 1, 'light', '2019-11-26 21:46:49'),
(7, 3, '2019-12-07', '13:30:00', '13:30:00', 1, 'hard', '2019-11-26 21:48:46'),
(9, 6, '2019-12-07', '13:30:00', '13:30:00', 2, 'light', '2019-11-27 07:02:37'),
(26, 2, '2019-12-05', '13:30:00', '14:00:00', 2, 'medium', '2019-11-27 08:46:09'),
(27, 2, '2019-12-08', '13:30:00', '14:00:00', 2, 'medium', '2019-11-27 08:46:49'),
(28, 2, '2019-12-05', '20:30:00', '21:00:00', 3, 'medium', '2019-11-27 08:58:29'),
(32, 1, '2019-12-02', '13:30:00', '14:00:00', 1, 'hard', '2019-11-27 13:37:29'),
(38, 2, '2019-12-05', '13:30:00', '14:30:00', 3, 'hard', '2019-11-27 14:40:42'),
(39, 2, '2019-12-05', '13:30:00', '14:30:00', 3, 'hard', '2019-11-27 14:41:36'),
(41, 2, '2019-12-03', '13:30:00', '14:00:00', 2, 'medium', '2019-11-29 12:52:27'),
(43, 2, '2019-12-05', '13:30:00', '14:00:00', 2, 'medium', '2019-11-29 12:53:53'),
(44, 2, '2019-12-05', '13:30:00', '14:00:00', 2, 'medium', '2019-11-29 12:54:26'),
(45, 2, '2019-12-05', '13:30:00', '14:00:00', 2, 'hard', '2019-11-29 12:54:46'),
(46, 2, '2019-12-05', '13:30:00', '14:00:00', 2, 'hard', '2019-11-29 13:06:24'),
(53, 1, '2019-11-29', '13:30:00', '14:30:00', 1, 'medium', '2019-11-29 13:28:11'),
(54, 2, '2019-11-29', '18:30:00', '19:00:00', 3, 'hard', '2019-11-29 13:56:58'),
(55, 1, '2019-12-03', '13:30:00', '13:30:00', 1, 'medium', '2019-11-30 16:40:49'),
(56, 2, '2019-12-03', '13:30:00', '13:30:00', 2, 'medium', '2019-11-30 16:41:05'),
(57, 1, '2019-12-03', '13:30:00', '13:30:00', 1, 'medium', '2019-11-30 16:46:33');

-- --------------------------------------------------------

--
-- Table structure for table `activities_have_focuses`
--

CREATE TABLE `activities_have_focuses` (
  `id` int(11) NOT NULL,
  `activity_id` int(11) NOT NULL,
  `focus_id` int(11) NOT NULL
) ENGINE=InnoDB DEFAULT CHARSET=utf8;

--
-- Dumping data for table `activities_have_focuses`
--

INSERT INTO `activities_have_focuses` (`id`, `activity_id`, `focus_id`) VALUES
(1, 1, 2),
(2, 1, 3),
(3, 2, 4),
(4, 2, 1),
(5, 2, 2),
(6, 3, 2),
(7, 4, 1),
(8, 4, 4),
(9, 5, 3),
(10, 5, 2),
(11, 51, 3),
(12, 52, 3),
(13, 53, 1),
(14, 53, 3),
(15, 53, 4),
(16, 54, 1),
(17, 54, 2),
(18, 54, 3),
(19, 55, 1),
(20, 55, 3),
(21, 56, 2),
(22, 56, 3),
(23, 57, 1),
(24, 57, 4);

-- --------------------------------------------------------

--
-- Table structure for table `focuses`
--

CREATE TABLE `focuses` (
  `id` int(11) NOT NULL,
  `name` varchar(45) NOT NULL
) ENGINE=InnoDB DEFAULT CHARSET=utf8;

--
-- Dumping data for table `focuses`
--

INSERT INTO `focuses` (`id`, `name`) VALUES
(1, 'flexibility'),
(2, 'endurance'),
(3, 'coordination'),
(4, 'strength');

-- --------------------------------------------------------

--
-- Table structure for table `friends`
--

CREATE TABLE `friends` (
  `id` int(11) NOT NULL,
  `firstname` varchar(45) NOT NULL,
  `activity_id` int(11) NOT NULL
) ENGINE=InnoDB DEFAULT CHARSET=utf8;

--
-- Dumping data for table `friends`
--

INSERT INTO `friends` (`id`, `firstname`, `activity_id`) VALUES
(1, 'Lien', 1),
(2, 'Sarah', 3),
(3, 'Lieselot', 4),
(4, 'Mathias', 2),
(5, 'mama', 5),
(6, 'papa', 2),
(7, 'Lieselot', 55),
(8, 'Lien', 55),
(9, 'Lien', 55),
(10, 'Lien', 55),
(11, 'Lien', 55),
(12, 'Lieselot', 56),
(13, 'Lien', 56),
(14, 'Lien', 56),
(15, 'Lien', 56),
(16, 'Lien', 56),
(17, 'Lieselot', 57),
(18, 'Lien', 57),
(19, 'Lien', 57),
(20, 'Lien', 57),
(21, 'Lien', 57),
(22, 'dfghbjn', 57);

-- --------------------------------------------------------

--
-- Table structure for table `locations`
--

CREATE TABLE `locations` (
  `id` int(11) NOT NULL,
  `location` varchar(45) NOT NULL,
  `icon` text NOT NULL
) ENGINE=InnoDB DEFAULT CHARSET=utf8;

--
-- Dumping data for table `locations`
--

INSERT INTO `locations` (`id`, `location`, `icon`) VALUES
(1, 'sports hall', '<svg width=\"60\" height=\"60\" viewBox=\"0 0 60 60\" fill=\"none\" xmlns=\"http://www.w3.org/2000/svg\">\r\n<path d=\"M58.7289 56.7261H1.27105C0.569113 56.7261 0 56.157 0 55.4551C0 54.7531 0.569113 54.184 1.27105 54.184H58.7289C59.4309 54.184 60 54.7531 60 55.4551C60 56.157 59.4309 56.7261 58.7289 56.7261ZM56.3977 50.9328C55.6957 50.9328 55.1266 50.3637 55.1266 49.6618V21.5739H44.8775C44.1756 21.5739 43.6065 21.0048 43.6065 20.3028C43.6065 19.6009 44.1756 19.0318 44.8775 19.0318H56.398C57.0999 19.0318 57.669 19.6009 57.669 20.3028C57.669 20.3125 57.6689 20.3221 57.6687 20.3316V49.6618C57.6687 50.3637 57.0996 50.9328 56.3977 50.9328ZM50.0629 50.9328H9.93692C9.23499 50.9328 8.66587 50.3637 8.66587 49.6618V31.5898C8.66587 30.8878 9.23499 30.3187 9.93692 30.3187H50.0629C50.7649 30.3187 51.334 30.8878 51.334 31.5898V49.6618C51.334 50.3637 50.7649 50.9328 50.0629 50.9328ZM41.3025 48.3907H48.7919V32.8608H41.3025V48.3907ZM31.2711 48.3907H38.7606V32.8608H31.2711V48.3907ZM21.2396 48.3907H28.7289V32.8608H21.2396V48.3907ZM11.208 48.3907H18.6975V32.8608H11.208V48.3907ZM3.60184 50.9328C2.8999 50.9328 2.33079 50.3637 2.33079 49.6618V20.3221C2.33079 20.3157 2.33063 20.3092 2.33063 20.3028C2.33063 19.6009 2.89975 19.0318 3.60168 19.0318H15.1222C15.8241 19.0318 16.3932 19.6009 16.3932 20.3028C16.3932 21.0048 15.8241 21.5739 15.1222 21.5739H4.87289V49.6618C4.87289 50.3637 4.30394 50.9328 3.60184 50.9328ZM30 26.7445C23.5291 26.7445 18.2647 21.4802 18.2647 15.0092C18.2647 8.5383 23.5291 3.27393 30 3.27393C36.4709 3.27393 41.7351 8.5383 41.7351 15.0092C41.7351 21.4802 36.4708 26.7445 30 26.7445ZM28.5321 24.0853C29.0102 24.1622 29.5006 24.2024 30 24.2024C31.7939 24.2024 33.4697 23.6857 34.8859 22.7938C34.5388 20.8944 33.8718 19.0965 32.9414 17.4605C30.8746 19.1452 29.31 21.4376 28.5321 24.0853ZM21.2698 17.8923C22.0664 20.2989 23.8325 22.268 26.1031 23.3351C27.0547 20.1233 28.9808 17.3526 31.5205 15.3434C31.0019 14.6819 30.436 14.0594 29.8273 13.4805C27.5326 15.7561 24.5609 17.3327 21.2698 17.8923ZM35.057 16.0451C35.932 17.5491 36.612 19.1754 37.0634 20.8872C38.3926 19.2925 39.193 17.2428 39.193 15.0092C39.193 14.8812 39.1903 14.7541 39.1853 14.6273C37.7194 14.8731 36.3286 15.3589 35.057 16.0451ZM22.7056 9.41994C21.5153 10.9698 20.8068 12.9087 20.8068 15.0094C20.8068 15.1371 20.8095 15.2646 20.8146 15.3912C23.5033 14.9403 25.9401 13.6819 27.8489 11.8608C26.3027 10.776 24.5691 9.94139 22.7056 9.41994ZM31.4847 11.5537C32.2641 12.2857 32.9833 13.0795 33.6352 13.9272C35.1965 13.0528 36.9145 12.4347 38.7301 12.1262C37.9333 9.71975 36.1671 7.75041 33.8969 6.68352C33.3707 8.45982 32.5461 10.1015 31.4847 11.5537ZM24.8057 7.42772C26.4989 8.04657 28.0828 8.89499 29.5207 9.93328C30.3758 8.735 31.0407 7.38784 31.4679 5.93312C30.9898 5.85623 30.4992 5.81603 30 5.81603C28.074 5.81603 26.2844 6.41152 24.8057 7.42772Z\" fill=\"#4546A3\" fill-opacity=\"0.5\"/>\r\n</svg>\r\n'),
(2, 'swimming pool', '<svg width=\"60\" height=\"60\" viewBox=\"0 0 60 60\" fill=\"none\" xmlns=\"http://www.w3.org/2000/svg\">\r\n<g clip-path=\"url(#clip0)\">\r\n<path fill-rule=\"evenodd\" clip-rule=\"evenodd\" d=\"M41.5115 15.4632C41.5115 15.4632 41.5115 15.4631 41.5115 15.4631C42.3883 14.6606 43.0809 14.0268 44.5608 14.0268C46.0407 14.0268 46.7333 14.6607 47.61 15.4632C47.61 15.4632 47.61 15.4633 47.6101 15.4633C48.581 16.3519 49.6815 17.359 51.8419 17.359C54.0028 17.359 55.1033 16.3519 56.0743 15.4632L56.0743 15.4632L56.0744 15.4631L56.0745 15.463C56.5274 15.0485 56.9312 14.6791 57.4197 14.4187C57.8769 14.1749 58.4084 14.0268 59.1241 14.0268C59.6077 14.0268 60 13.6347 60 13.1508C60 12.6672 59.6077 12.2749 59.1241 12.2749C58.2979 12.2749 57.6267 12.4221 57.0585 12.6537C56.1406 13.0278 55.4914 13.6219 54.8916 14.1707L54.8915 14.1708L54.8914 14.1709C54.0146 14.9733 53.322 15.6071 51.8419 15.6071C50.3622 15.6071 49.6697 14.9734 48.7932 14.1711L48.7929 14.1709C48.7929 14.1708 48.7928 14.1708 48.7928 14.1708C47.8218 13.282 46.7213 12.2749 44.5608 12.2749C42.4001 12.2749 41.2997 13.2821 40.3287 14.1709L40.3286 14.1709L40.3284 14.1711C39.4518 14.9734 38.7594 15.6071 37.2795 15.6071C35.7998 15.6071 35.1072 14.9733 34.2305 14.1709C34.2305 14.1708 34.2304 14.1708 34.2304 14.1708C33.2594 13.282 32.1591 12.2749 29.9985 12.2749C27.8381 12.2749 26.7376 13.2821 25.7668 14.1708C25.7667 14.1709 25.7667 14.1709 25.7667 14.1709L25.7664 14.1711C24.8899 14.9734 24.1974 15.6071 22.7177 15.6071C21.2382 15.6071 20.5459 14.9734 19.6694 14.171C19.6694 14.1709 19.6693 14.1709 19.6693 14.1709L19.6692 14.1708L19.669 14.1707C18.6983 13.2821 17.5979 12.2749 15.4378 12.2749C13.2773 12.2749 12.1768 13.2821 11.206 14.1708C11.206 14.1709 11.2059 14.1709 11.2059 14.1709L11.2056 14.1711C10.3291 14.9734 9.63666 15.6071 8.15707 15.6071C6.67721 15.6071 5.98463 14.9733 5.10799 14.1708C5.10797 14.1708 5.10794 14.1708 5.10791 14.1707L5.10786 14.1707C5.10786 14.1707 5.10786 14.1707 5.10785 14.1707C4.5082 13.6219 3.85916 13.0279 2.94154 12.6538C2.37333 12.4222 1.70215 12.2749 0.875942 12.2749C0.392276 12.2749 0 12.6672 0 13.1508C0 13.6347 0.392276 14.0268 0.875942 14.0268C1.59154 14.0268 2.12302 14.175 2.58024 14.4188C3.06854 14.6792 3.47214 15.0487 3.92487 15.4631C3.92487 15.4631 3.92488 15.4631 3.92488 15.4631L3.92495 15.4632L3.925 15.4632C3.925 15.4632 3.92501 15.4632 3.92501 15.4632C4.89598 16.3519 5.99645 17.359 8.15707 17.359C10.3175 17.359 11.418 16.3519 12.3888 15.4633C12.3888 15.4632 12.3889 15.4632 12.3889 15.4632L12.389 15.4631C13.2656 14.6606 13.958 14.0268 15.4378 14.0268C16.9173 14.0268 17.6097 14.6606 18.4862 15.4631C18.4862 15.4631 18.4863 15.4631 18.4863 15.4632L18.4864 15.4632L18.4865 15.4634C19.4573 16.352 20.5575 17.359 22.7177 17.359C24.8783 17.359 25.9788 16.3519 26.9496 15.4633C26.9496 15.4632 26.9496 15.4632 26.9497 15.4632L26.9497 15.4631C27.8264 14.6606 28.5188 14.0268 29.9985 14.0268C31.4784 14.0268 32.1708 14.6606 33.0475 15.4631L33.0475 15.4632L33.0477 15.4633L33.0478 15.4634C34.0187 16.352 35.119 17.359 37.2795 17.359C39.4402 17.359 40.5406 16.3518 41.5115 15.4632Z\" fill=\"#4546A3\" fill-opacity=\"0.5\"/>\r\n<path fill-rule=\"evenodd\" clip-rule=\"evenodd\" d=\"M41.5115 23.0547C41.5115 23.0547 41.5115 23.0547 41.5115 23.0547C42.3883 22.2522 43.0809 21.6183 44.5608 21.6183C46.0407 21.6183 46.7333 22.2522 47.61 23.0548C47.61 23.0548 47.61 23.0548 47.61 23.0548C48.581 23.9435 49.6815 24.9506 51.8419 24.9506C54.0028 24.9506 55.1033 23.9434 56.0743 23.0548L56.0743 23.0547L56.0744 23.0546L56.0745 23.0545C56.5274 22.6401 56.9312 22.2706 57.4197 22.0102C57.8769 21.7665 58.4084 21.6183 59.1241 21.6183C59.6077 21.6183 60 21.2262 60 20.7424C60 20.2587 59.6077 19.8665 59.1241 19.8665C58.2979 19.8665 57.6267 20.0137 57.0585 20.2452C56.1406 20.6193 55.4914 21.2134 54.8916 21.7623L54.8915 21.7624L54.8914 21.7625C54.0146 22.5649 53.322 23.1987 51.8419 23.1987C50.3622 23.1987 49.6697 22.5649 48.7932 21.7627L48.7929 21.7624C48.7929 21.7624 48.7928 21.7624 48.7928 21.7623C47.8218 20.8736 46.7213 19.8665 44.5608 19.8665C42.4001 19.8665 41.2997 20.8736 40.3287 21.7624L40.3286 21.7625L40.3284 21.7627C39.4518 22.5649 38.7594 23.1987 37.2795 23.1987C35.7998 23.1987 35.1072 22.5648 34.2305 21.7624C34.2305 21.7624 34.2304 21.7624 34.2304 21.7623C33.2594 20.8736 32.1591 19.8665 29.9985 19.8665C27.8381 19.8665 26.7376 20.8736 25.7668 21.7624C25.7667 21.7624 25.7667 21.7624 25.7667 21.7624L25.7664 21.7627C24.8899 22.5649 24.1974 23.1987 22.7177 23.1987C21.2382 23.1987 20.5459 22.565 19.6694 21.7625C19.6694 21.7625 19.6693 21.7625 19.6693 21.7624L19.6693 21.7624L19.669 21.7622C18.6983 20.8736 17.5979 19.8665 15.4378 19.8665C13.2773 19.8665 12.1768 20.8736 11.206 21.7624C11.206 21.7624 11.2059 21.7624 11.2059 21.7624L11.2059 21.7624L11.2056 21.7627C10.3291 22.5649 9.63666 23.1987 8.15707 23.1987C6.67721 23.1987 5.98463 22.5648 5.108 21.7624C5.10797 21.7623 5.10794 21.7623 5.10791 21.7623L5.10787 21.7622C5.10786 21.7622 5.10786 21.7622 5.10785 21.7622C4.5082 21.2134 3.85916 20.6194 2.94154 20.2454C2.37333 20.0137 1.70215 19.8665 0.875942 19.8665C0.392276 19.8665 0 20.2587 0 20.7424C0 21.2262 0.392276 21.6183 0.875942 21.6183C1.59154 21.6183 2.12302 21.7666 2.58024 22.0104C3.06854 22.2708 3.47214 22.6402 3.92486 23.0547C3.92487 23.0547 3.92488 23.0547 3.92488 23.0547L3.92495 23.0547L3.925 23.0548C3.925 23.0548 3.925 23.0548 3.92501 23.0548C4.89598 23.9434 5.99645 24.9506 8.15707 24.9506C10.3175 24.9506 11.418 23.9435 12.3888 23.0548C12.3888 23.0548 12.3889 23.0548 12.3889 23.0547L12.389 23.0547C13.2656 22.2522 13.958 21.6183 15.4378 21.6183C16.9173 21.6183 17.6097 22.2522 18.4862 23.0546C18.4862 23.0547 18.4863 23.0547 18.4863 23.0547L18.4864 23.0548L18.4865 23.0549C19.4573 23.9435 20.5575 24.9506 22.7177 24.9506C24.8783 24.9506 25.9788 23.9435 26.9496 23.0548C26.9496 23.0548 26.9496 23.0548 26.9497 23.0547L26.9497 23.0547C27.8264 22.2522 28.5188 21.6183 29.9985 21.6183C31.4784 21.6183 32.1708 22.2522 33.0475 23.0547L33.0475 23.0547L33.0476 23.0548L33.0478 23.055C34.0187 23.9436 35.119 24.9506 37.2795 24.9506C39.4402 24.9506 40.5406 23.9434 41.5115 23.0547Z\" fill=\"#4546A3\" fill-opacity=\"0.5\"/>\r\n<path fill-rule=\"evenodd\" clip-rule=\"evenodd\" d=\"M41.5116 30.6461C42.3883 29.8438 43.081 29.2099 44.5608 29.2099C46.0406 29.2099 46.7332 29.8437 47.6099 30.6462C47.6099 30.6462 47.6098 30.6462 47.6099 30.6462C48.5808 31.5348 49.6814 32.5421 51.8419 32.5421C54.0028 32.5421 55.1033 31.535 56.0743 30.6463C56.5272 30.2319 56.9312 29.8622 57.4197 29.6018C57.8769 29.358 58.4085 29.2099 59.1241 29.2099C59.6077 29.2099 60 28.8176 60 28.3339C60 27.8501 59.6077 27.458 59.1241 27.458C58.2979 27.458 57.6267 27.6052 57.0585 27.8368C56.1406 28.2109 55.4914 28.805 54.8916 29.3538C54.0148 30.1563 53.322 30.7902 51.8419 30.7902C50.362 30.7902 49.6696 30.1564 48.793 29.3539C47.822 28.4653 46.7214 27.458 44.5608 27.458C42.4002 27.458 41.2998 28.4651 40.3288 29.3537C39.4522 30.1562 38.7595 30.7902 37.2795 30.7902C35.7998 30.7902 35.1072 30.1563 34.2305 29.3538C33.2596 28.4653 32.159 27.458 29.9985 27.458C27.8381 27.458 26.7376 28.4651 25.7668 29.3537C25.7668 29.3538 25.7669 29.3537 25.7668 29.3537C24.8902 30.1562 24.1976 30.7902 22.7177 30.7902C21.2383 30.7902 20.546 30.1565 19.6696 29.3543C19.6696 29.3543 19.6697 29.3543 19.6696 29.3543C18.6988 28.4655 17.5981 27.458 15.4378 27.458C13.2773 27.458 12.1768 28.4651 11.206 29.3537C11.206 29.3538 11.2061 29.3537 11.206 29.3537C10.3294 30.1562 9.63679 30.7902 8.15707 30.7902C6.67716 30.7902 5.98458 30.1563 5.10791 29.3538C5.10789 29.3538 5.10793 29.3539 5.10791 29.3538C4.50827 28.8051 3.85913 28.211 2.94154 27.8369C2.37334 27.6053 1.70215 27.458 0.875942 27.458C0.392276 27.458 0 27.8501 0 28.3339C0 28.8176 0.392276 29.2099 0.875942 29.2099C1.59148 29.2099 2.12296 29.3581 2.5802 29.6019C3.06853 29.8623 3.47218 30.2317 3.92492 30.6461C3.92496 30.6462 3.92487 30.6461 3.92492 30.6461C4.89587 31.5349 5.99651 32.5421 8.15707 32.5421C10.3176 32.5421 11.418 31.535 12.3889 30.6462C12.3889 30.6462 12.3888 30.6462 12.3889 30.6462C13.2654 29.8439 13.9582 29.2099 15.4378 29.2099C16.9173 29.2099 17.6098 29.8437 18.4862 30.6461C18.4863 30.6461 18.4862 30.646 18.4862 30.6461C19.4571 31.5348 20.5574 32.5421 22.7177 32.5421C24.8783 32.5421 25.9788 31.535 26.9496 30.6462C26.9497 30.6462 26.9496 30.6462 26.9496 30.6462C27.8262 29.8439 28.5189 29.2099 29.9985 29.2099C31.4783 29.2099 32.1707 29.8436 33.0472 30.6459C33.0473 30.6459 33.0472 30.6458 33.0472 30.6459C34.0182 31.5346 35.119 32.5421 37.2795 32.5421C39.4401 32.5421 40.5408 31.5348 41.5116 30.6461C41.5116 30.646 41.5116 30.6461 41.5116 30.6461Z\" fill=\"#4546A3\" fill-opacity=\"0.5\"/>\r\n<path fill-rule=\"evenodd\" clip-rule=\"evenodd\" d=\"M41.5115 38.2377L41.5116 38.2376L41.5117 38.2375C42.3884 37.4352 43.081 36.8014 44.5608 36.8014C46.0406 36.8014 46.7332 37.4353 47.6099 38.2378C47.6099 38.2378 47.6099 38.2378 47.6099 38.2378L47.61 38.2379C48.581 39.1265 49.6814 40.1337 51.8419 40.1337C54.0028 40.1337 55.1033 39.1265 56.0743 38.2379L56.0743 38.2378L56.0744 38.2378L56.0745 38.2376C56.5275 37.8232 56.9312 37.4537 57.4197 37.1933C57.8769 36.9496 58.4085 36.8014 59.1241 36.8014C59.6077 36.8014 60 36.4092 60 35.9255C60 35.4417 59.6077 35.0496 59.1241 35.0496C58.2979 35.0496 57.6267 35.1968 57.0585 35.4284C56.1406 35.8024 55.4914 36.3965 54.8916 36.9454L54.8915 36.9455L54.8914 36.9456C54.0146 37.748 53.322 38.3818 51.8419 38.3818C50.362 38.3818 49.6696 37.7479 48.793 36.9455L48.7929 36.9454L48.7928 36.9453C47.8219 36.0567 46.7214 35.0496 44.5608 35.0496C42.4002 35.0496 41.2998 36.0567 40.3288 36.9453C40.3288 36.9453 40.3288 36.9453 40.3287 36.9453L40.3287 36.9454L40.3286 36.9455C40.3286 36.9455 40.3286 36.9455 40.3285 36.9455C39.4519 37.748 38.7595 38.3818 37.2795 38.3818C35.7998 38.3818 35.1072 37.7479 34.2305 36.9454L34.2304 36.9453L34.2303 36.9452C33.2593 36.0566 32.159 35.0496 29.9985 35.0496C27.8381 35.0496 26.7376 36.0567 25.7668 36.9453C25.7668 36.9453 25.7668 36.9454 25.7667 36.9454L25.7666 36.9455C24.89 37.7479 24.1976 38.3818 22.7177 38.3818C21.2383 38.3818 20.546 37.7481 19.6696 36.9459L19.6693 36.9455C19.6693 36.9455 19.6692 36.9455 19.6692 36.9455C18.6984 36.0567 17.5981 35.0496 15.4378 35.0496C13.2773 35.0496 12.1768 36.0567 11.206 36.9453C11.206 36.9453 11.206 36.9454 11.2059 36.9454L11.2059 36.9455C10.3292 37.7479 9.63679 38.3818 8.15707 38.3818C6.67716 38.3818 5.98458 37.7479 5.10791 36.9454L5.10789 36.9454L5.10786 36.9453C5.10784 36.9453 5.10782 36.9453 5.10781 36.9453C4.50817 36.3965 3.85913 35.8025 2.94154 35.4285C2.37334 35.1969 1.70215 35.0496 0.875942 35.0496C0.392276 35.0496 0 35.4417 0 35.9255C0 36.4092 0.392276 36.8014 0.875942 36.8014C1.59148 36.8014 2.12297 36.9497 2.5802 37.1935C3.06853 37.4539 3.47218 37.8233 3.92492 38.2377L3.92494 38.2377L3.92495 38.2377C3.92499 38.2377 3.92504 38.2378 3.92508 38.2378C4.89603 39.1266 5.99651 40.1337 8.15707 40.1337C10.3176 40.1337 11.418 39.1265 12.3889 38.2377C12.3889 38.2377 12.3889 38.2377 12.3889 38.2377L12.3889 38.2377L12.3892 38.2374C13.2657 37.4352 13.9582 36.8014 15.4378 36.8014C16.9173 36.8014 17.6098 37.4353 18.4862 38.2376L18.4863 38.2377C18.4863 38.2377 18.4864 38.2377 18.4864 38.2378C19.4572 39.1265 20.5574 40.1337 22.7177 40.1337C24.8783 40.1337 25.9788 39.1265 26.9496 38.2377C26.9497 38.2377 26.9497 38.2377 26.9497 38.2377L26.95 38.2374C27.8265 37.4352 28.5189 36.8014 29.9985 36.8014C31.4783 36.8014 32.1707 37.4352 33.0472 38.2374L33.0475 38.2377C33.0476 38.2377 33.0476 38.2378 33.0477 38.2378C34.0186 39.1266 35.119 40.1337 37.2795 40.1337C39.4401 40.1337 40.5406 39.1265 41.5114 38.2377C41.5115 38.2377 41.5115 38.2377 41.5115 38.2377Z\" fill=\"#4546A3\" fill-opacity=\"0.5\"/>\r\n<path fill-rule=\"evenodd\" clip-rule=\"evenodd\" d=\"M41.5114 45.8293C41.5115 45.8293 41.5115 45.8293 41.5115 45.8293L41.5116 45.8292L41.5117 45.829C42.3884 45.0268 43.081 44.393 44.5608 44.393C46.0406 44.393 46.7332 45.0268 47.6099 45.8293C47.6099 45.8293 47.6099 45.8294 47.6099 45.8294L47.61 45.8294C48.581 46.7181 49.6814 47.7252 51.8419 47.7252C54.0028 47.7252 55.1033 46.7181 56.0743 45.8294L56.0743 45.8294L56.0744 45.8293L56.0745 45.8292C56.5275 45.4147 56.9312 45.0453 57.4197 44.7849C57.877 44.5411 58.4085 44.393 59.1241 44.393C59.6077 44.393 60 44.0007 60 43.5171C60 43.0331 59.6077 42.6411 59.1241 42.6411C58.2979 42.6411 57.6267 42.7884 57.0585 43.0199C56.1406 43.394 55.4914 43.9881 54.8916 44.5369L54.8915 44.537L54.8914 44.5371C54.0146 45.3396 53.322 45.9733 51.8419 45.9733C50.362 45.9733 49.6696 45.3395 48.793 44.537L48.7929 44.5369L48.7929 44.5369C47.8219 43.6483 46.7214 42.6411 44.5608 42.6411C42.4002 42.6411 41.2998 43.6482 40.3288 44.5368C40.3288 44.5368 40.3287 44.5369 40.3287 44.5369L40.3287 44.5369L40.3286 44.537C40.3286 44.537 40.3285 44.5371 40.3285 44.5371C39.4519 45.3395 38.7595 45.9733 37.2795 45.9733C35.7998 45.9733 35.1072 45.3395 34.2305 44.5369L34.2304 44.5368L34.2303 44.5367C33.2593 43.6481 32.159 42.6411 29.9985 42.6411C27.8381 42.6411 26.7376 43.6482 25.7668 44.5369C25.7668 44.5369 25.7668 44.5369 25.7667 44.5369L25.7666 44.537C24.89 45.3395 24.1976 45.9733 22.7177 45.9733C21.2383 45.9733 20.546 45.3396 19.6696 44.5374L19.6693 44.5371C19.6693 44.5371 19.6692 44.537 19.6692 44.537C18.6984 43.6483 17.5981 42.6411 15.4378 42.6411C13.2773 42.6411 12.1768 43.6482 11.206 44.5368C11.206 44.5369 11.206 44.5369 11.2059 44.5369L11.2059 44.537C10.3292 45.3395 9.63678 45.9733 8.15707 45.9733C6.67716 45.9733 5.98458 45.3395 5.10791 44.5369L5.10789 44.5369L5.10787 44.5369C5.10785 44.5369 5.10783 44.5369 5.10781 44.5368C4.50817 43.9881 3.85913 43.3941 2.94154 43.02C2.37334 42.7884 1.70215 42.6411 0.875942 42.6411C0.392276 42.6411 0 43.0331 0 43.5171C0 44.0007 0.392276 44.393 0.875942 44.393C1.59147 44.393 2.12294 44.5412 2.58017 44.785C3.06852 45.0454 3.47217 45.4148 3.92492 45.8292L3.92494 45.8292L3.92495 45.8293C3.92499 45.8293 3.92504 45.8293 3.92508 45.8294C4.89603 46.7181 5.9965 47.7252 8.15707 47.7252C10.3176 47.7252 11.418 46.7181 12.3889 45.8293C12.3889 45.8293 12.3889 45.8293 12.3889 45.8293L12.3889 45.8292L12.3892 45.829C13.2657 45.0267 13.9582 44.393 15.4378 44.393C16.9173 44.393 17.6098 45.0268 18.4862 45.8292L18.4863 45.8293C18.4863 45.8293 18.4864 45.8293 18.4864 45.8293C19.4572 46.7181 20.5574 47.7252 22.7177 47.7252C24.8783 47.7252 25.9788 46.7181 26.9496 45.8293C26.9497 45.8293 26.9497 45.8293 26.9497 45.8293L26.95 45.829C27.8265 45.0267 28.5189 44.393 29.9985 44.393C31.4783 44.393 32.1707 45.0267 33.0472 45.829L33.0475 45.8293C33.0476 45.8293 33.0476 45.8293 33.0477 45.8294C34.0186 46.7181 35.119 47.7252 37.2795 47.7252C39.4401 47.7252 40.5406 46.7181 41.5114 45.8293Z\" fill=\"#4546A3\" fill-opacity=\"0.5\"/>\r\n</g>\r\n<defs>\r\n<clipPath id=\"clip0\">\r\n<rect width=\"60\" height=\"60\" fill=\"white\"/>\r\n</clipPath>\r\n</defs>\r\n</svg>\r\n'),
(3, 'home', '<svg width=\"63\" height=\"55\" viewBox=\"0 0 63 55\" fill=\"none\" xmlns=\"http://www.w3.org/2000/svg\">\r\n<g clip-path=\"url(#clip0)\">\r\n<path d=\"M61.7647 28.8096C61.4353 28.8096 61.1882 28.7277 60.9411 28.4822L31.5411 2.86463L2.0588 28.564C1.56468 28.9733 0.741148 28.9733 0.329384 28.4822C-0.0823811 27.9911 -0.0823811 27.1727 0.411737 26.7634L30.7176 0.327427C31.2117 -0.0817987 31.8706 -0.0817987 32.3647 0.327427L62.5882 26.6816C63.0823 27.0908 63.1647 27.9093 62.6706 28.4003C62.5059 28.7277 62.0941 28.8096 61.7647 28.8096Z\" fill=\"#4546A3\" fill-opacity=\"0.5\"/>\r\n<path d=\"M52.9529 55H30.2235C29.5646 55 28.9882 54.427 28.9882 53.7723V34.4568H21.0823V53.7723C21.0823 54.427 20.5058 55 19.847 55H10.1293C9.47051 55 8.89404 54.427 8.89404 53.7723V26.0268C8.89404 25.372 9.47051 24.7991 10.1293 24.7991C10.7882 24.7991 11.3646 25.372 11.3646 26.0268V52.5446H18.6117V33.2291C18.6117 32.5744 19.1882 32.0015 19.847 32.0015H30.2235C30.8823 32.0015 31.4588 32.5744 31.4588 33.2291V52.5446H51.7176V26.0268C51.7176 25.372 52.294 24.7991 52.9529 24.7991C53.6117 24.7991 54.1882 25.372 54.1882 26.0268V53.7723C54.1882 54.5089 53.6117 55 52.9529 55Z\" fill=\"#4546A3\" fill-opacity=\"0.5\"/>\r\n<path d=\"M52.9529 14.9777C52.294 14.9777 51.7176 14.4048 51.7176 13.75V2.45536H46.1176V6.71131C46.1176 7.36607 45.5411 7.93899 44.8823 7.93899C44.2234 7.93899 43.647 7.36607 43.647 6.71131V1.22768C43.647 0.572917 44.2234 0 44.8823 0H52.9529C53.6117 0 54.1882 0.572917 54.1882 1.22768V13.75C54.1882 14.4048 53.6117 14.9777 52.9529 14.9777Z\" fill=\"#4546A3\" fill-opacity=\"0.5\"/>\r\n<path d=\"M46.6941 35.6845H37.1412C36.4824 35.6845 35.9059 35.1116 35.9059 34.4568V24.9628C35.9059 24.308 36.4824 23.7351 37.1412 23.7351H46.6941C47.3529 23.7351 47.9294 24.308 47.9294 24.9628V34.4568C47.9294 35.1116 47.3529 35.6845 46.6941 35.6845ZM38.3765 33.2292H45.4588V26.1905H38.3765V33.2292Z\" fill=\"#4546A3\" fill-opacity=\"0.5\"/>\r\n</g>\r\n<defs>\r\n<clipPath id=\"clip0\">\r\n<rect width=\"63\" height=\"55\" fill=\"white\"/>\r\n</clipPath>\r\n</defs>\r\n</svg>'),
(4, 'outside', '<svg width=\"44\" height=\"60\" viewBox=\"0 0 44 60\" fill=\"none\" xmlns=\"http://www.w3.org/2000/svg\">\r\n<g clip-path=\"url(#clip0)\">\r\n<path d=\"M42.8476 54.8489C41.8428 53.1802 40.4791 51.9468 38.8284 51.2213C38.0389 48.682 35.7422 46.578 32.4406 45.1995V37.364C38.5413 36.7836 43.2783 31.6324 43.2783 25.393C43.2783 18.7183 37.9671 0 31.3641 0C27.8472 0 24.6892 5.3688 22.4643 11.3906C20.2393 9.64934 17.512 8.70617 14.6411 8.70617C7.46388 8.70617 1.65033 14.5828 1.65033 21.838C1.65033 28.7304 6.8897 34.3894 13.5645 34.8972V45.5623C12.4879 46.1427 11.4831 46.7231 10.6936 47.4486C9.32996 46.8682 7.89451 46.7231 6.3873 46.9407C3.15754 47.4486 0.573741 50.133 0.0713354 53.3978C-0.143981 54.7037 -0.000436908 55.9371 0.430197 57.0979C1.00438 58.7666 2.58337 59.8549 4.3059 59.8549H39.9767C41.1969 59.8549 42.2734 59.2019 42.9194 58.1137C43.4936 57.243 43.4936 55.9371 42.8476 54.8489ZM31.3641 2.17654C32.7277 2.17654 35.2398 4.49819 37.8236 10.9553C39.9767 16.4692 41.1969 22.4909 41.1969 25.3204C41.1969 30.7618 36.8187 35.1874 31.4358 35.1874C26.0529 35.1874 21.5312 30.8343 21.5312 25.393C21.5312 22.5635 22.6796 16.5417 24.9045 11.0278C27.4884 4.49819 30.0004 2.17654 31.3641 2.17654ZM3.80349 21.9105C3.80349 15.8888 8.68401 10.9553 14.6411 10.9553C17.2967 10.9553 19.7369 11.8984 21.6748 13.6397C20.2393 18.1378 19.3781 22.7086 19.3781 25.393C19.3781 27.4244 19.8805 29.3108 20.7418 30.9794C18.9474 32.2128 16.7943 32.8658 14.6411 32.8658C8.68401 32.8658 3.80349 27.9323 3.80349 21.9105ZM15.7177 34.9698C17.9426 34.7521 20.0958 34.0266 21.9619 32.7207C23.9715 35.26 26.9142 37.0012 30.2875 37.2914V44.3289C28.2061 43.7485 25.9094 43.3857 23.5409 43.3857C20.7418 43.3857 18.0862 43.821 15.7895 44.6191V34.9698H15.7177ZM40.9815 57.2431C40.9098 57.4607 40.5509 57.8235 39.905 57.8235H4.3059C3.44463 57.8235 2.72691 57.3156 2.43982 56.5175C2.15273 55.6469 2.08096 54.7763 2.2245 53.8331C2.58337 51.5115 4.44944 49.5526 6.74616 49.1898C8.03806 48.9722 9.25819 49.1898 10.3348 49.7703L11.0525 50.133L11.6267 49.5526C13.9952 47.1584 18.5886 45.7074 23.4691 45.7074C30.2157 45.7074 36.101 48.6094 36.8187 52.237L36.9623 52.89L37.5365 53.1076C38.9001 53.5429 40.1203 54.5586 40.9815 56.0097C41.1969 56.3724 41.1969 56.8077 40.9815 57.2431Z\" fill=\"#4546A3\" fill-opacity=\"0.5\"/>\r\n</g>\r\n<defs>\r\n<clipPath id=\"clip0\">\r\n<rect width=\"43.2787\" height=\"60\" fill=\"white\"/>\r\n</clipPath>\r\n</defs>\r\n</svg>'),
(5, 'gym', '<svg width=\"45\" height=\"60\" viewBox=\"0 0 45 60\" fill=\"none\" xmlns=\"http://www.w3.org/2000/svg\">\r\n<g clip-path=\"url(#clip0)\">\r\n<path d=\"M22.2983 7.70166C19.291 7.70166 16.7971 10.1955 16.7971 13.2029C16.7971 16.2102 19.291 18.7041 22.2983 18.7041C25.3057 18.7041 27.7996 16.2102 27.7996 13.2029C27.7996 10.1222 25.3057 7.70166 22.2983 7.70166ZM22.2983 16.4303C20.4646 16.4303 18.9976 14.9633 18.9976 13.1295C18.9976 11.2958 20.4646 9.8288 22.2983 9.8288C24.1321 9.8288 25.5991 11.2958 25.5991 13.1295C25.5991 14.9633 24.1321 16.4303 22.2983 16.4303Z\" fill=\"#4546A3\" fill-opacity=\"0.5\"/>\r\n<path d=\"M33.7408 19.5844C34.8411 17.6773 35.4279 15.4768 35.4279 13.1296C35.5012 5.86797 29.5599 0 22.2983 0C15.0367 0 9.1687 5.86797 9.1687 13.1296C9.1687 20.3912 15.0367 26.2592 22.2983 26.2592C22.8851 26.2592 23.4719 26.1858 24.0587 26.1125C26.1125 30.5134 27.5795 35.7213 26.6259 38.5086C20.4645 35.7213 7.18826 33.8142 0 41.7359L1.61369 43.2029C7.99511 36.088 20.978 37.9218 26.4059 40.9291C26.9927 41.2225 27.6528 41.0758 28.0196 40.5623C30.6601 36.6015 27.8729 29.1932 26.2592 25.6724C28.7531 24.8655 30.8802 23.3985 32.4939 21.4181C37.4817 27.066 43.4963 39.4621 42.4694 47.9707C42.1027 50.8313 40.6357 53.1785 38.5086 54.2054C29.7066 58.6064 16.7971 58.8998 6.38142 54.9389L5.57457 56.9927C10.1956 58.7531 16.0636 59.8533 22.1516 59.8533C28.0929 59.8533 34.1809 58.7531 39.4621 56.1125C42.3227 54.7188 44.2298 51.7848 44.6699 48.1907C45.7702 38.8753 39.2421 25.5257 33.7408 19.5844ZM22.2983 24.132C16.2836 24.132 11.3692 19.2176 11.3692 13.2029C11.3692 7.11491 16.2836 2.20049 22.2983 2.20049C28.313 2.20049 33.2274 7.11491 33.2274 13.1296C33.3007 19.2176 28.3863 24.132 22.2983 24.132Z\" fill=\"#4546A3\" fill-opacity=\"0.5\"/>\r\n</g>\r\n<defs>\r\n<clipPath id=\"clip0\">\r\n<rect width=\"44.7433\" height=\"60\" fill=\"white\"/>\r\n</clipPath>\r\n</defs>\r\n</svg>');

-- --------------------------------------------------------

--
-- Table structure for table `sports`
--

CREATE TABLE `sports` (
  `id` int(11) NOT NULL,
  `sport` varchar(45) NOT NULL,
  `type_id` int(11) NOT NULL,
  `icon` text NOT NULL
) ENGINE=InnoDB DEFAULT CHARSET=utf8;

--
-- Dumping data for table `sports`
--

INSERT INTO `sports` (`id`, `sport`, `type_id`, `icon`) VALUES
(1, 'football', 2, '<svg width=\"60\" height=\"60\" viewBox=\"0 0 60 60\" fill=\"none\" xmlns=\"http://www.w3.org/2000/svg\">\r\n<g clip-path=\"url(#clip0)\">\r\n<path d=\"M53.2918 11.0857C47.5548 4.03386 39.0687 0 30 0C21.992 0 14.4472 3.12251 8.78486 8.78486C3.12251 14.4472 0 21.992 0 30C0 34.1833 0.851593 38.2321 2.50996 42.0269C5.00498 47.7341 9.33765 52.6195 14.7012 55.8018C19.3177 58.5508 24.6066 60 30 60C31.3147 60 32.6295 59.9104 33.9293 59.746C40.7122 58.8645 47.0468 55.6225 51.7829 50.6325C56.9373 45.1942 59.8506 38.0827 60 30.5827C60 30.3884 60.0149 30.1942 60.0149 30C60 23.1275 57.6096 16.4044 53.2918 11.0857ZM50.9014 11.9671L46.494 19.6016H35.5877L30.8217 11.3396L35.3635 2.91335C41.3695 4.09363 46.8377 7.24602 50.9014 11.9671ZM28.5956 31.763L33.6753 41.5189L28.8048 49.9602H18.0926L13.3267 41.6982L19.004 31.763H28.5956V31.763ZM14.1932 20.9612L19.0488 12.5498H28.76L33.6155 20.9612L28.76 29.3725H19.0488L14.1932 20.9612ZM30.747 30.7171L35.7819 21.992H46.3147L51.2301 30.493L45.6424 40.3536H35.7819L30.747 30.7171ZM30 2.39044C30.9562 2.39044 31.9124 2.43526 32.8536 2.53984L28.745 10.1594H19.0339L16.4343 5.9761C20.4233 3.69024 25.0697 2.39044 30 2.39044ZM14.3875 7.23108L16.9572 11.3695L12.1464 19.7211H4.37749C6.4243 14.6414 9.93526 10.3088 14.3875 7.23108ZM2.39044 30C2.39044 27.2659 2.79382 24.6066 3.54084 22.1116H12.1016L16.9572 30.5229L11.3396 40.3536H4.39243C3.06275 37.0667 2.39044 33.5857 2.39044 30ZM14.8954 53.1126C10.9512 50.5279 7.69422 46.9124 5.51295 42.744H11.1753L16.0309 51.1554L14.8954 53.1126ZM16.9422 54.3377L18.0926 52.3506H28.8048L31.8078 57.5498C26.6235 57.8934 21.4691 56.758 16.9422 54.3377ZM34.4074 57.2659L30.8815 51.1554L35.7371 42.744H45.4482L49.4223 49.6315C45.3287 53.6653 40.0548 56.3546 34.4074 57.2659ZM51.1106 47.7938L47.5996 41.7281L53.247 31.7779H57.5498C57.1763 37.6643 54.9353 43.2669 51.1106 47.7938ZM53.3217 29.3725L48.4661 20.9612L52.4851 13.999C55.6673 18.4811 57.4602 23.8596 57.5946 29.3725H53.3217V29.3725Z\" fill=\"#4546A3\" fill-opacity=\"0.5\"/>\r\n</g>\r\n<defs>\r\n<clipPath id=\"clip0\">\r\n<rect width=\"60\" height=\"60\" fill=\"white\"/>\r\n</clipPath>\r\n</defs>\r\n</svg>\r\n'),
(2, 'rugby', 2, '<svg width=\"60\" height=\"60\" viewBox=\"0 0 60 60\" fill=\"none\" xmlns=\"http://www.w3.org/2000/svg\">\r\n<g clip-path=\"url(#clip0)\">\r\n<path d=\"M59.8506 1.22204C59.8058 0.640963 59.3429 0.179081 58.7605 0.134383H58.6709C57.8646 0.0747848 50.6222 -0.387097 41.6625 1.13264C36.4957 1.99681 31.7322 3.36756 27.4763 5.17039C22.1752 7.4351 17.6505 10.4001 14.0219 14.0206C10.4081 17.6263 7.42156 22.1408 5.15177 27.445C3.32997 31.6914 1.97109 36.4592 1.10498 41.5995C-0.40323 50.5242 0.0447541 57.7654 0.104485 58.555V58.6444C0.149284 59.2255 0.612201 59.6874 1.19458 59.7321C1.32897 59.747 2.73266 59.8513 5.03231 59.8513C7.97407 59.8513 12.3792 59.6725 17.4265 58.8828C22.7277 58.0485 27.6406 56.7075 32.0159 54.8898C37.5261 52.6102 42.2001 49.5707 45.9183 45.8458C49.6366 42.1359 52.6978 37.4575 54.9825 31.9745C56.8043 27.6089 58.1483 22.707 58.9845 17.4177C60.4181 8.44826 59.8805 1.52003 59.8506 1.22204ZM3.46437 42.0018C5.37576 30.7676 9.49722 21.9173 15.7242 15.7192C21.9512 9.50612 30.8213 5.39388 42.0806 3.48675C47.0532 2.65239 51.4733 2.42889 54.4748 2.414C50.0099 5.20019 42.8123 10.0425 34.9576 16.6876C33.4046 15.5106 31.4783 14.8103 29.3877 14.8103C28.7307 14.8103 28.1931 15.3467 28.1931 16.0023C28.1931 16.6578 28.7307 17.1942 29.3877 17.1942C30.7466 17.1942 32.0308 17.5965 33.091 18.2968C31.8516 19.3844 30.5973 20.5019 29.328 21.679C27.8496 20.6658 26.0577 20.0549 24.1164 20.0549C23.4594 20.0549 22.9218 20.5913 22.9218 21.2469C22.9218 21.9024 23.4594 22.4388 24.1164 22.4388C25.3559 22.4388 26.5355 22.7815 27.536 23.3626C26.8342 24.0331 26.1324 24.7184 25.4305 25.4187C24.9377 25.9104 24.445 26.4021 23.9671 26.9087C22.5037 25.9104 20.7267 25.3442 18.8302 25.3442C18.1732 25.3442 17.6356 25.8806 17.6356 26.5362C17.6356 27.1917 18.1732 27.7281 18.8302 27.7281C20.0846 27.7281 21.2643 28.0708 22.2797 28.6668C12.7078 38.7984 5.91335 48.7512 2.3892 54.3683C2.40414 51.3586 2.62813 46.9633 3.46437 42.0018ZM56.6251 17.1197C55.3558 25.0909 52.1901 36.2506 44.2458 44.1771C36.3016 52.1036 25.1169 55.2623 17.1279 56.5287C11.095 57.4823 5.94321 57.527 3.28517 57.4525C6.28667 52.491 13.4544 41.4654 24.0866 30.2014C25.0423 31.3785 25.6246 32.8684 25.6246 34.4925C25.6246 35.148 26.1622 35.6844 26.8193 35.6844C27.4763 35.6844 28.0139 35.148 28.0139 34.4925C28.0139 32.1831 27.1627 30.0822 25.7441 28.4731C26.1921 28.0112 26.655 27.5493 27.1179 27.0874C27.8646 26.3425 28.6112 25.6124 29.3578 24.8972C30.3285 26.0743 30.9109 27.5791 30.9109 29.2181C30.9109 29.8736 31.4484 30.41 32.1055 30.41C32.7625 30.41 33.3001 29.8736 33.3001 29.2181C33.3001 26.9534 32.4639 24.8674 31.09 23.2583C32.3444 22.0961 33.5838 20.9787 34.8232 19.9059C35.6744 21.0383 36.1672 22.4388 36.1672 23.9586C36.1672 24.6141 36.7048 25.1505 37.3618 25.1505C38.0189 25.1505 38.5564 24.6141 38.5564 23.9586C38.5564 21.8429 37.8397 19.9059 36.6301 18.3564C45.5151 10.862 53.5042 5.72167 57.536 3.29306C57.6256 5.94516 57.5808 11.1004 56.6251 17.1197Z\" fill=\"#4546A3\" fill-opacity=\"0.5\"/>\r\n<path d=\"M18.3226 50.8966C17.5461 51.0158 16.7994 51.1498 16.0677 51.2839C14.5446 51.5521 13.0961 51.8203 11.8716 51.8799C11.2146 51.9097 10.7069 52.4759 10.7367 53.1315C10.7666 53.7721 11.3042 54.2638 11.9314 54.2638C11.9463 54.2638 11.9761 54.2638 11.9911 54.2638C13.3649 54.1893 14.888 53.9211 16.4859 53.6381C17.2026 53.504 17.9343 53.3848 18.681 53.2656C19.338 53.1613 19.7711 52.5504 19.6665 51.9097C19.5919 51.2392 18.9796 50.7923 18.3226 50.8966Z\" fill=\"#4546A3\" fill-opacity=\"0.5\"/>\r\n<path d=\"M40.1244 41.1373C35.3758 45.8753 28.671 48.3635 25.102 49.4214C24.4748 49.6151 24.1164 50.2707 24.2956 50.8964C24.445 51.4179 24.9228 51.7457 25.4455 51.7457C25.5649 51.7457 25.6695 51.7308 25.7889 51.701C29.5819 50.5835 36.7048 47.9314 41.8267 42.8209C42.2897 42.3591 42.2897 41.5992 41.8267 41.1373C41.3489 40.6754 40.6023 40.6754 40.1244 41.1373Z\" fill=\"#4546A3\" fill-opacity=\"0.5\"/>\r\n</g>\r\n<defs>\r\n<clipPath id=\"clip0\">\r\n<rect width=\"60\" height=\"60\" fill=\"white\"/>\r\n</clipPath>\r\n</defs>\r\n</svg>\r\n'),
(3, 'tennis', 2, '<svg width=\"60\" height=\"60\" viewBox=\"0 0 60 60\" fill=\"none\" xmlns=\"http://www.w3.org/2000/svg\">\r\n<g clip-path=\"url(#clip0)\">\r\n<path d=\"M51.2151 8.78486C45.5528 3.12251 38.008 0 30 0C23.9193 0 18.0777 1.80777 13.0727 5.22908C8.20219 8.56076 4.43725 13.2072 2.21116 18.6604C0.747012 22.261 0 26.0857 0 30C0 33.9143 0.747012 37.739 2.2261 41.3396C4.45219 46.7928 8.20219 51.4392 13.0876 54.7709C18.0777 58.1922 23.9343 60 30.0149 60C38.0229 60 45.5677 56.8775 51.2301 51.2151C56.8924 45.5528 60.0149 38.008 60.0149 30C60 21.992 56.8775 14.4472 51.2151 8.78486ZM2.39044 30C2.39044 26.6235 2.98805 23.3367 4.18327 20.2141C7.38048 19.7659 10.0249 18.7351 12.5946 17.7341C15.9562 16.4193 19.1384 15.1793 23.4861 15.1793C31.6584 15.1793 38.3068 21.8277 38.3068 30C38.3068 38.1723 31.6584 44.8207 23.4861 44.8207C19.1235 44.8207 15.9562 43.5807 12.5946 42.2659C10.0249 41.2649 7.38048 40.2341 4.18327 39.7859C2.98805 36.6633 2.39044 33.3765 2.39044 30ZM30 57.6096C19.4671 57.6096 10.01 51.7082 5.33367 42.4153C7.61952 42.8934 9.62151 43.6703 11.7281 44.492C15.1494 45.8217 18.6753 47.1962 23.4861 47.1962C32.9731 47.1962 40.6972 39.4721 40.6972 29.9851C40.6972 20.498 32.9731 12.7739 23.4861 12.7739C18.6753 12.7739 15.1494 14.1484 11.7281 15.4781C9.62151 16.2998 7.61952 17.0767 5.33367 17.5548C10.01 8.29183 19.4671 2.39044 30 2.39044C45.2241 2.39044 57.6096 14.7759 57.6096 30C57.6096 45.2241 45.2241 57.6096 30 57.6096Z\" fill=\"#4546A3\" fill-opacity=\"0.5\"/>\r\n<path d=\"M38.2769 5.82669C37.6494 5.61752 36.9771 5.94621 36.753 6.55876C36.5438 7.18625 36.8725 7.85856 37.485 8.08266C46.8675 11.3247 53.1723 20.1843 53.1723 30.1195C53.1723 30.7769 53.7101 31.3147 54.3675 31.3147C55.0249 31.3147 55.5627 30.7769 55.5627 30.1195C55.5777 19.1683 48.6305 9.3974 38.2769 5.82669Z\" fill=\"#4546A3\" fill-opacity=\"0.5\"/>\r\n<path d=\"M52.1564 40.4133C51.5738 40.0996 50.8566 40.3386 50.5429 40.9213C48.9144 44.0139 46.5688 46.7629 43.76 48.8545C43.2222 49.243 43.1176 49.99 43.506 50.5278C43.7451 50.8416 44.1036 51.0059 44.4622 51.0059C44.7162 51.0059 44.9552 50.9312 45.1793 50.7669C48.2869 48.4661 50.8716 45.4332 52.6644 42.0268C52.9632 41.4442 52.7391 40.727 52.1564 40.4133Z\" fill=\"#4546A3\" fill-opacity=\"0.5\"/>\r\n</g>\r\n<defs>\r\n<clipPath id=\"clip0\">\r\n<rect width=\"60\" height=\"60\" fill=\"white\"/>\r\n</clipPath>\r\n</defs>\r\n</svg>'),
(4, 'volleyball', 2, '<svg width=\"60\" height=\"60\" viewBox=\"0 0 60 60\" fill=\"none\" xmlns=\"http://www.w3.org/2000/svg\">\r\n<path d=\"M21.3197 33.1674C21.5139 32.9283 21.7081 32.6893 21.8874 32.4502C22.0219 32.271 22.1713 32.0917 22.3207 31.8975C21.992 32.3158 21.6484 32.7341 21.3197 33.1674Z\" fill=\"#4546A3\" fill-opacity=\"0.5\"/>\r\n<path d=\"M22.3207 31.8975C22.3357 31.8825 21.4243 33.018 21.2749 33.2122C21.3496 33.1226 21.6484 32.7491 22.3207 31.8975Z\" fill=\"#4546A3\" fill-opacity=\"0.5\"/>\r\n<path d=\"M51.2151 8.78486C45.5528 3.12251 38.008 0 30 0C21.992 0 14.4472 3.12251 8.78486 8.78486C3.12251 14.4472 0 21.992 0 30C0 38.008 3.12251 45.5528 8.78486 51.2151C14.4472 56.8775 21.992 60 30 60C38.008 60 45.5528 56.8775 51.2151 51.2151C56.8775 45.5528 60 38.008 60 30C60 21.992 56.8775 14.4472 51.2151 8.78486ZM57.5946 29.4024C56.4442 27.9532 55.2191 26.5339 53.9492 25.1444C53.994 25.0249 54.0239 24.9054 54.0239 24.7709C54.1434 18.6902 49.751 12.0269 46.1952 7.6494C52.9482 12.5647 57.4153 20.4681 57.5946 29.4024ZM39.9203 4.24303C39.9801 4.36255 40.0548 4.48207 40.1594 4.57171C40.2639 4.6763 50.0647 14.1335 51.4542 22.5896C49.5269 20.6773 47.495 18.8695 45.4333 17.2261C45.4183 17.2112 45.4183 17.2112 45.4034 17.2112C44.2082 14.8954 42.7291 12.6544 41.0259 10.5478C40.1145 9.42729 39.1434 8.33665 38.1126 7.32072C37.1116 6.31972 36.0508 5.36355 34.9452 4.46713C34.1086 3.77988 33.242 3.13745 32.3456 2.5249C35.005 2.71912 37.5448 3.31673 39.9203 4.24303ZM39.6663 12.6394C40.8466 14.1633 41.9074 15.747 42.8187 17.3904C40.9661 18.0329 39.1584 18.7948 37.4104 19.6614C35.6026 20.5578 33.6753 21.5438 32.0767 22.8137C28.1474 25.503 24.8755 28.7898 21.8875 32.4502C19.6614 35.3337 17.7938 38.4861 16.3297 41.8177C14.6564 40.7869 13.0428 39.6215 11.504 38.3068C16.3297 25.7869 26.7729 16.2699 39.6663 12.6394ZM9.60657 36.5886C9.47211 36.4542 9.35259 36.3347 9.21813 36.2002C7.94821 34.9303 6.75299 33.5558 5.67729 32.1365C10.5627 19.6912 21.0508 10.2341 33.9143 6.67829C34.7809 7.41036 35.6325 8.18725 36.4392 8.99402C36.9771 9.53187 37.5 10.0847 38.008 10.6524C31.6882 12.5946 25.8018 15.9562 20.9014 20.4382C16.001 24.9203 12.1165 30.4631 9.60657 36.5886ZM27.7888 2.48008C29.0886 3.18227 30.3586 3.98904 31.5986 4.87052C19.2878 8.81474 9.21813 17.9283 4.06375 29.8058C3.51096 28.9542 3.00299 28.0727 2.53984 27.2062C3.86952 14.0139 14.5219 3.54084 27.7888 2.48008ZM4.21315 39.5767C4.16833 39.5319 4.10857 39.4721 4.0488 39.4422C3.16733 37.007 2.61454 34.4074 2.4502 31.7181C2.749 32.1663 3.04781 32.5996 3.37649 33.0329C4.63147 34.7361 6.03586 36.3795 7.54482 37.9034C8.11255 38.4711 8.69522 39.0239 9.30777 39.5618C11.4442 41.4741 13.745 43.1325 16.1504 44.492C17.7938 46.6434 19.6016 48.7351 21.5289 50.752C13.252 48.9293 4.30279 39.6813 4.21315 39.5767ZM7.14143 45.4781C11.4442 49.004 18.0627 53.4412 24.1584 53.4412C24.1733 53.4412 24.2032 53.4412 24.2181 53.4412C25.757 54.9054 27.3556 56.2948 28.9841 57.5946C19.9004 57.251 11.9373 52.5299 7.14143 45.4781ZM39.502 55.9213C39.3078 55.996 39.1135 56.0558 38.9044 56.1305C38.8894 56.1305 38.8894 56.1305 38.8745 56.1454C36.8875 56.8177 34.8257 57.2659 32.7341 57.4751C29.8506 55.3536 27.0418 52.9333 24.3974 50.2888C22.1863 48.0777 20.1245 45.747 18.257 43.3416C18.2719 43.3267 18.2719 43.2968 18.2869 43.2819C19.6016 40.1743 21.2898 37.246 23.3068 34.5269C25.8616 37.3954 28.6106 40.3088 31.494 43.1922C35.4831 47.1813 39.4721 50.8715 43.3416 54.1584C42.1315 54.8307 40.8466 55.4283 39.502 55.9213ZM51.4841 44.3128C51.8875 44.7908 52.2908 45.254 52.6793 45.7171C50.7371 48.496 48.3018 50.9163 45.508 52.8287C41.5339 49.497 37.2908 45.5827 33.1972 41.504C30.239 38.5458 27.4153 35.5428 24.8008 32.5996C27.1165 29.8207 29.7759 27.3556 32.7191 25.249C35.5727 27.7888 38.4562 30.5229 41.3247 33.3765C44.3128 36.3645 47.2112 39.4422 49.8556 42.4303L51.4841 44.3128ZM51.0807 40.2191C48.5707 37.4104 45.8665 34.5568 43.0129 31.6882C40.2789 28.9542 37.5149 26.3396 34.7809 23.8894C37.7689 21.992 40.9811 20.498 44.3426 19.4074C44.3426 19.4074 44.3426 19.4074 44.3576 19.4074C46.3297 21.006 48.2719 22.754 50.1096 24.6066C52.8137 27.3108 55.2789 30.1793 57.4303 33.1375C56.997 36.9173 55.8167 40.4582 54.0239 43.6255C53.6205 43.1474 53.2022 42.6544 52.7839 42.1763L51.0807 40.2191Z\" fill=\"#4546A3\" fill-opacity=\"0.5\"/>\r\n<path d=\"M21.2749 33.2122C21.2749 33.227 21.26 33.227 21.2749 33.2122C21.26 33.227 21.2749 33.227 21.2749 33.2122Z\" fill=\"#4546A3\" fill-opacity=\"0.5\"/>\r\n<path d=\"M21.2599 33.2271C21.2451 33.2419 21.2451 33.2419 21.2599 33.2271V33.2271Z\" fill=\"#4546A3\" fill-opacity=\"0.5\"/>\r\n</svg>\r\n'),
(5, 'ping pong', 2, '<svg width=\"60\" height=\"60\" viewBox=\"0 0 60 60\" fill=\"none\" xmlns=\"http://www.w3.org/2000/svg\">\r\n<g clip-path=\"url(#clip0)\">\r\n<path d=\"M52.8471 7.10753C43.3797 -2.32381 27.984 -2.32381 18.5166 7.12243C11.5878 14.0358 9.51214 24.3611 13.2155 33.4199C14.1712 35.774 13.6336 38.4559 11.8267 40.2588L0.343403 51.7015C-0.119513 52.1634 -0.119513 52.9233 0.343403 53.3851L6.48079 59.5088C6.71971 59.7472 7.01837 59.8515 7.33195 59.8515C7.63061 59.8515 7.9442 59.7323 8.18312 59.5088L19.6515 48.0661C21.4584 46.2632 24.1612 45.7268 26.5654 46.6953C35.6296 50.3606 45.9482 48.2746 52.8621 41.3762C57.4464 36.8021 59.9701 30.7082 59.9701 24.2419C59.9701 17.7755 57.4464 11.6817 52.8471 7.10753ZM51.1747 39.6926C46.9785 43.8793 41.3937 46.0993 35.7043 46.0993C32.9417 46.0993 30.1343 45.5779 27.4614 44.4902C24.1762 43.1641 20.443 43.9091 17.9641 46.3824L7.33195 56.9908L2.88198 52.5508L13.5141 41.9424C16.0079 39.4542 16.7546 35.7591 15.4255 32.526C12.0806 24.3462 13.9621 15.0489 20.219 8.80606C28.7456 0.298492 42.6331 0.283593 51.1597 8.79117C55.2961 12.9183 57.5808 18.4013 57.5808 24.2419C57.5808 30.0824 55.311 35.5654 51.1747 39.6926Z\" fill=\"#4546A3\" fill-opacity=\"0.5\"/>\r\n<path d=\"M49.6366 10.3253C45.9034 6.60043 40.9607 4.5592 35.6894 4.5592C30.4181 4.5592 25.4604 6.60043 21.7421 10.3253C18.0089 14.0501 15.9631 18.9818 15.9631 24.2413C15.9631 29.5008 18.0089 34.4475 21.7421 38.1574C25.5948 42.0015 30.6421 43.9086 35.6894 43.9086C40.7367 43.9086 45.7989 41.9866 49.6366 38.1574C53.3698 34.4326 55.4156 29.5008 55.4156 24.2413C55.4156 18.9818 53.3698 14.0501 49.6366 10.3253ZM47.9492 36.4887C41.1846 43.2381 30.1792 43.2381 23.4295 36.4887C20.1593 33.2257 18.3524 28.8751 18.3524 24.2562C18.3524 19.6374 20.1593 15.2868 23.4295 12.0238C26.6998 8.76084 31.0602 6.95801 35.6894 6.95801C40.3185 6.95801 44.6789 8.76084 47.9492 12.0238C51.2195 15.2868 53.0264 19.6374 53.0264 24.2562C53.0264 28.8751 51.2344 33.2108 47.9492 36.4887Z\" fill=\"#4546A3\" fill-opacity=\"0.5\"/>\r\n<path d=\"M33.8078 25.1801C30.1194 25.1801 27.1179 28.1748 27.1179 31.855C27.1179 35.5352 30.1194 38.5299 33.8078 38.5299C37.4962 38.5299 40.4977 35.5352 40.4977 31.855C40.4977 28.1748 37.4962 25.1801 33.8078 25.1801ZM33.8078 36.146C31.4335 36.146 29.5072 34.224 29.5072 31.855C29.5072 29.486 31.4335 27.564 33.8078 27.564C36.1821 27.564 38.1085 29.486 38.1085 31.855C38.1085 34.224 36.1821 36.146 33.8078 36.146Z\" fill=\"#4546A3\" fill-opacity=\"0.5\"/>\r\n</g>\r\n<defs>\r\n<clipPath id=\"clip0\">\r\n<rect width=\"60\" height=\"60\" fill=\"white\"/>\r\n</clipPath>\r\n</defs>\r\n</svg>\r\n'),
(6, 'kickbox', 1, '<svg width=\"60\" height=\"61\" viewBox=\"0 0 60 61\" fill=\"none\" xmlns=\"http://www.w3.org/2000/svg\">\r\n<path d=\"M57.1106 31.0664L52.6414 26.6235C52.7239 26.3421 52.7593 26.049 52.7593 25.7442V18.9332C52.7593 18.2885 52.2287 17.7609 51.5801 17.7609H43.6912L35.3779 0.668891C35.201 0.317203 34.8708 0.0710213 34.4817 0.0124067C34.0925 -0.0462079 33.7034 0.10619 33.4322 0.399263L25.0245 9.89484L17.1946 7.05789C16.8998 6.95238 16.5814 6.9641 16.2984 7.09306C16.0154 7.22201 15.7913 7.46819 15.6852 7.74954L13.3386 14.1503C13.1735 14.5957 13.1145 15.0529 13.1499 15.5101L11.7467 16.2252C8.62176 17.8195 6.23978 20.4924 5.03699 23.7748L0.579605 35.9666C-0.293004 38.3464 -0.175084 40.9254 0.89799 43.2114C1.97106 45.4974 3.88137 47.2441 6.27515 48.1116L19.0341 52.7304C19.7063 52.9766 20.3902 53.0938 21.0741 53.0938C23.3028 53.0938 25.39 51.8395 26.3923 49.7176L28.6446 44.9347V50.5617C28.6446 55.7901 32.9251 60.0338 38.1726 60.0338H47.7123C52.9716 60.0338 57.2403 55.7784 57.2403 50.5617V45.7553C58.9265 44.3368 59.9996 42.2267 59.9996 39.8704V38.0533C60.0232 35.4039 58.9855 32.9304 57.1106 31.0664ZM42.9483 20.0938C42.9601 20.0938 42.9601 20.0938 42.9483 20.0938H50.4009V22.2156H43.821C43.1724 22.2156 42.6418 22.7432 42.6418 23.3879C42.6418 24.0327 43.1724 24.5602 43.821 24.5602H50.4009V25.7442C50.4009 26.26 49.9764 26.6821 49.4575 26.6821H36.4391C35.9203 26.6821 35.4958 26.26 35.4958 25.7442V20.1055L42.9483 20.0938ZM34.0336 3.2831L41.0734 17.7492H34.3166C33.668 17.7492 33.1374 18.2767 33.1374 18.9215V25.4277L31.3686 21.6412C31.5455 21.4068 31.687 21.1371 31.7813 20.8558L34.1279 14.4551C34.352 13.8455 34.0336 13.1773 33.4204 12.9545L27.4065 10.7741L34.0336 3.2831ZM15.5555 14.9709L16.1215 13.4352L23.3028 16.0377C23.4325 16.0845 23.574 16.108 23.7038 16.108C24.1872 16.108 24.6353 15.8149 24.8122 15.3343C25.0363 14.7247 24.7179 14.0565 24.1047 13.8337L16.9233 11.2312L17.4894 9.6721L31.4983 14.7364L29.5526 20.0352C29.4701 20.2696 29.2932 20.4572 29.0691 20.5627C28.8451 20.6682 28.5857 20.6799 28.3498 20.5979L16.1097 16.1666C15.8739 16.0845 15.6852 15.9087 15.5791 15.686C15.4847 15.4632 15.4729 15.2053 15.5555 14.9709ZM28.6564 39.4014L24.2698 48.7095C23.4915 50.3741 21.593 51.1478 19.8596 50.5265L7.0888 45.9077C5.28462 45.2512 3.846 43.9499 3.04414 42.2267C2.24228 40.5034 2.14794 38.5691 2.8083 36.7755L7.26568 24.6071C8.25621 21.8874 10.2373 19.66 12.8315 18.3353L14.164 17.6554C14.4942 17.9719 14.8833 18.2181 15.3314 18.3822L27.5715 22.8135C27.9371 22.9425 28.3262 23.0128 28.7036 23.0128C28.9394 23.0128 29.1635 22.9893 29.3875 22.9425L31.3332 27.0924C31.5808 27.6199 31.7813 28.1709 31.9464 28.7219C29.812 31.1954 28.6564 34.3371 28.6564 37.6078V39.4014ZM57.6648 39.8586C57.6648 42.8128 55.2474 45.216 52.2758 45.216H50.3537C48.7146 45.216 47.3821 43.8913 47.3821 42.2618C47.3821 40.6324 48.7146 39.3077 50.3537 39.3077H52.4763C53.1249 39.3077 53.6555 38.7801 53.6555 38.1354C53.6555 37.4906 53.1249 36.9631 52.4763 36.9631H50.3537C47.4175 36.9631 45.0237 39.3428 45.0237 42.2618C45.0237 45.1809 47.4175 47.5606 50.3537 47.5606H52.2758C53.1956 47.5606 54.08 47.3965 54.8937 47.1034V50.5617C54.8937 54.4889 51.6744 57.6892 47.7241 57.6892H38.1844C34.234 57.6892 31.0148 54.4889 31.0148 50.5617V37.6078C31.0148 34.7123 32.1115 31.9457 34.0925 29.8238L35.1066 28.7336C35.5194 28.9211 35.9675 29.0149 36.4509 29.0149H49.4693C50.1179 29.0149 50.7075 28.8274 51.2263 28.5108L55.4479 32.7077C56.8747 34.1261 57.6648 36.0252 57.6648 38.0299V39.8586Z\" fill=\"#4546A3\" fill-opacity=\"0.5\"/>\r\n<path d=\"M39.8247 22.556C39.6005 22.3331 39.3056 22.2158 38.987 22.2158C38.6684 22.2158 38.3735 22.3448 38.1493 22.556C37.9251 22.7788 37.8071 23.0721 37.8071 23.3888C37.8071 23.6937 37.9369 23.9987 38.1493 24.2216C38.3735 24.4444 38.6684 24.5617 38.987 24.5617C39.3056 24.5617 39.6005 24.4327 39.8247 24.2216C40.0489 23.9987 40.1669 23.7055 40.1669 23.3888C40.1669 23.0838 40.0489 22.7788 39.8247 22.556Z\" fill=\"#4546A3\" fill-opacity=\"0.5\"/>\r\n<path d=\"M14.7191 43.6805L14.6837 43.6688C14.0702 43.4459 13.3977 43.7626 13.1735 44.3726C12.9493 44.9825 13.2679 45.6511 13.8814 45.8739L13.9168 45.8857C14.0466 45.9326 14.1882 45.956 14.318 45.956C14.8017 45.956 15.25 45.6628 15.427 45.1819C15.6512 44.572 15.3326 43.9034 14.7191 43.6805Z\" fill=\"#4546A3\" fill-opacity=\"0.5\"/>\r\n<path d=\"M10.5085 42.1567L8.69252 41.5002C8.07934 41.2775 7.58407 40.832 7.31285 40.2342C7.04164 39.648 7.00626 38.9798 7.23031 38.3702C7.45436 37.7606 7.13597 37.0924 6.52279 36.8697C5.9096 36.6469 5.23746 36.9635 5.01341 37.5731C4.5771 38.7688 4.63607 40.07 5.1785 41.2306C5.72093 42.3912 6.68788 43.2704 7.89066 43.7041L9.70664 44.3606C9.83635 44.4075 9.97785 44.431 10.1076 44.431C10.591 44.431 11.0391 44.1379 11.216 43.6573C11.4401 43.0594 11.1217 42.3795 10.5085 42.1567Z\" fill=\"#4546A3\" fill-opacity=\"0.5\"/>\r\n</svg>\r\n'),
(7, 'skiing', 1, '<svg width=\"60\" height=\"60\" viewBox=\"0 0 60 60\" fill=\"none\" xmlns=\"http://www.w3.org/2000/svg\">\r\n<g clip-path=\"url(#clip0)\">\r\n<path d=\"M50.7295 4.09611e-05C48.5899 -0.00728167 46.5647 0.967543 45.2366 2.64534C43.9084 4.32268 43.4238 6.51718 43.9217 8.59818C41.0329 6.81787 37.3332 7.0618 34.703 9.20596L27.8266 14.7927L16.6289 9.45905L17.1369 8.44532C17.3836 7.95104 17.1831 7.35059 16.6889 7.10345C16.1946 6.85677 15.5941 7.05722 15.347 7.5515L14.8202 8.59818L11.6678 7.09841C11.3424 6.91352 10.9411 6.92542 10.6276 7.12999C10.3141 7.33457 10.1411 7.69658 10.179 8.06912C10.217 8.4412 10.4596 8.76111 10.8083 8.89795L13.9255 10.3826L13.3424 11.5474C13.0957 12.0416 13.2962 12.6426 13.7905 12.8892C14.2848 13.1359 14.8852 12.9355 15.1323 12.4412L15.7319 11.2416L26.1067 16.1867L24.3602 17.6055C23.7511 18.103 23.2357 18.7057 22.8394 19.3849C21.4412 22.3309 22.4124 25.8567 25.1218 27.6709L34.6201 33.7537L24.7653 38.1358C23.125 38.842 22.1236 40.5203 22.2806 42.2987L9.75937 34.6635C9.45411 34.4731 9.07058 34.4612 8.75434 34.6324C8.43809 34.8036 8.23809 35.1313 8.23031 35.4905C8.22299 35.8503 8.4088 36.1857 8.71772 36.3702L45.4416 58.7655C48.3647 60.5632 52.091 60.3847 54.8288 58.3156C55.2704 57.9843 55.3597 57.3573 55.0283 56.9156C54.6974 56.474 54.0704 56.3843 53.6288 56.7156C51.5437 58.2891 48.708 58.4245 46.4823 57.0575L27.6604 45.5784C27.7254 45.5532 27.7955 45.5422 27.8604 45.5134L41.9236 39.2594C44.7011 38.0077 45.9798 34.7743 44.8105 31.961C44.3766 30.9189 43.6329 30.0347 42.6801 29.4288L35.1698 24.1299L37.7693 22.8302L41.2856 25.2755L44.3849 27.4343C45.9011 28.5221 47.9579 28.4599 49.4059 27.2823L52.805 28.8988C53.1276 29.0526 53.5075 29.0224 53.8018 28.8196C54.096 28.6173 54.2599 28.2732 54.2315 27.9171C54.2036 27.5606 53.9871 27.2466 53.6649 27.0933L50.5524 25.6114C50.7899 24.9839 50.8631 24.3066 50.7656 23.643C50.5981 22.5592 49.9949 21.5913 49.0956 20.9634L46.4302 19.113L46.7304 19.0499C47.8096 18.8165 48.4952 17.7528 48.2617 16.6737L47.6622 13.9089C47.6082 13.659 47.524 13.4201 47.448 13.178C50.0201 14.5455 53.1697 14.1767 55.3565 12.2526C57.5432 10.3282 58.3093 7.25082 57.28 4.52588C56.2512 1.80141 53.642 -0.00133204 50.7295 4.09611e-05V4.09611e-05ZM47.9482 22.6032C48.399 22.9167 48.7011 23.4022 48.7835 23.9455C48.8654 24.4883 48.7208 25.0416 48.383 25.4746C47.6608 26.308 46.4196 26.4471 45.5304 25.7945L43.103 24.1048L41.6375 23.0851L38.4201 20.8476H38.4151L37.4984 20.2096C37.0824 19.9208 36.7913 19.4842 36.6847 18.989L36.3016 17.2123C36.1886 16.6938 36.2865 16.1515 36.5739 15.7052C36.8609 15.259 37.3135 14.9451 37.832 14.8329L39.8609 14.394C40.4004 14.2773 40.7437 13.7455 40.627 13.2059C40.5107 12.6659 39.9785 12.3227 39.4389 12.4394L37.4105 12.8783C35.2531 13.3469 33.8819 15.4728 34.3451 17.6311L34.7277 19.4087C34.9066 20.216 35.3318 20.9473 35.9446 21.5025L33.8943 22.529C33.7767 22.5881 33.6719 22.6691 33.5854 22.7679C33.2032 23.2096 33.033 23.7954 33.1195 24.373C33.1986 24.9322 33.5149 25.4306 33.9872 25.7405L41.5716 31.0933C42.1963 31.4841 42.6851 32.0585 42.9711 32.7381C43.7217 34.5464 42.8998 36.6242 41.1144 37.4287L27.0476 43.6905C26.5456 43.9134 25.9744 43.9203 25.4673 43.7093C24.9602 43.4983 24.5625 43.0882 24.3671 42.5747C24.028 41.523 24.5557 40.3875 25.5781 39.9683L35.433 35.5802C36.1044 35.2814 36.5574 34.6374 36.6128 33.9043C36.6682 33.1711 36.3167 32.4667 35.6975 32.07L26.1996 25.9876C24.3721 24.7414 23.6952 22.3675 24.5909 20.3446C24.8627 19.892 25.2115 19.4901 25.622 19.1579L35.9639 10.7597C38.3465 8.81283 41.8178 8.99131 43.9881 11.1725C44.8553 12.0384 45.4535 13.1368 45.7107 14.335L46.3103 17.0993L44.8915 17.3995C44.3071 17.5245 43.8521 17.9853 43.735 18.5716C43.6178 19.1583 43.8599 19.7583 44.3519 20.0988L47.9482 22.6032ZM50.7295 11.9973C47.9688 11.9973 45.7304 9.75927 45.7304 6.99864C45.7304 4.23755 47.9688 1.99958 50.7295 1.99958C53.4901 1.99958 55.7285 4.23755 55.7285 6.99864C55.7249 9.7579 53.4887 11.994 50.7295 11.9973V11.9973Z\" fill=\"#4546A3\" fill-opacity=\"0.5\"/>\r\n<path d=\"M11.2381 27.9939C11.6843 27.9944 12.0765 27.6992 12.2001 27.2704C12.3232 26.8415 12.1475 26.3829 11.769 26.1463L3.77085 21.1473C3.30128 20.8548 2.68344 20.9981 2.39099 21.4672C2.09808 21.9367 2.24133 22.5546 2.7109 22.847L10.709 27.8461C10.8683 27.9436 11.0514 27.9948 11.2381 27.9939Z\" fill=\"#4546A3\" fill-opacity=\"0.5\"/>\r\n<path d=\"M9.70858 22.843L17.7067 27.8421C18.1758 28.1345 18.7937 27.9913 19.0861 27.5221C19.379 27.0526 19.2358 26.4352 18.7662 26.1423L10.7681 21.1437C10.299 20.8508 9.68112 20.994 9.38821 21.4636C9.09577 21.9327 9.23902 22.5505 9.70858 22.843Z\" fill=\"#4546A3\" fill-opacity=\"0.5\"/>\r\n</g>\r\n<defs>\r\n<clipPath id=\"clip0\">\r\n<rect width=\"60\" height=\"60\" fill=\"white\"/>\r\n</clipPath>\r\n</defs>\r\n</svg>\r\n'),
(8, 'surfing', 3, '<svg width=\"60\" height=\"60\" viewBox=\"0 0 60 60\" fill=\"none\" xmlns=\"http://www.w3.org/2000/svg\">\r\n<g clip-path=\"url(#clip0)\">\r\n<path d=\"M59.9884 0.855408L59.9532 0.0350952L59.1329 -6.1035e-05C59.1212 -6.1035e-05 58.9688 -0.0117798 58.6876 -0.0117798C57.2462 -0.0117798 52.0079 0.164002 45.0938 2.42572C36.3282 5.30853 28.3243 10.3124 21.3282 17.2968C15.7852 22.8398 10.3712 29.6132 6.48054 35.8945C3.39851 40.8632 -0.222586 47.8945 0.0117891 53.2148L0.0235078 53.5663L6.43366 59.9765L6.78523 59.9882C6.94929 59.9999 7.11335 59.9999 7.27741 59.9999C12.6563 59.9999 19.5704 56.3671 24.4337 53.3203C30.6094 49.4413 37.2657 44.1093 42.7032 38.6718C46.8399 34.5351 50.3204 29.9882 53.0509 25.1367C55.2423 21.2578 56.9532 17.1796 58.1485 13.0195C60.1876 5.90619 60.0001 1.06635 59.9884 0.855408ZM56.4024 12.5976C55.2423 16.6171 53.5782 20.5546 51.4571 24.3046C48.8087 28.9921 45.4337 33.3984 41.4376 37.4062C36.0938 42.7499 29.5548 47.9999 23.4844 51.7968C16.8868 55.9453 11.1329 58.2187 7.2657 58.2187C7.24226 58.2187 7.21882 58.2187 7.19538 58.2187L1.78132 52.8046C1.75788 48.996 3.94929 43.3593 7.99226 36.8437C11.8243 30.6796 17.1446 24.0117 22.5938 18.5624C29.3907 11.7656 37.1485 6.914 45.668 4.12494C51.6915 2.15619 56.3673 1.82806 58.2188 1.78119C58.1719 3.45697 57.9024 7.44135 56.4024 12.5976Z\" fill=\"#4546A3\" fill-opacity=\"0.5\"/>\r\n<path d=\"M35.4492 38.1914C34.6054 38.9531 33.75 39.7031 32.8711 40.4531C32.4961 40.7695 32.4492 41.332 32.7656 41.707C33.082 42.082 33.6445 42.1406 34.0312 41.8125C34.9218 41.0625 35.789 40.2891 36.6445 39.5156C37.0078 39.1875 37.043 38.6133 36.7031 38.25C36.3633 37.8867 35.8125 37.8633 35.4492 38.1914Z\" fill=\"#4546A3\" fill-opacity=\"0.5\"/>\r\n<path d=\"M55.3007 4.68754C54.8202 4.62894 54.3866 4.96879 54.3163 5.44926C54.0233 7.54691 53.5546 9.69144 52.9218 11.8477C51.8319 15.5743 50.2616 19.2305 48.2929 22.711C45.8202 27.0704 42.6679 31.1719 38.9296 34.9102C38.7772 35.0625 38.6132 35.2266 38.4491 35.3789C38.0976 35.7188 38.0976 36.2813 38.4374 36.6329C38.7772 36.9844 39.3515 36.9961 39.703 36.6446C39.8671 36.4805 40.0311 36.3164 40.1952 36.1641C44.039 32.3204 47.2968 28.0899 49.8515 23.5899C51.9022 19.9922 53.5077 16.2071 54.6444 12.3516C55.3007 10.1133 55.7929 7.88676 56.0976 5.69535C56.1444 5.19144 55.7929 4.74613 55.3007 4.68754Z\" fill=\"#4546A3\" fill-opacity=\"0.5\"/>\r\n</g>\r\n<defs>\r\n<clipPath id=\"clip0\">\r\n<rect width=\"60\" height=\"60\" fill=\"white\"/>\r\n</clipPath>\r\n</defs>\r\n</svg>'),
(9, 'scuba diving', 3, '<svg width=\"60\" height=\"46\" viewBox=\"0 0 60 46\" fill=\"none\" xmlns=\"http://www.w3.org/2000/svg\">\r\n<g clip-path=\"url(#clip0)\">\r\n<path d=\"M8.99754 27.14C9.99182 24.7586 8.87479 22.009 6.49345 21.0148C5.33961 20.5361 4.07529 20.5238 2.90916 21.0025C1.75532 21.4812 0.846971 22.365 0.368248 23.5189C-0.540099 25.6793 0.306873 28.1588 2.25859 29.3372L2.46727 30.8838C2.52864 31.3503 2.77414 31.7799 3.15466 32.0622C3.47381 32.3077 3.84206 32.4305 4.23486 32.4305C4.30851 32.4305 4.39443 32.4305 4.46808 32.4182L6.44435 32.1604C7.41407 32.0254 8.10147 31.1293 7.97872 30.1596L7.80687 28.8339C8.31015 28.3675 8.7275 27.7906 8.99754 27.14ZM4.28396 30.577L4.21031 29.9878C4.36988 30 4.52946 30.0123 4.68903 30.0123C5.15548 30.0123 5.62193 29.9387 6.0761 29.8036L6.14975 30.3437L4.28396 30.577ZM7.3036 26.428C7.009 27.1277 6.4689 27.6678 5.75696 27.9624C5.05728 28.2447 4.28396 28.2447 3.58429 27.9501C2.14812 27.3487 1.46072 25.6793 2.06219 24.2308C2.35679 23.5311 2.89689 22.991 3.60884 22.6964C3.95254 22.5491 4.32078 22.4878 4.67676 22.4878C5.04501 22.4878 5.42553 22.5614 5.76923 22.7087C7.21767 23.3225 7.90507 24.9796 7.3036 26.428Z\" fill=\"#4546A3\" fill-opacity=\"0.5\"/>\r\n<path d=\"M25.2373 13.5883C25.9738 13.4901 26.698 13.6865 27.2872 14.1407C27.8764 14.5949 28.257 15.2455 28.3429 15.982C28.5393 17.4304 27.5573 18.7807 26.1334 19.063L21.4812 19.6767L20.757 14.1898L25.2373 13.5883ZM12.054 41.2561L11.0843 43.2446C10.937 43.5515 10.6424 43.7602 10.311 43.797C10.1146 43.8216 9.91817 43.7847 9.73405 43.6988C9.23077 43.4533 9.03437 42.8518 9.2676 42.3486L13.0483 34.6276C13.1342 34.4681 13.1588 34.2839 13.1342 34.0998L12.1031 26.5262L14.2512 27.3977L15.2087 34.419C15.2332 34.6154 15.2087 34.824 15.1105 34.9959L13.8216 37.6227L12.054 41.2561ZM15.4787 38.4329L16.7676 35.806C17.0131 35.2905 17.1113 34.7258 17.0376 34.1735L16.2275 28.2078L22.144 30.6014L28.527 37.5982C29.0671 38.1996 29.8404 38.5311 30.626 38.5311C30.7488 38.5311 30.8715 38.5188 30.9943 38.5065C31.5712 38.4329 32.1113 38.1751 32.5409 37.7823C33.6948 36.7266 33.7807 34.9222 32.725 33.7561L25.9124 26.2807C25.6301 25.9738 25.2741 25.716 24.8813 25.5564L23.8134 25.1268L27.9378 24.5744C27.9746 24.5867 28.0237 24.6113 28.0606 24.6113L41.8699 27.9746C42.0908 28.0237 42.3118 28.0605 42.545 28.0605C42.6678 28.0605 42.7905 28.0482 42.9255 28.036C43.3674 27.9746 43.7971 27.815 44.1653 27.5573L53.4943 21.1252L55.4951 22.5613C56.1088 23.0032 56.8699 23.1751 57.6187 23.0523C58.3674 22.9296 59.0303 22.5245 59.4722 21.8985C60.3805 20.6219 60.0859 18.842 58.8216 17.9214L55.2005 15.3191C54.2308 14.6194 52.9174 14.6072 51.9231 15.2823L41.9681 22.144L37.5123 21.0638L42.6923 19.0507C43.4043 18.7684 43.9812 18.2037 44.2881 17.5041L49.0139 6.3093L50.2537 6.67754C50.9779 6.89849 51.7512 6.81257 52.4264 6.44432C53.0892 6.07607 53.5802 5.4746 53.8012 4.75038C54.2431 3.24056 53.3838 1.65709 51.874 1.21519L48.1915 0.122716C46.8044 -0.294633 45.3192 0.40504 44.7668 1.74301L42.8273 6.34612L41.1579 10.2987L39.5131 14.1653L29.9386 17.8846C30.1719 17.2217 30.2701 16.4852 30.1719 15.7365C30.0123 14.5212 29.3863 13.4288 28.4043 12.68C27.4223 11.9312 26.2193 11.6121 24.9918 11.7717L20.5115 12.3609L19.6154 12.4836L14.3003 13.1833L10.6547 13.662C8.1383 13.9934 6.35843 16.3134 6.68986 18.842C6.84943 20.0573 7.47546 21.1497 8.45745 21.8985C8.94845 22.279 9.50082 22.5491 10.0777 22.6964C10.0041 22.905 9.94272 23.126 9.91817 23.3469C9.88135 23.5924 9.89362 23.8379 9.91817 24.0712V24.0834L11.2807 34.063L7.62275 41.5384C6.93536 42.95 7.51228 44.6563 8.9239 45.3559C9.3167 45.5523 9.74632 45.6505 10.1759 45.6505C10.2987 45.6505 10.4214 45.6383 10.5442 45.626C11.4894 45.5032 12.3118 44.914 12.7291 44.0548L13.6989 42.0663L15.4787 38.4329ZM44.5213 7.05807L46.4607 2.45496C46.6571 1.98851 47.1849 1.73074 47.6759 1.87804L51.3584 2.97051C51.8863 3.13008 52.1931 3.69473 52.0336 4.22255C51.9599 4.48033 51.7881 4.689 51.5548 4.82403C51.3216 4.94677 51.0516 4.9836 50.7938 4.90995L48.7684 4.30848C48.3142 4.17345 47.8355 4.40668 47.6637 4.8363L42.6187 16.7798C42.5082 17.0253 42.3118 17.234 42.054 17.3322L34.1612 20.4009L28.4411 22.6227C28.3674 22.6473 28.2938 22.6718 28.2079 22.6841L20.1309 23.752C19.7136 23.8011 19.3944 24.1325 19.3331 24.5499C19.284 24.9672 19.5172 25.36 19.8977 25.5196L24.194 27.2627C24.329 27.324 24.464 27.41 24.5622 27.5204L31.3748 34.9959C31.7553 35.4009 31.7185 36.0515 31.3134 36.4198C31.1661 36.5548 30.9697 36.653 30.7733 36.6775C30.4419 36.7266 30.1228 36.6039 29.9018 36.3584L23.3838 29.2144C23.2856 29.1162 23.1751 29.0302 23.0524 28.9811L12.3977 24.6726C11.9804 24.5008 11.7226 24.0589 11.7717 23.617C11.8331 23.1628 12.189 22.8068 12.6309 22.7455L17.0499 22.1563L20.8429 21.653L26.2193 20.941C26.3052 20.9288 26.3789 20.9165 26.4648 20.9042L27.7046 20.7446C27.7782 20.7324 27.8519 20.7201 27.9133 20.6955L40.5565 15.7733C40.7897 15.6874 40.9738 15.5032 41.072 15.27L42.8642 11.0352L44.5213 7.05807ZM18.9403 14.423L19.6645 19.91L16.1784 20.3764L15.4542 14.8772L18.9403 14.423ZM9.57447 20.4378C8.98528 19.9836 8.60475 19.333 8.51883 18.5965C8.32243 17.0867 9.39035 15.6874 10.9002 15.491L13.6375 15.135L14.3617 20.6342L12.5327 20.8797L11.6367 21.0024C10.8879 21.0883 10.1637 20.8919 9.57447 20.4378ZM57.9624 20.8306C57.8028 21.0515 57.5696 21.1988 57.3118 21.2356C57.0417 21.2847 56.784 21.2234 56.563 21.0638L54.0467 19.2594C53.7275 19.0384 53.3102 19.0262 52.991 19.2471L43.1219 26.0474C42.9869 26.1334 42.8396 26.1947 42.68 26.2193C42.5573 26.2316 42.4345 26.2316 42.3118 26.1947L31.2521 23.4942L34.5295 22.2176L41.9435 24.0221C42.2013 24.0834 42.4714 24.0343 42.68 23.887L52.9542 16.8167C53.2979 16.5712 53.7643 16.5834 54.108 16.8289L57.7291 19.4312C58.1833 19.7504 58.2815 20.3764 57.9624 20.8306Z\" fill=\"#4546A3\" fill-opacity=\"0.5\"/>\r\n</g>\r\n<defs>\r\n<clipPath id=\"clip0\">\r\n<rect width=\"60\" height=\"45.6506\" fill=\"white\"/>\r\n</clipPath>\r\n</defs>\r\n</svg>'),
(10, 'swimming', 3, '<svg width=\"60\" height=\"46\" viewBox=\"0 0 60 46\" fill=\"none\" xmlns=\"http://www.w3.org/2000/svg\">\r\n<g clip-path=\"url(#clip0)\">\r\n<path d=\"M43.9386 9.94812C39.5434 9.94812 35.9701 13.5215 35.9701 17.9166C35.9701 22.3117 39.5434 25.885 43.9386 25.885C48.3337 25.885 51.907 22.3117 51.907 17.9166C51.907 13.5215 48.3337 9.94812 43.9386 9.94812ZM43.9386 23.8929C40.6391 23.8929 37.9622 21.216 37.9622 17.9166C37.9622 14.6171 40.6391 11.9402 43.9386 11.9402C47.238 11.9402 49.9149 14.6171 49.9149 17.9166C49.9149 21.216 47.238 23.8929 43.9386 23.8929Z\" fill=\"#4546A3\" fill-opacity=\"0.5\"/>\r\n<path d=\"M56.1279 32.8575C54.7334 32.1603 53.065 32.1603 51.6705 32.8575L47.2629 35.0613C47.0886 35.1484 46.9019 35.2107 46.7151 35.2605C46.6902 35.2231 46.6653 35.1858 46.628 35.1484L28.4126 16.9206L38.6595 6.67364C39.0455 6.28767 39.0455 5.65269 38.6595 5.26671L33.6792 0.286427C33.2932 -0.0995448 32.6583 -0.0995448 32.2723 0.286427L15.3393 17.2194C14.9533 17.6054 14.9533 18.2404 15.3393 18.6263L23.5941 26.8812L15.4514 35.0239L15.3891 35.0613C14.5425 35.4846 13.5589 35.4846 12.7122 35.0613L8.30466 32.8575C6.91018 32.1603 5.24178 32.1603 3.8473 32.8575L0.560312 34.501C0.0622838 34.75 -0.136928 35.3476 0.112087 35.8332C0.361101 36.3312 0.958735 36.5305 1.44431 36.2814L4.74375 34.6255C5.57795 34.2022 6.58646 34.2022 7.42066 34.6255L11.8282 36.8293C13.2227 37.5265 14.8911 37.5265 16.2856 36.8293L16.4972 36.7297L20.6931 34.638C21.5273 34.2146 22.5358 34.2146 23.37 34.638L27.5659 36.7297L27.7776 36.8293C29.1721 37.5265 30.8405 37.5265 32.2349 36.8293L32.4466 36.7297L36.6425 34.638C37.4767 34.2146 38.4852 34.2146 39.3194 34.638L43.5153 36.7297L43.7269 36.8293C44.4242 37.1779 45.1837 37.3522 45.9556 37.3522C46.7276 37.3522 47.4871 37.1779 48.1843 36.8293L52.5919 34.6255C53.4261 34.2022 54.4346 34.2022 55.2688 34.6255L58.5682 36.2814C59.0662 36.5305 59.6639 36.3312 59.9004 35.8332C60.1494 35.3352 59.9502 34.7376 59.4522 34.501L56.1279 32.8575ZM40.1909 32.8575C38.7965 32.1603 37.1281 32.1603 35.7336 32.8575L31.5377 34.9492L31.326 35.0488C30.4918 35.4721 29.4833 35.4721 28.6491 35.0488L28.4375 34.9492L24.2416 32.8575C24.005 32.733 23.756 32.6458 23.507 32.5711C23.4447 32.5462 23.3825 32.5338 23.3202 32.5213C23.0712 32.4591 22.8222 32.3968 22.5607 32.3719C22.5234 32.3719 22.4985 32.3719 22.4611 32.3595C22.3242 32.3346 22.1748 32.3221 22.0253 32.3346C21.8635 32.347 21.7141 32.347 21.5647 32.3595C21.3032 32.3844 21.0417 32.4217 20.7927 32.484L25.6859 27.5908C26.0718 27.2049 26.0718 26.5699 25.6859 26.1839L17.431 17.9166L32.982 2.3906L36.5553 5.96395L26.3084 16.2109C25.9224 16.5969 25.9224 17.2319 26.3084 17.6178L42.8803 34.1897L40.1909 32.8575Z\" fill=\"#4546A3\" fill-opacity=\"0.5\"/>\r\n<path d=\"M56.1279 41.3489C54.7334 40.6516 53.065 40.6516 51.6705 41.3489L47.2629 43.5526C46.4288 43.976 45.4202 43.976 44.586 43.5526L40.1785 41.3489C38.784 40.6516 37.1156 40.6516 35.7211 41.3489L31.3136 43.5526C30.4794 43.976 29.4709 43.976 28.6367 43.5526L24.2291 41.3489C22.8346 40.6516 21.1662 40.6516 19.7718 41.3489L15.3642 43.5526C14.53 43.976 13.5215 43.976 12.6873 43.5526L8.27976 41.3489C6.88528 40.6516 5.21688 40.6516 3.8224 41.3489L0.560312 43.0048C0.0622838 43.2538 -0.136928 43.8515 0.112087 44.337C0.361101 44.8351 0.958735 45.0343 1.44431 44.7853L4.74375 43.1293C5.57795 42.706 6.58646 42.706 7.42066 43.1293L11.8282 45.3331C13.2227 46.0303 14.8911 46.0303 16.2856 45.3331L20.6931 43.1293C21.5273 42.706 22.5358 42.706 23.37 43.1293L27.7776 45.3331C29.1721 46.0303 30.8405 46.0303 32.2349 45.3331L36.6425 43.1293C37.4767 42.706 38.4852 42.706 39.3194 43.1293L43.7269 45.3331C44.4242 45.6817 45.1837 45.856 45.9556 45.856C46.7276 45.856 47.4871 45.6817 48.1843 45.3331L52.5919 43.1293C53.4261 42.706 54.4346 42.706 55.2688 43.1293L58.5682 44.7853C59.0662 45.0343 59.6639 44.8351 59.9004 44.337C60.1494 43.839 59.9502 43.2414 59.4522 43.0048L56.1279 41.3489Z\" fill=\"#4546A3\" fill-opacity=\"0.5\"/>\r\n</g>\r\n<defs>\r\n<clipPath id=\"clip0\">\r\n<rect width=\"60\" height=\"45.856\" fill=\"white\"/>\r\n</clipPath>\r\n</defs>\r\n</svg>'),
(11, 'waterpolo', 3, '<svg width=\"60\" height=\"48\" viewBox=\"0 0 60 48\" fill=\"none\" xmlns=\"http://www.w3.org/2000/svg\">\r\n<g clip-path=\"url(#clip0)\">\r\n<path d=\"M59.0978 43.2103C56.9772 43.2103 55.8758 44.0656 54.9151 44.8272C54.0363 45.5185 53.3333 46.0574 51.8219 46.0574C50.3105 46.0574 49.6192 45.5068 48.7288 44.8272C48.6585 44.7686 48.5765 44.71 48.5062 44.6515C48.1195 44.3468 47.5571 44.4171 47.2525 44.8155C46.9479 45.2021 47.0182 45.7645 47.4165 46.0691C47.4868 46.1277 47.5571 46.1746 47.6274 46.2332C48.5882 46.9947 49.6895 47.85 51.8102 47.85C53.9309 47.85 55.0322 46.9947 55.993 46.2332C56.8717 45.5419 57.5747 45.0029 59.0861 45.0029C59.5782 45.0029 59.9766 44.6046 59.9766 44.1125C59.9883 43.6087 59.5899 43.2103 59.0978 43.2103Z\" fill=\"#4546A3\" fill-opacity=\"0.5\"/>\r\n<path d=\"M59.0979 36.0047C56.9772 36.0047 55.8758 36.86 54.9151 37.6216C54.0364 38.3128 53.3334 38.8518 51.8219 38.8518C51.2361 38.8518 50.7675 38.7698 50.3691 38.6292C53.1928 34.5167 54.6808 29.7247 54.6808 24.6866C54.6808 17.4224 51.5056 10.5565 45.9754 5.85823C41.5232 2.08553 35.8524 0 29.9942 0C18.0434 0 7.8266 8.51787 5.70592 20.2578C5.70592 20.2695 5.70592 20.2695 5.70592 20.2812C5.44816 21.7223 5.31928 23.2103 5.31928 24.6866C5.31928 26.5378 5.51846 28.3773 5.92854 30.1582C6.61981 33.2162 7.86175 36.0633 9.63094 38.6292C9.23258 38.7698 8.76392 38.8518 8.1781 38.8518C6.66667 38.8518 5.9754 38.3011 5.08495 37.6216C4.1242 36.86 3.02285 36.0047 0.90217 36.0047C0.410079 36.0047 0.0117188 36.403 0.0117188 36.8951C0.0117188 37.3872 0.410079 37.7856 0.90217 37.7856C2.41359 37.7856 3.10487 38.3363 3.99532 39.0158C4.95607 39.7774 6.05742 40.6327 8.1781 40.6327C10.2988 40.6327 11.4001 39.7774 12.3609 39.0158C13.2396 38.3245 13.9426 37.7856 15.454 37.7856C16.9654 37.7856 17.6567 38.3363 18.5472 39.0158C19.5079 39.7774 20.6093 40.6327 22.7299 40.6327C24.8506 40.6327 25.952 39.7774 26.9127 39.0158C27.7915 38.3245 28.4945 37.7856 30.0059 37.7856C31.5173 37.7856 32.2086 38.3363 33.099 39.0158C34.0598 39.7774 35.1611 40.6327 37.2818 40.6327C39.4025 40.6327 40.5038 39.7774 41.4646 39.0158C42.3433 38.3245 43.0463 37.7856 44.5577 37.7856C46.0692 37.7856 46.7604 38.3363 47.6509 39.0158C48.6116 39.7774 49.713 40.6327 51.8337 40.6327C53.9543 40.6327 55.0557 39.7774 56.0164 39.0158C56.8952 38.3245 57.5982 37.7856 59.1096 37.7856C59.6017 37.7856 60 37.3872 60 36.8951C60 36.403 59.59 36.0047 59.0979 36.0047ZM29.9942 1.7809C31.2127 1.7809 32.4312 1.87463 33.6145 2.07381C26.1863 4.628 19.3439 8.78735 13.6614 14.2355L10.6034 12.4663C14.6925 5.9754 21.9215 1.7809 29.9942 1.7809ZM11.2595 37.6216C11.2244 37.645 11.1892 37.6801 11.1541 37.7036C10.0996 36.1804 9.2443 34.5518 8.58817 32.8295C10.0527 34.1066 11.5759 35.3017 13.1693 36.4148C12.3843 36.7428 11.7985 37.1998 11.2595 37.6216ZM29.1037 32.6772C26.7604 31.693 24.4406 30.6034 22.191 29.4435C21.7575 29.2209 21.2185 29.3849 20.9959 29.8301C20.7733 30.2636 20.9373 30.8026 21.3826 31.0252C23.9016 32.3257 26.5027 33.5325 29.1154 34.6104V36.075C27.5571 36.2742 26.6432 36.9889 25.8231 37.6333C24.9444 38.3245 24.2414 38.8635 22.7299 38.8635C21.2185 38.8635 20.5273 38.3128 19.6368 37.6333C18.7229 36.9186 17.6802 36.0984 15.7469 36.0281C12.8295 34.1418 10.0879 31.9508 7.60399 29.5255C7.26421 27.9555 7.08847 26.3269 7.08847 24.6983C7.08847 23.8196 7.13533 22.9408 7.24078 22.0621C10.7089 24.71 14.3878 27.147 18.184 29.2912C18.3246 29.3732 18.4769 29.4083 18.6175 29.4083C18.9221 29.4083 19.2267 29.2443 19.3908 28.9514C19.6368 28.5179 19.4845 27.9789 19.051 27.7329C15.0439 25.4599 11.1775 22.8822 7.54541 20.0469C7.99063 17.9028 8.71705 15.8758 9.70124 14.0012L29.092 25.1904L29.1037 32.6772ZM23.5267 19.9297C28.2836 16.3093 33.4037 13.1342 38.7464 10.4862C39.1916 10.2636 39.3673 9.73638 39.1447 9.29115C38.9221 8.84593 38.3949 8.67018 37.9496 8.89279C32.2789 11.7047 26.8541 15.1025 21.8512 18.9689L15.2666 15.1611C21.406 9.3966 28.9045 5.16696 37.0123 2.88225C39.3908 3.64382 41.6403 4.79203 43.6556 6.29174C42.9994 6.56122 42.3433 6.84241 41.6989 7.13533C41.2537 7.3345 41.0428 7.86175 41.242 8.30697C41.3943 8.63503 41.7106 8.83421 42.0621 8.83421C42.1793 8.83421 42.3082 8.81078 42.4253 8.7522C43.3509 8.34212 44.2883 7.94376 45.2256 7.56883C46.8542 9.00996 48.2484 10.662 49.3732 12.4663L29.9942 23.6673L23.5267 19.9297ZM37.9965 38.8049C37.7739 38.8401 37.5396 38.8518 37.2701 38.8518C35.7587 38.8518 35.0674 38.3011 34.1769 37.6216C33.3568 36.9772 32.4429 36.2624 30.8846 36.0633V25.2021L37.3404 21.4763C38.0902 27.2056 38.3011 33.0287 37.9965 38.8049ZM46.4675 36.2976C45.9286 36.1218 45.2959 36.0047 44.5343 36.0047C42.4136 36.0047 41.3123 36.86 40.3515 37.6216C40.1641 37.7622 39.9883 37.9028 39.8126 38.0316C40.082 32.1851 39.8126 26.3035 39.0158 20.5038L45.6005 16.7077C47.1236 23.1634 47.4165 29.7364 46.4675 36.2976ZM48.7288 37.6216C48.5413 37.4692 48.3421 37.3169 48.143 37.1763C49.256 30.0176 48.9397 22.8237 47.2056 15.7821L50.2636 14.0129C51.9743 17.2583 52.8999 20.9139 52.8999 24.6866C52.8999 29.3966 51.5056 33.8723 48.846 37.7036C48.8108 37.6801 48.7757 37.6567 48.7288 37.6216Z\" fill=\"#4546A3\" fill-opacity=\"0.5\"/>\r\n<path d=\"M44.546 43.2103C42.4253 43.2103 41.324 44.0656 40.3632 44.8272C39.4845 45.5185 38.7815 46.0574 37.2701 46.0574C35.7586 46.0574 35.0674 45.5068 34.1769 44.8272C33.2162 44.0656 32.1148 43.2103 29.9941 43.2103C27.8735 43.2103 26.7721 44.0656 25.8114 44.8272C24.9326 45.5185 24.2296 46.0574 22.7182 46.0574C21.2068 46.0574 20.5155 45.5068 19.6251 44.8272C18.6643 44.0656 17.563 43.2103 15.4423 43.2103C13.3216 43.2103 12.2203 44.0656 11.2595 44.8272C10.3808 45.5185 9.6778 46.0574 8.16637 46.0574C6.65495 46.0574 5.96368 45.5068 5.07323 44.8272C4.11248 44.0656 3.01113 43.2103 0.890451 43.2103C0.39836 43.2103 0 43.6087 0 44.1008C0 44.5929 0.39836 44.9912 0.890451 44.9912C2.40187 44.9912 3.09315 45.5419 3.9836 46.2215C4.94435 46.983 6.04569 47.8383 8.16637 47.8383C10.2871 47.8383 11.3884 46.983 12.3492 46.2215C13.2279 45.5302 13.9309 44.9912 15.4423 44.9912C16.9537 44.9912 17.645 45.5419 18.5354 46.2215C19.4962 46.983 20.5975 47.8383 22.7182 47.8383C24.8389 47.8383 25.9402 46.983 26.901 46.2215C27.7797 45.5302 28.4827 44.9912 29.9941 44.9912C31.5056 44.9912 32.1968 45.5419 33.0873 46.2215C34.048 46.983 35.1494 47.8383 37.2701 47.8383C39.3907 47.8383 40.4921 46.983 41.4528 46.2215C42.3316 45.5302 43.0346 44.9912 44.546 44.9912C45.0381 44.9912 45.4364 44.5929 45.4364 44.1008C45.4364 43.6087 45.0381 43.2103 44.546 43.2103Z\" fill=\"#4546A3\" fill-opacity=\"0.5\"/>\r\n</g>\r\n<defs>\r\n<clipPath id=\"clip0\">\r\n<rect width=\"60\" height=\"47.85\" fill=\"white\"/>\r\n</clipPath>\r\n</defs>\r\n</svg>'),
(12, 'windsurfing', 3, '<svg width=\"60\" height=\"65\" viewBox=\"0 0 60 65\" fill=\"none\" xmlns=\"http://www.w3.org/2000/svg\">\r\n<g clip-path=\"url(#clip0)\">\r\n<path d=\"M56.907 51.3244H25.7125C30.7167 48.5331 38.6505 46.2951 44.6479 45.4527C45 45.4024 45.2892 45.1761 45.4275 44.8492C48.5583 37.5189 50.1425 29.7234 50.1425 21.6891C50.1425 15.591 49.2121 9.58093 47.3889 3.82234C47.2883 3.508 47.0495 3.26911 46.7351 3.16852C43.3529 2.09979 38.5373 0.955615 33.508 0.0126147C33.1308 -0.0628254 32.7284 0.100628 32.5021 0.414962C21.8399 15.3269 16.1945 32.9296 16.1693 51.3119H3.09304C1.38307 51.3119 0 52.7075 0 54.4049C0 56.1149 1.39564 57.4979 3.09304 57.4979H42.0075C42.2464 59.2331 43.1014 60.8424 44.4971 62.0872C46.119 63.5457 48.2691 64.3504 50.5448 64.3504C51.7142 64.3504 52.8332 64.1367 53.9019 63.7343C54.5809 63.4703 55.0335 62.9673 55.1467 62.3513C55.2473 61.7477 55.0084 61.1316 54.4803 60.6664C53.4744 59.7989 52.8332 58.6924 52.6069 57.4979H56.907C58.6169 57.4979 60 56.1023 60 54.4049C60.0126 52.7075 58.6169 51.3244 56.907 51.3244ZM43.793 43.5415C39.9204 44.1325 35.6957 45.1761 31.8483 46.4963C28.8433 47.5273 24.7569 49.187 22.0411 51.3244H21.3747C21.3747 46.1191 21.8525 40.9766 22.7703 35.9347H46.3453C45.679 38.5248 44.824 41.0646 43.793 43.5415ZM46.8231 33.9229H23.1727C23.7008 31.3831 24.342 28.8684 25.0964 26.3915H47.9547C47.741 28.9439 47.3638 31.446 46.8231 33.9229ZM48.1308 21.6891C48.1308 22.5943 48.1056 23.487 48.0679 24.3923H25.7251C26.5675 21.8399 27.5356 19.3253 28.6295 16.8609H47.9296C48.0679 18.4577 48.1308 20.0671 48.1308 21.6891ZM45.6287 4.92879C46.622 8.16014 47.3135 11.4795 47.7158 14.8492H29.5474C31.5465 10.6371 33.8852 6.56333 36.5759 2.67816C39.9832 3.39484 43.202 4.18696 45.6287 4.92879ZM33.772 2.11236C33.9983 2.15008 34.2121 2.20038 34.4384 2.2381C24.5935 16.7477 19.3881 33.684 19.3755 51.3244H18.1936C18.2062 33.5709 23.6002 16.5717 33.772 2.11236ZM52.8961 61.9741C52.1417 62.2381 51.3495 62.3638 50.5323 62.3638C48.7469 62.3638 47.0872 61.7477 45.8298 60.6161C44.8743 59.7611 44.2582 58.6798 44.0319 57.5231H50.5448C50.7837 59.1953 51.5884 60.7544 52.8961 61.9741ZM56.907 55.5114H3.09304C2.48952 55.5114 1.99916 55.021 1.99916 54.4175C1.99916 53.8139 2.48952 53.3236 3.09304 53.3236H56.907C57.5105 53.3236 58.0008 53.8139 58.0008 54.4175C58.0008 55.021 57.5105 55.5114 56.907 55.5114Z\" fill=\"#4546A3\" fill-opacity=\"0.5\"/>\r\n</g>\r\n<defs>\r\n<clipPath id=\"clip0\">\r\n<rect width=\"60\" height=\"64.3504\" fill=\"white\"/>\r\n</clipPath>\r\n</defs>\r\n</svg>');
INSERT INTO `sports` (`id`, `sport`, `type_id`, `icon`) VALUES
(13, 'hiking', 1, '<svg width=\"60\" height=\"58\" viewBox=\"0 0 60 58\" fill=\"none\" xmlns=\"http://www.w3.org/2000/svg\">\r\n<g clip-path=\"url(#clip0)\">\r\n<path d=\"M59.9212 32.0762C59.6978 31.5375 59.0802 31.2878 58.5415 31.5112L54.5204 33.2063C54.4284 33.2457 54.3365 33.2983 54.2445 33.3771L47.5033 39.0933L47.3851 38.8042C46.7281 37.2405 44.9803 36.452 43.3772 36.9908L42.6413 37.2405L42.1026 36.6886L39.527 32.4047L42.4836 18.8962L44.0079 18.134C44.9409 17.661 45.5191 16.6754 45.4534 15.6242C45.3877 14.5729 44.7044 13.6662 43.7057 13.3114L44.3365 10.4336C44.4416 9.8686 44.0868 9.32983 43.5217 9.21157C42.9698 9.0933 42.4179 9.43496 42.2734 9.98686L41.4981 13.5085L33.3903 17.569L30.3417 14.954L30.3943 14.6912C30.5651 13.6268 30.368 12.523 29.8292 11.5769C31.6295 11.4586 33.2721 10.4862 34.2576 8.97504C35.2432 7.46387 35.4665 5.57162 34.8489 3.87648L38.5546 2.02366C39.0802 1.76084 39.2905 1.1301 39.0277 0.604471C38.7648 0.0788468 38.1341 -0.131403 37.6085 0.131409L33.7846 2.0368C31.8003 -0.341653 28.2524 -0.683308 25.8082 1.27464C23.3772 3.23259 22.9304 6.76741 24.8095 9.26413C24.4941 9.32983 24.1919 9.42182 23.9028 9.54008L24.0474 8.75165C24.1262 8.30486 24.0342 7.8318 23.7583 7.46387C23.4955 7.08279 23.0881 6.83312 22.6282 6.76741L17.7661 6.04468C16.3207 5.82129 14.9803 6.7937 14.7307 8.23916L13.5086 15.2037L12.1682 14.9146C11.5901 14.7963 10.9856 14.9014 10.4862 15.23C9.98691 15.5585 9.64525 16.071 9.52698 16.6491L8.51516 21.7871C8.39689 22.3785 8.5283 22.9961 8.86995 23.4823C9.21161 23.9816 9.75037 24.3101 10.3417 24.4021L12.9041 24.7963H12.9173L18.8437 25.5979L18.7911 25.7687C18.2918 27.2405 18.6728 28.8568 19.7767 29.9474C19.8161 29.9869 19.8555 30 19.8818 30.0394L22.3522 37.0434L17.2274 44.8357L14.5861 47.9632C14.3759 48.2129 14.297 48.5414 14.3627 48.8436C14.4284 49.159 14.6255 49.4218 14.9146 49.5664L20 52.1551L17.7267 53.5217L3.21949 55.3351L0.919884 55.5979C0.341697 55.6636 -0.0656615 56.1892 0.0131822 56.7674C0.0788852 57.3456 0.60451 57.753 1.1827 57.6741L3.39032 57.4244L18.1998 55.5848C18.3443 55.5716 18.4889 55.5191 18.6071 55.4402L32.6545 46.9514L40.0263 44.2313L47.3325 41.5375L48.0947 41.2615C48.2129 41.2221 48.3181 41.1564 48.41 41.0775L55.4797 35.0854L59.3562 33.456C59.8949 33.2195 60.1446 32.615 59.9212 32.0762ZM42.6939 39.435L44.0605 38.975C44.6124 38.7911 45.23 39.067 45.4534 39.6058L45.598 39.9474L40.4206 41.8528L40.2629 41.9054L39.4087 39.8292L41.1302 38.6859L41.6164 39.1721C41.9054 39.4612 42.3128 39.5664 42.6939 39.435ZM22.4836 29.0276C21.8792 28.975 21.3404 28.6465 20.9987 28.134C20.6702 27.6216 20.5914 26.9908 20.7753 26.4258L20.9987 25.7687H27.4508L34.2708 27.7135L37.3062 32.7595L36.7543 35.2694L33.7451 30.4731C33.5743 30.1971 33.2721 30.0131 32.9435 29.9737L22.4836 29.0276ZM26.7149 23.6662H21.4849L21.9711 20.7096L22.3128 20.6833C24.0736 20.5256 25.8082 20.0657 27.4245 19.3298L27.4771 19.3693L26.7149 23.6662ZM22.3259 18.5545L22.9435 14.7963C23.0618 15.3482 23.364 15.8344 23.7845 16.2024L25.6374 17.7924C24.573 18.1735 23.456 18.4363 22.3259 18.5545ZM38.2918 42.6413L37.2011 43.0355L37.6347 41.0381L38.2918 42.6413ZM39.8555 37.0171L38.9094 37.6478L38.4363 37.9632L38.3575 37.8318L38.8831 35.4008L39.8555 37.0171ZM37.9633 29.7766L35.8608 26.2812C35.7294 26.0578 35.506 25.887 35.2432 25.8081L28.7911 23.9685L29.3167 20.9724L31.3141 22.6938C32.1157 23.3903 33.2589 23.5217 34.205 23.0486L40.0789 20.1051L37.9633 29.7766ZM42.6019 15.3088C42.7333 15.2431 42.8778 15.23 43.0093 15.2825C43.1407 15.3219 43.2458 15.4271 43.3115 15.5453C43.4429 15.8082 43.3378 16.1235 43.075 16.2549L33.2589 21.1695C33.075 21.2615 32.8384 21.2352 32.6807 21.0907L28.2786 17.293L25.1512 14.5992C24.9935 14.4547 24.9278 14.2444 24.9935 14.0342C25.0592 13.8371 25.2432 13.6925 25.4534 13.6794H25.4928C25.6242 13.6794 25.7425 13.7188 25.8345 13.8108L33.1012 20.0657L42.6019 15.3088ZM33.1144 5.79501C33.1144 7.37188 32.1157 8.77793 30.6177 9.27727C29.1196 9.77661 27.4771 9.27727 26.5178 8.01577L32.9567 4.79632C33.0618 5.12484 33.1144 5.46649 33.1144 5.79501ZM29.435 2.11564C30.3154 2.11564 31.1696 2.44416 31.8266 3.02234L25.7688 6.04468C25.7688 5.96584 25.7425 5.88699 25.7425 5.79501C25.7556 3.77136 27.4114 2.11564 29.435 2.11564ZM26.2024 11.2878C27.188 11.4455 27.9895 12.1551 28.2655 13.1143L27.2142 12.2076C26.1367 11.2746 24.5204 11.3798 23.5743 12.431C24.1393 11.5637 25.1774 11.117 26.2024 11.2878ZM10.5782 22.1945L11.5901 17.0565L10.552 16.8594L11.7215 16.9777L13.1407 17.2799L12.2077 22.5756L10.6702 22.339L10.5782 22.1945ZM16.7937 8.59396C16.8463 8.29172 17.1354 8.08147 17.4508 8.1209L21.9054 8.77793L21.0907 13.0749V13.1012L19.3693 23.548L14.2839 22.8647L16.7937 8.59396ZM24.5073 36.82L22.5099 31.1432L26.2681 31.4849L27.1223 37.0828L20.9987 46.0315L19.5533 45.138L24.4153 37.753C24.573 37.477 24.6255 37.1354 24.5073 36.82ZM22.1025 50.8804L17.0434 48.3049L18.2918 46.8331L20.7491 48.3443C20.8279 48.3968 20.9199 48.4363 21.0119 48.4625C21.1039 48.4888 21.1958 48.502 21.301 48.502H21.4192C22.3785 48.502 23.2064 49.1459 23.456 50.0657L23.1275 50.2628L22.1025 50.8804ZM31.8397 45.0197C31.774 45.046 31.7215 45.0723 31.6558 45.1117L25.2826 48.9619C24.8489 47.9632 24.0474 47.1748 23.0487 46.7411L29.0802 37.9238C29.2248 37.7004 29.2905 37.4376 29.251 37.1748L28.41 31.682L32.234 32.0237L36.0973 38.2129L34.8489 43.9028L31.8397 45.0197Z\" fill=\"#4546A3\" fill-opacity=\"0.5\"/>\r\n</g>\r\n<defs>\r\n<clipPath id=\"clip0\">\r\n<rect width=\"60\" height=\"57.6873\" fill=\"white\"/>\r\n</clipPath>\r\n</defs>\r\n</svg>'),
(14, 'badminton', 2, '<svg width=\"60\" height=\"51\" viewBox=\"0 0 60 51\" fill=\"none\" xmlns=\"http://www.w3.org/2000/svg\">\r\n<g clip-path=\"url(#clip0)\">\r\n<path d=\"M59.507 50.7763C59.1932 51.0011 58.8048 51.0611 58.4313 50.9412L19.7361 38.2313H12.3406C5.54283 38.2313 0 32.6857 0 25.8512C0 19.0166 5.54283 13.4711 12.3406 13.4711H19.7211L58.4163 0.626308C58.5359 0.581345 58.6703 0.56636 58.7898 0.56636C59.0438 0.56636 59.2829 0.6413 59.492 0.79118C59.8058 1.016 59.9851 1.37571 59.9851 1.7654V49.8021C60 50.1918 59.8207 50.5515 59.507 50.7763ZM11.1454 15.9441C6.21514 16.5436 2.39044 20.7553 2.39044 25.8662C2.39044 30.9771 6.21514 35.1888 11.1454 35.7883V15.9441ZM18.7201 31.3068V15.8692H13.5359V35.8332H18.7201V31.3068ZM57.6096 3.41409L21.1106 15.5244V19.2265L57.6096 12.5268V3.41409ZM57.6096 14.9549L21.1106 21.6545V24.787H57.6096V14.9549ZM57.6096 27.2001H21.1106V30.3026L57.6096 36.7625V27.2001ZM57.6096 39.1906L21.1106 32.7307V36.163L57.6096 48.1534V39.1906Z\" fill=\"#4546A3\" fill-opacity=\"0.5\"/>\r\n<path d=\"M9.248 20.4993C7.42529 21.6534 6.33465 23.6168 6.33465 25.7751C6.33465 26.4346 5.7968 26.9741 5.13943 26.9741C4.48206 26.9741 3.94421 26.4346 3.94421 25.7751C3.94421 22.7925 5.45318 20.0646 7.96314 18.4609C8.15736 18.341 8.38147 18.2811 8.60557 18.2811C9.00896 18.2811 9.3974 18.4759 9.62151 18.8356C9.96513 19.4052 9.80079 20.1396 9.248 20.4993Z\" fill=\"#4546A3\" fill-opacity=\"0.5\"/>\r\n<path d=\"M5.58761 28.5929C5.78183 28.473 5.991 28.413 6.20016 28.413C6.60355 28.413 7.00693 28.6229 7.23104 28.9976C7.75395 29.8669 8.48602 30.6013 9.35255 31.1259C9.92028 31.4706 10.0996 32.205 9.75594 32.7746C9.41231 33.3441 8.68024 33.524 8.11251 33.1792C6.91729 32.4598 5.90136 31.4406 5.18422 30.2416C4.8406 29.672 5.01988 28.9376 5.58761 28.5929Z\" fill=\"#4546A3\" fill-opacity=\"0.5\"/>\r\n</g>\r\n<defs>\r\n<clipPath id=\"clip0\">\r\n<rect width=\"60\" height=\"50.4348\" fill=\"white\" transform=\"matrix(1 0 0 -1 0 51)\"/>\r\n</clipPath>\r\n</defs>\r\n</svg>'),
(15, 'basketball', 2, '<svg width=\"60\" height=\"60\" viewBox=\"0 0 60 60\" fill=\"none\" xmlns=\"http://www.w3.org/2000/svg\">\r\n<g clip-path=\"url(#clip0)\">\r\n<path d=\"M30 0C13.4961 0 0 13.4961 0 30C0 31.928 0.154242 33.7789 0.539846 35.6298L0.462725 35.7841C0.539846 35.8612 0.539846 35.8612 0.616967 35.9383C3.39332 49.6658 15.5013 60.0771 30.0771 60.0771C46.6581 60.0771 60.0771 46.581 60.0771 30.0771C60.0771 13.5733 46.581 0 30 0ZM55.6041 19.4344C55.527 29.2288 46.8123 31.3111 43.1877 31.6967C46.1954 21.2082 45.347 11.1054 44.7301 6.55527C49.5116 9.6401 53.3676 14.1131 55.6041 19.4344ZM42.108 5.16709C42.6478 7.7892 44.4987 19.5116 40.7969 31.6195C33.7789 29.7686 32.7763 24.6015 31.4653 17.6607C30.5398 12.9563 29.5373 7.63496 26.2982 2.62211C27.5321 2.46787 28.7661 2.39075 30.0771 2.39075C34.3188 2.39075 38.4062 3.39332 42.108 5.16709ZM23.7532 3.08483C27.2236 7.94344 28.2262 13.3419 29.1517 18.0463C30.4627 24.9871 31.6967 31.5424 40.1028 33.7789C39.4859 35.4756 38.7918 37.1722 37.8663 38.8689C20.5141 30.5398 9.87146 17.0437 7.55784 13.8817C11.4139 8.56041 17.1208 4.62725 23.7532 3.08483ZM6.16967 16.0411C9.40874 20.2828 19.9743 32.9306 36.6324 41.0283C36.0154 42.108 35.2442 43.1877 34.473 44.1902C29.9229 41.9537 25.6041 41.5681 21.5167 41.2596C15.8098 40.7969 9.87146 40.2571 2.69923 34.6272C2.46787 33.162 2.31362 31.6195 2.31362 30C2.39075 24.91 3.77892 20.1285 6.16967 16.0411ZM3.54756 38.1748C10.1799 42.6478 15.8098 43.1105 21.2853 43.5733C25.2185 43.8817 28.9974 44.1902 32.9306 46.0411C29.7686 49.82 25.527 53.1362 20.1285 55.8355C12.2622 52.8278 6.09254 46.2725 3.54756 38.1748ZM23.3676 56.838C28.3033 54.0617 32.1594 50.7455 35.1671 47.1208C36.401 47.8149 38.946 49.4344 39.563 51.8252C39.9486 53.2134 39.563 54.7558 38.5604 56.2982C35.8612 57.1465 33.0077 57.6864 30 57.6864C27.7635 57.6864 25.527 57.3779 23.3676 56.838ZM41.7224 55.0643C42.108 53.7532 42.1851 52.4422 41.7995 51.2082C40.9512 48.2005 38.2519 46.2725 36.6324 45.2699C37.4036 44.1902 38.1748 43.1105 38.7918 41.9537C42.9563 43.8046 47.4293 45.347 52.2108 46.4267C49.5116 50.1285 45.8869 53.0591 41.7224 55.0643ZM53.6761 44.3445C48.7404 43.3419 44.1902 41.7224 40.0257 39.8715C41.0283 37.9434 41.7995 36.0154 42.4936 34.1645C44.5758 34.0103 50.3599 33.2391 54.2931 29.2288C55.6041 27.9177 56.6067 26.2982 57.2236 24.5244C57.6092 26.2982 57.7635 28.1491 57.7635 30C57.6864 35.2442 56.2211 40.1799 53.6761 44.3445Z\" fill=\"#4546A3\" fill-opacity=\"0.5\"/>\r\n</g>\r\n<defs>\r\n<clipPath id=\"clip0\">\r\n<rect width=\"60\" height=\"60\" fill=\"white\"/>\r\n</clipPath>\r\n</defs>\r\n</svg>'),
(16, 'kickbox', 4, '<svg width=\"60\" height=\"61\" viewBox=\"0 0 60 61\" fill=\"none\" xmlns=\"http://www.w3.org/2000/svg\">\r\n<path d=\"M57.1106 31.0664L52.6414 26.6235C52.7239 26.3421 52.7593 26.049 52.7593 25.7442V18.9332C52.7593 18.2885 52.2287 17.7609 51.5801 17.7609H43.6912L35.3779 0.668891C35.201 0.317203 34.8708 0.0710213 34.4817 0.0124067C34.0925 -0.0462079 33.7034 0.10619 33.4322 0.399263L25.0245 9.89484L17.1946 7.05789C16.8998 6.95238 16.5814 6.9641 16.2984 7.09306C16.0154 7.22201 15.7913 7.46819 15.6852 7.74954L13.3386 14.1503C13.1735 14.5957 13.1145 15.0529 13.1499 15.5101L11.7467 16.2252C8.62176 17.8195 6.23978 20.4924 5.03699 23.7748L0.579605 35.9666C-0.293004 38.3464 -0.175084 40.9254 0.89799 43.2114C1.97106 45.4974 3.88137 47.2441 6.27515 48.1116L19.0341 52.7304C19.7063 52.9766 20.3902 53.0938 21.0741 53.0938C23.3028 53.0938 25.39 51.8395 26.3923 49.7176L28.6446 44.9347V50.5617C28.6446 55.7901 32.9251 60.0338 38.1726 60.0338H47.7123C52.9716 60.0338 57.2403 55.7784 57.2403 50.5617V45.7553C58.9265 44.3368 59.9996 42.2267 59.9996 39.8704V38.0533C60.0232 35.4039 58.9855 32.9304 57.1106 31.0664ZM42.9483 20.0938C42.9601 20.0938 42.9601 20.0938 42.9483 20.0938H50.4009V22.2156H43.821C43.1724 22.2156 42.6418 22.7432 42.6418 23.3879C42.6418 24.0327 43.1724 24.5602 43.821 24.5602H50.4009V25.7442C50.4009 26.26 49.9764 26.6821 49.4575 26.6821H36.4391C35.9203 26.6821 35.4958 26.26 35.4958 25.7442V20.1055L42.9483 20.0938ZM34.0336 3.2831L41.0734 17.7492H34.3166C33.668 17.7492 33.1374 18.2767 33.1374 18.9215V25.4277L31.3686 21.6412C31.5455 21.4068 31.687 21.1371 31.7813 20.8558L34.1279 14.4551C34.352 13.8455 34.0336 13.1773 33.4204 12.9545L27.4065 10.7741L34.0336 3.2831ZM15.5555 14.9709L16.1215 13.4352L23.3028 16.0377C23.4325 16.0845 23.574 16.108 23.7038 16.108C24.1872 16.108 24.6353 15.8149 24.8122 15.3343C25.0363 14.7247 24.7179 14.0565 24.1047 13.8337L16.9233 11.2312L17.4894 9.6721L31.4983 14.7364L29.5526 20.0352C29.4701 20.2696 29.2932 20.4572 29.0691 20.5627C28.8451 20.6682 28.5857 20.6799 28.3498 20.5979L16.1097 16.1666C15.8739 16.0845 15.6852 15.9087 15.5791 15.686C15.4847 15.4632 15.4729 15.2053 15.5555 14.9709ZM28.6564 39.4014L24.2698 48.7095C23.4915 50.3741 21.593 51.1478 19.8596 50.5265L7.0888 45.9077C5.28462 45.2512 3.846 43.9499 3.04414 42.2267C2.24228 40.5034 2.14794 38.5691 2.8083 36.7755L7.26568 24.6071C8.25621 21.8874 10.2373 19.66 12.8315 18.3353L14.164 17.6554C14.4942 17.9719 14.8833 18.2181 15.3314 18.3822L27.5715 22.8135C27.9371 22.9425 28.3262 23.0128 28.7036 23.0128C28.9394 23.0128 29.1635 22.9893 29.3875 22.9425L31.3332 27.0924C31.5808 27.6199 31.7813 28.1709 31.9464 28.7219C29.812 31.1954 28.6564 34.3371 28.6564 37.6078V39.4014ZM57.6648 39.8586C57.6648 42.8128 55.2474 45.216 52.2758 45.216H50.3537C48.7146 45.216 47.3821 43.8913 47.3821 42.2618C47.3821 40.6324 48.7146 39.3077 50.3537 39.3077H52.4763C53.1249 39.3077 53.6555 38.7801 53.6555 38.1354C53.6555 37.4906 53.1249 36.9631 52.4763 36.9631H50.3537C47.4175 36.9631 45.0237 39.3428 45.0237 42.2618C45.0237 45.1809 47.4175 47.5606 50.3537 47.5606H52.2758C53.1956 47.5606 54.08 47.3965 54.8937 47.1034V50.5617C54.8937 54.4889 51.6744 57.6892 47.7241 57.6892H38.1844C34.234 57.6892 31.0148 54.4889 31.0148 50.5617V37.6078C31.0148 34.7123 32.1115 31.9457 34.0925 29.8238L35.1066 28.7336C35.5194 28.9211 35.9675 29.0149 36.4509 29.0149H49.4693C50.1179 29.0149 50.7075 28.8274 51.2263 28.5108L55.4479 32.7077C56.8747 34.1261 57.6648 36.0252 57.6648 38.0299V39.8586Z\" fill=\"#4546A3\" fill-opacity=\"0.5\"/>\r\n<path d=\"M39.8247 22.556C39.6005 22.3331 39.3056 22.2158 38.987 22.2158C38.6684 22.2158 38.3735 22.3448 38.1493 22.556C37.9251 22.7788 37.8071 23.0721 37.8071 23.3888C37.8071 23.6937 37.9369 23.9987 38.1493 24.2216C38.3735 24.4444 38.6684 24.5617 38.987 24.5617C39.3056 24.5617 39.6005 24.4327 39.8247 24.2216C40.0489 23.9987 40.1669 23.7055 40.1669 23.3888C40.1669 23.0838 40.0489 22.7788 39.8247 22.556Z\" fill=\"#4546A3\" fill-opacity=\"0.5\"/>\r\n<path d=\"M14.7191 43.6805L14.6837 43.6688C14.0702 43.4459 13.3977 43.7626 13.1735 44.3726C12.9493 44.9825 13.2679 45.6511 13.8814 45.8739L13.9168 45.8857C14.0466 45.9326 14.1882 45.956 14.318 45.956C14.8017 45.956 15.25 45.6628 15.427 45.1819C15.6512 44.572 15.3326 43.9034 14.7191 43.6805Z\" fill=\"#4546A3\" fill-opacity=\"0.5\"/>\r\n<path d=\"M10.5085 42.1567L8.69252 41.5002C8.07934 41.2775 7.58407 40.832 7.31285 40.2342C7.04164 39.648 7.00626 38.9798 7.23031 38.3702C7.45436 37.7606 7.13597 37.0924 6.52279 36.8697C5.9096 36.6469 5.23746 36.9635 5.01341 37.5731C4.5771 38.7688 4.63607 40.07 5.1785 41.2306C5.72093 42.3912 6.68788 43.2704 7.89066 43.7041L9.70664 44.3606C9.83635 44.4075 9.97785 44.431 10.1076 44.431C10.591 44.431 11.0391 44.1379 11.216 43.6573C11.4401 43.0594 11.1217 42.3795 10.5085 42.1567Z\" fill=\"#4546A3\" fill-opacity=\"0.5\"/>\r\n</svg>\r\n'),
(17, 'waterpolo', 2, '<svg width=\"60\" height=\"48\" viewBox=\"0 0 60 48\" fill=\"none\" xmlns=\"http://www.w3.org/2000/svg\">\r\n<g clip-path=\"url(#clip0)\">\r\n<path d=\"M59.0978 43.2103C56.9772 43.2103 55.8758 44.0656 54.9151 44.8272C54.0363 45.5185 53.3333 46.0574 51.8219 46.0574C50.3105 46.0574 49.6192 45.5068 48.7288 44.8272C48.6585 44.7686 48.5765 44.71 48.5062 44.6515C48.1195 44.3468 47.5571 44.4171 47.2525 44.8155C46.9479 45.2021 47.0182 45.7645 47.4165 46.0691C47.4868 46.1277 47.5571 46.1746 47.6274 46.2332C48.5882 46.9947 49.6895 47.85 51.8102 47.85C53.9309 47.85 55.0322 46.9947 55.993 46.2332C56.8717 45.5419 57.5747 45.0029 59.0861 45.0029C59.5782 45.0029 59.9766 44.6046 59.9766 44.1125C59.9883 43.6087 59.5899 43.2103 59.0978 43.2103Z\" fill=\"#4546A3\" fill-opacity=\"0.5\"/>\r\n<path d=\"M59.0979 36.0047C56.9772 36.0047 55.8758 36.86 54.9151 37.6216C54.0364 38.3128 53.3334 38.8518 51.8219 38.8518C51.2361 38.8518 50.7675 38.7698 50.3691 38.6292C53.1928 34.5167 54.6808 29.7247 54.6808 24.6866C54.6808 17.4224 51.5056 10.5565 45.9754 5.85823C41.5232 2.08553 35.8524 0 29.9942 0C18.0434 0 7.8266 8.51787 5.70592 20.2578C5.70592 20.2695 5.70592 20.2695 5.70592 20.2812C5.44816 21.7223 5.31928 23.2103 5.31928 24.6866C5.31928 26.5378 5.51846 28.3773 5.92854 30.1582C6.61981 33.2162 7.86175 36.0633 9.63094 38.6292C9.23258 38.7698 8.76392 38.8518 8.1781 38.8518C6.66667 38.8518 5.9754 38.3011 5.08495 37.6216C4.1242 36.86 3.02285 36.0047 0.90217 36.0047C0.410079 36.0047 0.0117188 36.403 0.0117188 36.8951C0.0117188 37.3872 0.410079 37.7856 0.90217 37.7856C2.41359 37.7856 3.10487 38.3363 3.99532 39.0158C4.95607 39.7774 6.05742 40.6327 8.1781 40.6327C10.2988 40.6327 11.4001 39.7774 12.3609 39.0158C13.2396 38.3245 13.9426 37.7856 15.454 37.7856C16.9654 37.7856 17.6567 38.3363 18.5472 39.0158C19.5079 39.7774 20.6093 40.6327 22.7299 40.6327C24.8506 40.6327 25.952 39.7774 26.9127 39.0158C27.7915 38.3245 28.4945 37.7856 30.0059 37.7856C31.5173 37.7856 32.2086 38.3363 33.099 39.0158C34.0598 39.7774 35.1611 40.6327 37.2818 40.6327C39.4025 40.6327 40.5038 39.7774 41.4646 39.0158C42.3433 38.3245 43.0463 37.7856 44.5577 37.7856C46.0692 37.7856 46.7604 38.3363 47.6509 39.0158C48.6116 39.7774 49.713 40.6327 51.8337 40.6327C53.9543 40.6327 55.0557 39.7774 56.0164 39.0158C56.8952 38.3245 57.5982 37.7856 59.1096 37.7856C59.6017 37.7856 60 37.3872 60 36.8951C60 36.403 59.59 36.0047 59.0979 36.0047ZM29.9942 1.7809C31.2127 1.7809 32.4312 1.87463 33.6145 2.07381C26.1863 4.628 19.3439 8.78735 13.6614 14.2355L10.6034 12.4663C14.6925 5.9754 21.9215 1.7809 29.9942 1.7809ZM11.2595 37.6216C11.2244 37.645 11.1892 37.6801 11.1541 37.7036C10.0996 36.1804 9.2443 34.5518 8.58817 32.8295C10.0527 34.1066 11.5759 35.3017 13.1693 36.4148C12.3843 36.7428 11.7985 37.1998 11.2595 37.6216ZM29.1037 32.6772C26.7604 31.693 24.4406 30.6034 22.191 29.4435C21.7575 29.2209 21.2185 29.3849 20.9959 29.8301C20.7733 30.2636 20.9373 30.8026 21.3826 31.0252C23.9016 32.3257 26.5027 33.5325 29.1154 34.6104V36.075C27.5571 36.2742 26.6432 36.9889 25.8231 37.6333C24.9444 38.3245 24.2414 38.8635 22.7299 38.8635C21.2185 38.8635 20.5273 38.3128 19.6368 37.6333C18.7229 36.9186 17.6802 36.0984 15.7469 36.0281C12.8295 34.1418 10.0879 31.9508 7.60399 29.5255C7.26421 27.9555 7.08847 26.3269 7.08847 24.6983C7.08847 23.8196 7.13533 22.9408 7.24078 22.0621C10.7089 24.71 14.3878 27.147 18.184 29.2912C18.3246 29.3732 18.4769 29.4083 18.6175 29.4083C18.9221 29.4083 19.2267 29.2443 19.3908 28.9514C19.6368 28.5179 19.4845 27.9789 19.051 27.7329C15.0439 25.4599 11.1775 22.8822 7.54541 20.0469C7.99063 17.9028 8.71705 15.8758 9.70124 14.0012L29.092 25.1904L29.1037 32.6772ZM23.5267 19.9297C28.2836 16.3093 33.4037 13.1342 38.7464 10.4862C39.1916 10.2636 39.3673 9.73638 39.1447 9.29115C38.9221 8.84593 38.3949 8.67018 37.9496 8.89279C32.2789 11.7047 26.8541 15.1025 21.8512 18.9689L15.2666 15.1611C21.406 9.3966 28.9045 5.16696 37.0123 2.88225C39.3908 3.64382 41.6403 4.79203 43.6556 6.29174C42.9994 6.56122 42.3433 6.84241 41.6989 7.13533C41.2537 7.3345 41.0428 7.86175 41.242 8.30697C41.3943 8.63503 41.7106 8.83421 42.0621 8.83421C42.1793 8.83421 42.3082 8.81078 42.4253 8.7522C43.3509 8.34212 44.2883 7.94376 45.2256 7.56883C46.8542 9.00996 48.2484 10.662 49.3732 12.4663L29.9942 23.6673L23.5267 19.9297ZM37.9965 38.8049C37.7739 38.8401 37.5396 38.8518 37.2701 38.8518C35.7587 38.8518 35.0674 38.3011 34.1769 37.6216C33.3568 36.9772 32.4429 36.2624 30.8846 36.0633V25.2021L37.3404 21.4763C38.0902 27.2056 38.3011 33.0287 37.9965 38.8049ZM46.4675 36.2976C45.9286 36.1218 45.2959 36.0047 44.5343 36.0047C42.4136 36.0047 41.3123 36.86 40.3515 37.6216C40.1641 37.7622 39.9883 37.9028 39.8126 38.0316C40.082 32.1851 39.8126 26.3035 39.0158 20.5038L45.6005 16.7077C47.1236 23.1634 47.4165 29.7364 46.4675 36.2976ZM48.7288 37.6216C48.5413 37.4692 48.3421 37.3169 48.143 37.1763C49.256 30.0176 48.9397 22.8237 47.2056 15.7821L50.2636 14.0129C51.9743 17.2583 52.8999 20.9139 52.8999 24.6866C52.8999 29.3966 51.5056 33.8723 48.846 37.7036C48.8108 37.6801 48.7757 37.6567 48.7288 37.6216Z\" fill=\"#4546A3\" fill-opacity=\"0.5\"/>\r\n<path d=\"M44.546 43.2103C42.4253 43.2103 41.324 44.0656 40.3632 44.8272C39.4845 45.5185 38.7815 46.0574 37.2701 46.0574C35.7586 46.0574 35.0674 45.5068 34.1769 44.8272C33.2162 44.0656 32.1148 43.2103 29.9941 43.2103C27.8735 43.2103 26.7721 44.0656 25.8114 44.8272C24.9326 45.5185 24.2296 46.0574 22.7182 46.0574C21.2068 46.0574 20.5155 45.5068 19.6251 44.8272C18.6643 44.0656 17.563 43.2103 15.4423 43.2103C13.3216 43.2103 12.2203 44.0656 11.2595 44.8272C10.3808 45.5185 9.6778 46.0574 8.16637 46.0574C6.65495 46.0574 5.96368 45.5068 5.07323 44.8272C4.11248 44.0656 3.01113 43.2103 0.890451 43.2103C0.39836 43.2103 0 43.6087 0 44.1008C0 44.5929 0.39836 44.9912 0.890451 44.9912C2.40187 44.9912 3.09315 45.5419 3.9836 46.2215C4.94435 46.983 6.04569 47.8383 8.16637 47.8383C10.2871 47.8383 11.3884 46.983 12.3492 46.2215C13.2279 45.5302 13.9309 44.9912 15.4423 44.9912C16.9537 44.9912 17.645 45.5419 18.5354 46.2215C19.4962 46.983 20.5975 47.8383 22.7182 47.8383C24.8389 47.8383 25.9402 46.983 26.901 46.2215C27.7797 45.5302 28.4827 44.9912 29.9941 44.9912C31.5056 44.9912 32.1968 45.5419 33.0873 46.2215C34.048 46.983 35.1494 47.8383 37.2701 47.8383C39.3907 47.8383 40.4921 46.983 41.4528 46.2215C42.3316 45.5302 43.0346 44.9912 44.546 44.9912C45.0381 44.9912 45.4364 44.5929 45.4364 44.1008C45.4364 43.6087 45.0381 43.2103 44.546 43.2103Z\" fill=\"#4546A3\" fill-opacity=\"0.5\"/>\r\n</g>\r\n<defs>\r\n<clipPath id=\"clip0\">\r\n<rect width=\"60\" height=\"47.85\" fill=\"white\"/>\r\n</clipPath>\r\n</defs>\r\n</svg>'),
(18, 'ice skating', 4, '<svg width=\"60\" height=\"55\" viewBox=\"0 0 60 55\" fill=\"none\" xmlns=\"http://www.w3.org/2000/svg\">\r\n<g clip-path=\"url(#clip0)\">\r\n<path d=\"M59.061 48.3732L51.9316 47.6195V45.3583C53.2413 45.0742 54.0939 44.8023 54.1928 44.7653C54.6005 44.6293 54.8847 44.271 54.9217 43.8509L55.6631 34.4234C55.6755 34.3987 55.6878 34.374 55.7002 34.3493C58.9003 26.3427 54.7611 19.8435 53.6985 18.3608V9.76114C53.6985 7.32704 51.8946 5.31304 50.2018 4.23808C48.2619 3.00249 46.2356 1.8534 44.1722 0.827865C41.0708 -0.728972 38.7479 0.197717 37.3517 1.24796C36.7092 1.72984 36.2026 2.28586 35.8443 2.74302C33.1013 0.815509 30.0371 1.55686 29.8888 1.59393C29.4316 1.70513 29.1104 2.11287 29.0857 2.5824C28.4432 24.7117 11.355 30.3089 4.02801 31.6804C1.54448 32.1499 0 33.7068 0 35.7455V38.9086V38.9209V38.9333V42.8007C0 43.1961 0.222405 43.542 0.543657 43.7274C-1.05025 46.6804 1.39621 51.3756 1.50741 51.6104C1.63097 51.8575 1.85338 52.0305 2.11285 52.117C7.22817 53.7974 16.8904 54.3163 26.8245 54.304C42.0593 54.304 57.9489 53.0931 59.0239 53.0066C59.5675 52.9695 60 52.5124 60 51.9564V49.4234C60 48.8798 59.5923 48.4226 59.061 48.3732ZM43.8385 43.8262V38.9333C43.8385 38.3526 43.369 37.8831 42.7883 37.8831C42.467 37.8831 34.8311 37.9448 27.8748 43.7274C25.8855 43.9621 14.0362 45.1854 2.11285 41.9976V40.589C4.73229 41.4663 9.83526 42.1582 17.3353 42.6401C17.4465 42.6524 18.4226 42.7389 19.8558 42.7389C22.8707 42.7389 27.9613 42.3312 31.5815 39.9218C35.6219 37.2282 49.1886 35.5972 53.4885 35.1401L52.8707 42.949C51.3385 43.3691 47.4465 44.271 43.8385 43.8262ZM23.8097 46.1738C26.5404 46.0379 28.2578 45.8032 28.4555 45.7661C28.6532 45.7414 28.8386 45.6549 28.9868 45.5313C33.9539 41.2933 39.4769 40.2924 41.7257 40.0577V44.7282C41.7257 45.2348 42.084 45.6672 42.5783 45.7661C43.6161 45.9638 44.6787 46.0503 45.7166 46.0503L45.2471 47.5083H23.7356L23.8097 46.1738ZM17.0016 46.2356L16.8657 46.9275C13.7644 47.916 11.2315 47.9778 9.50165 47.1005C8.46376 46.5692 7.93245 45.8155 7.68534 45.346C11.0091 45.8773 14.1722 46.1368 17.0016 46.2356ZM2.10049 35.7455C2.10049 34.2999 3.87974 33.855 4.42339 33.7562C5.73311 33.5091 7.35173 33.1384 9.11862 32.57L9.74876 33.6574C9.94646 33.991 10.2924 34.1763 10.6631 34.1763C10.8484 34.1763 11.0214 34.1269 11.1944 34.028C11.701 33.7315 11.8616 33.089 11.5774 32.5947L11.1573 31.8658C12.3064 31.4333 13.4926 30.9144 14.6911 30.2966C14.7158 30.3089 14.7405 30.3089 14.7652 30.3213C14.8147 30.3336 15.902 30.6672 16.5074 31.9028C16.6928 32.2735 17.0634 32.4835 17.4465 32.4835C17.6071 32.4835 17.7677 32.4465 17.916 32.3723C18.4349 32.1129 18.645 31.4827 18.3855 30.9638C17.953 30.1112 17.3847 29.5181 16.841 29.1104C17.7801 28.542 18.7068 27.9119 19.6211 27.22L21.8946 28.9004C22.0799 29.0363 22.3023 29.1104 22.5124 29.1104C22.8336 29.1104 23.1549 28.9621 23.3649 28.6779C23.7109 28.2084 23.612 27.5536 23.1425 27.2076L21.2891 25.8485C22.5494 24.7241 23.7603 23.4638 24.8723 22.0181C25.243 22.0552 26.4168 22.4135 27.4671 25.0577C27.6277 25.4654 28.0231 25.7249 28.4432 25.7249C28.5791 25.7249 28.7026 25.7002 28.8385 25.6508C29.3822 25.4407 29.6417 24.8229 29.4193 24.2793C28.4185 21.771 27.1582 20.6961 26.1326 20.2389C26.7875 19.2381 27.3929 18.1755 27.9489 17.0264C28.9498 17.1994 31.4703 17.8419 32.5824 20.0659C32.7677 20.4366 33.1384 20.6466 33.5214 20.6466C33.682 20.6466 33.8427 20.6096 33.9909 20.5354C34.5099 20.276 34.7199 19.6458 34.4605 19.1269C33.089 16.3839 30.3583 15.3954 28.8015 15.0618C29.2092 14.0116 29.5799 12.9119 29.8888 11.7504C30.556 11.8122 32.2488 12.1952 34.4605 14.4193C34.6705 14.6293 34.93 14.7282 35.2018 14.7282C35.4736 14.7282 35.7455 14.6293 35.9432 14.4193C36.3509 14.0116 36.3509 13.3443 35.9432 12.9242C33.5585 10.5396 31.5568 9.85999 30.3707 9.68701C30.5066 9.05686 30.6178 8.41436 30.7166 7.74714C31.7916 7.68536 34.6087 7.79656 36.9934 10.1812C37.2035 10.3913 37.4629 10.4901 37.7348 10.4901C38.0066 10.4901 38.2784 10.3913 38.4761 10.1812C38.8839 9.7735 38.8839 9.10628 38.4761 8.69854C35.7578 5.99261 32.5824 5.62193 30.9761 5.64665C31.0379 4.97943 31.0873 4.2875 31.1244 3.58322C32.1128 3.52144 33.8674 3.66971 35.2883 5.10299C35.5231 5.33775 35.869 5.44895 36.2026 5.39953C36.5362 5.35011 36.8204 5.1277 36.9811 4.83116C36.9811 4.8188 37.5371 3.7562 38.575 2.97778C39.9341 1.95225 41.4415 1.89047 43.196 2.75538C45.1853 3.7562 47.1499 4.86823 49.028 6.05439C50.1895 6.79574 51.5486 8.21666 51.5486 9.79821V18.7438C51.5486 18.9786 51.6351 19.2134 51.7834 19.3987C51.8328 19.4605 56.5774 25.4654 53.9333 33.0025C50.4984 33.3485 35.1277 35.0289 30.383 38.192C25.6755 41.3303 17.5947 40.5643 17.4835 40.5643C11.1203 40.1318 3.70675 39.2298 2.10049 38.4267V35.7455ZM57.8995 50.9803C51.4868 51.4374 15.1606 53.8345 3.20016 50.2389C2.50824 48.7562 1.43328 45.6055 2.71829 44.3205C3.64498 44.5429 4.55931 44.7529 5.47364 44.9259C5.43657 45.0989 5.43657 45.2719 5.486 45.4448C5.51071 45.5313 6.11615 47.6565 8.50082 48.9168C9.63756 49.5099 10.9596 49.8188 12.4671 49.8064C14.1474 49.8064 16.0379 49.4358 18.1507 48.6944C18.5091 48.5709 18.7685 48.262 18.8427 47.9036L19.1516 46.2603C19.3616 46.2603 19.584 46.2603 19.7941 46.2603C20.4613 46.2603 21.1038 46.248 21.7216 46.2356L21.598 48.4967C21.5857 48.7809 21.6845 49.0651 21.8822 49.2751C22.0799 49.4852 22.3517 49.6088 22.6483 49.6088H46.0502C46.5074 49.6088 46.9152 49.3122 47.0511 48.8798L47.9778 45.9638C48.6326 45.9144 49.2504 45.8279 49.8435 45.7414V48.5585C49.8435 49.1022 50.2512 49.547 50.7825 49.6088L57.9119 50.3625V50.9803H57.8995Z\" fill=\"#4546A3\" fill-opacity=\"0.6\"/>\r\n</g>\r\n<defs>\r\n<clipPath id=\"clip0\">\r\n<rect width=\"60\" height=\"54.304\" fill=\"white\"/>\r\n</clipPath>\r\n</defs>\r\n</svg>'),
(19, 'gymnastics', 4, '<svg width=\"60\" height=\"61\" viewBox=\"0 0 60 61\" fill=\"none\" xmlns=\"http://www.w3.org/2000/svg\">\r\n<g clip-path=\"url(#clip0)\">\r\n<path d=\"M59.5624 8.17671C59.2873 7.98917 58.9373 7.95166 58.6247 8.07668L53.8112 10.0021H50.0104C49.5853 10.0021 49.1977 10.2771 49.0602 10.6897L48.1975 13.2653L45.7845 14.3405L31.0815 20.8794C29.081 19.7166 26.6805 19.4541 24.4676 20.1292L23.9925 20.0917V18.6289L27.4432 16.916C27.5432 16.866 27.6307 16.8035 27.7058 16.7285L38.283 6.15128L38.483 5.95124L44.1717 5.00104C44.4467 4.95103 44.6843 4.801 44.8343 4.57596L46.8347 1.57533C47.0348 1.26277 47.0598 0.875184 46.8848 0.550117C46.7097 0.225049 46.3721 0.0250073 45.9971 0.0250073H38.0454C37.1202 0.0250073 36.22 0.37508 35.5324 1.00021L34.6822 1.78787L23.6174 12.0025H23.5674C23.7674 11.7399 23.93 11.4399 24.0675 11.1398L24.8427 9.32695L25.2427 8.38925C25.5678 7.62659 25.6678 6.78892 25.5428 5.96374C26.7431 6.16379 27.9558 5.61367 28.5934 4.57596C29.2311 3.53824 29.1811 2.21296 28.4559 1.22526C27.7308 0.237552 26.4805 -0.20004 25.3053 0.100023C24.1175 0.400085 23.2423 1.38779 23.0798 2.60054C23.0048 2.56304 22.9548 2.52553 22.8798 2.48802C22.6297 2.388 22.3796 2.30048 22.1171 2.25047C22.0546 2.23797 22.0046 2.22547 21.9421 2.21296C21.7045 2.17546 21.4795 2.15045 21.2419 2.13795C21.1544 2.13795 21.0669 2.13795 20.9794 2.13795C20.7918 2.13795 20.6043 2.16295 20.4167 2.18796C20.3042 2.20046 20.1917 2.22547 20.0917 2.25047C19.9291 2.28798 19.7666 2.33799 19.6041 2.4005C19.504 2.43801 19.4165 2.46302 19.329 2.51303C19.1415 2.58804 18.9664 2.68806 18.7914 2.78808L18.7789 2.80059C17.9787 3.28819 17.3536 4.01334 16.991 4.86352L15.7783 7.62659C15.7533 7.6766 15.7533 7.72661 15.7283 7.78912L11.6399 1.65035C10.9523 0.625132 9.80203 2.05988e-06 8.56427 0.0125047H1.00019C0.675125 0.0125047 0.375063 0.162536 0.187524 0.425091C-1.52944e-05 0.687645 -0.0500257 1.02522 0.0499951 1.32528L1.0502 4.3259C1.16273 4.67598 1.46279 4.93853 1.83787 5.00104L7.36402 5.92624L12.9152 16.0909L12.7526 16.5034C11.6774 19.229 12.7651 22.3172 15.3032 23.78L18.0412 28.3309L19.1915 46.0846L20.0292 59.0873C20.0667 59.6124 20.4918 60.025 21.0294 60.025H24.03C24.5051 60.025 24.9177 59.6874 25.0052 59.2248L25.9679 54.4238L27.8558 51.5858C28.0808 51.2482 28.0808 50.8106 27.8558 50.473L26.0429 47.7474L26.1429 46.0846L26.9931 31.6316L49.1477 19.404L55.474 15.9158L59.4749 13.9154C59.8124 13.7404 60.025 13.4028 60.025 13.0152V9.00188C60 8.67681 59.8375 8.36425 59.5624 8.17671ZM36.9077 2.46302C37.2202 2.17546 37.6328 2.01292 38.0579 2.01292H44.1342L43.409 3.10065L37.8329 4.02584C37.8079 4.02584 37.7954 4.03834 37.7704 4.03834L36.7201 2.63805L36.9077 2.46302ZM20.8418 4.16337C20.9794 4.15087 21.1169 4.13836 21.2669 4.13836C21.3169 4.13836 21.3794 4.15087 21.4294 4.15087C21.642 4.17587 21.8545 4.22588 22.0546 4.3134H22.0671C22.6797 4.57596 23.1548 5.06356 23.4049 5.67618C23.4674 5.82622 23.5049 5.96374 23.5424 6.12628C23.5549 6.17629 23.5549 6.2263 23.5674 6.27631C23.5799 6.37633 23.5924 6.47635 23.5924 6.57637C23.5924 6.63888 23.5924 6.6889 23.5799 6.75141C23.5799 6.85143 23.5674 6.93895 23.5549 7.02647C23.5424 7.08898 23.5299 7.15149 23.5174 7.2015C23.5049 7.23901 23.4924 7.28902 23.4799 7.32653L23.1548 7.07648C22.1296 6.30131 21.2669 5.30111 20.6543 4.16337C20.7043 4.17587 20.7668 4.17587 20.8418 4.16337ZM26.0054 2.01292C26.5555 2.01292 27.0056 2.46302 27.0056 3.01313C27.0056 3.56324 26.5555 4.01334 26.0054 4.01334C25.4553 4.01334 25.0052 3.56324 25.0052 3.01313C25.0052 2.46302 25.4553 2.01292 26.0054 2.01292ZM17.6162 8.40175L18.7914 5.63868C18.8539 5.52615 18.9164 5.41363 18.9914 5.31361C19.7291 6.62638 20.7293 7.78912 21.9421 8.70182L22.6922 9.26443L22.2296 10.3647C21.692 11.6274 20.2167 12.2275 18.9539 11.6899C17.6662 11.1523 17.0785 9.68952 17.6162 8.40175ZM2.38798 2.01292H8.56427C8.85183 2.01292 9.12689 2.08794 9.37694 2.22547L7.66408 3.93832L2.76306 3.12565L2.38798 2.01292ZM24.1675 53.4611C24.0925 53.5737 24.0425 53.6862 24.0175 53.8237L23.1798 58.0246H21.9421L21.2294 47.0223H24.055L23.9925 47.96C23.98 48.1725 24.0425 48.3976 24.155 48.5726L25.7929 51.0231L24.1675 53.4611ZM25.5178 30.1313C25.2177 30.2938 25.0177 30.6064 25.0052 30.9439L24.18 45.0094H21.1044L20.0042 27.9433C19.9916 27.7808 19.9416 27.6308 19.8666 27.4932L16.866 22.4922C16.766 22.3297 16.6284 22.1921 16.4534 22.1171C14.6655 21.2169 13.8654 19.0915 14.5905 17.2286L14.9281 16.3784C15.0406 16.1034 15.0156 15.7908 14.8781 15.5282L9.23941 5.18858L10.6522 3.77579L17.1786 13.5653C17.3661 13.8404 17.6787 14.0154 18.0162 14.0154H24.0175C24.2675 14.0154 24.5051 13.9154 24.6926 13.7529L35.2573 4.00084L36.27 5.35112L26.4305 15.1907L22.5797 17.1161C22.2421 17.2911 22.0296 17.6287 22.0296 18.0163V21.0169C22.0296 21.542 22.4297 21.9671 22.9423 22.0171L24.5176 22.1546C24.6551 22.1671 24.7927 22.1546 24.9177 22.1046C26.7806 21.4795 28.831 21.7545 30.4688 22.8423C30.7564 23.0298 31.119 23.0673 31.4315 22.9298L45.872 16.5034L46.0971 16.8035L47.1473 18.2038L25.5178 30.1313ZM57.9996 12.3901L54.5238 14.1279L48.9227 17.2161L47.7474 15.6533L49.4103 14.9156C49.6728 14.8031 49.8604 14.578 49.9479 14.3155L50.7106 12.0025H54.0112C54.1363 12.0025 54.2613 11.9775 54.3863 11.9275L58.0121 10.4772V12.3901H57.9996Z\" fill=\"#4546A3\" fill-opacity=\"0.5\"/>\r\n</g>\r\n<defs>\r\n<clipPath id=\"clip0\">\r\n<rect width=\"60\" height=\"60.0125\" fill=\"white\"/>\r\n</clipPath>\r\n</defs>\r\n</svg>'),
(20, 'archery', 4, '<svg width=\"60\" height=\"60\" viewBox=\"0 0 60 60\" fill=\"none\" xmlns=\"http://www.w3.org/2000/svg\">\r\n<g clip-path=\"url(#clip0)\">\r\n<path d=\"M43.9453 26.3789C43.6523 25.6523 42.832 25.3008 42.1055 25.582C41.3789 25.875 41.0273 26.6953 41.3086 27.4219C42.0234 29.2383 42.3867 31.1602 42.3867 33.1406C42.3867 41.707 35.4141 48.6797 26.8477 48.6797C18.2813 48.6797 11.2969 41.707 11.2969 33.1406C11.2969 24.5742 18.2812 17.5898 26.8594 17.5898C28.8398 17.5898 30.7617 17.9531 32.5898 18.6797C33.3164 18.9727 34.1367 18.6094 34.4297 17.8828C34.7227 17.1563 34.3594 16.3359 33.6328 16.043C31.4766 15.1875 29.2031 14.7539 26.8594 14.7539C16.7227 14.7539 8.48438 22.9922 8.48438 33.1289C8.48438 43.2656 16.7227 51.5039 26.8594 51.5039C36.9961 51.5039 45.2344 43.2656 45.2344 33.1289C45.2344 30.7969 44.8008 28.5234 43.9453 26.3789Z\" fill=\"#4546A3\" fill-opacity=\"0.5\"/>\r\n<path d=\"M52.6758 25.7344C52.4648 24.9844 51.6797 24.5508 50.9297 24.7617C50.1797 24.9727 49.7461 25.7578 49.957 26.5078C50.5664 28.6523 50.8828 30.8789 50.8828 33.1289C50.8828 46.3711 40.1016 57.1523 26.8594 57.1523C13.6172 57.1523 2.83594 46.3711 2.83594 33.1289C2.83594 19.8867 13.6172 9.10547 26.8594 9.10547C29.1094 9.10547 31.3477 9.42187 33.4922 10.0312C34.2422 10.2422 35.0273 9.80859 35.2383 9.05859C35.4492 8.30859 35.0156 7.52344 34.2656 7.3125C31.8633 6.62109 29.3672 6.26953 26.8477 6.26953C12.0469 6.28125 0 18.3281 0 33.1289C0 47.9297 12.0469 59.9883 26.8594 59.9883C41.6719 59.9883 53.7187 47.9414 53.7187 33.1289C53.707 30.6211 53.3672 28.125 52.6758 25.7344Z\" fill=\"#4546A3\" fill-opacity=\"0.5\"/>\r\n<path d=\"M36.7148 32.2618C36.6445 31.4883 35.9531 30.9141 35.1797 30.9727C34.4063 31.043 33.8203 31.7344 33.8906 32.5079C33.9141 32.7071 33.9141 32.918 33.9141 33.1172C33.9141 37.0079 30.75 40.1836 26.8477 40.1836C22.957 40.1836 19.7813 37.0196 19.7813 33.1172C19.7813 29.2266 22.9453 26.0508 26.8477 26.0508C27.0703 26.0508 27.2813 26.0626 27.4805 26.0743C28.2539 26.1446 28.9453 25.5704 29.0156 24.7969C29.0859 24.0235 28.5117 23.3321 27.7383 23.2618C27.4453 23.2383 27.1523 23.2266 26.8477 23.2266C21.3867 23.2266 16.957 27.668 16.957 33.1172C16.957 38.5782 21.3984 43.0079 26.8477 43.0079C32.3086 43.0079 36.7383 38.5665 36.7383 33.1172C36.75 32.8477 36.7383 32.5547 36.7148 32.2618Z\" fill=\"#4546A3\" fill-opacity=\"0.5\"/>\r\n<path d=\"M59.7773 9.51564C59.332 8.44923 58.3125 7.76955 57.1641 7.76955H52.2305V2.83595C52.2305 1.68752 51.5391 0.656265 50.4844 0.222672C49.418 -0.222641 48.2109 0.023453 47.4023 0.832047L39.1523 9.08205C38.3555 9.87892 37.9102 10.9453 37.9102 12.082V20.0977L26.4023 31.6055C25.8516 32.1563 25.8516 33.0586 26.4023 33.6094C26.6836 33.8906 27.0352 34.0195 27.3984 34.0195C27.7617 34.0195 28.125 33.8789 28.3945 33.6094L39.9023 22.1016H47.918C49.0547 22.1016 50.1211 21.6563 50.918 20.8594L59.168 12.6094C59.9766 11.7891 60.2227 10.582 59.7773 9.51564ZM40.7344 12.082C40.7344 11.707 40.8867 11.3438 41.1445 11.086L49.3945 2.83595V8.60158L40.7344 17.2617V12.082ZM48.9258 18.8438C48.668 19.1016 48.293 19.2539 47.9297 19.2539H42.75L51.4102 10.5938H57.1758L48.9258 18.8438Z\" fill=\"#4546A3\" fill-opacity=\"0.5\"/>\r\n</g>\r\n<defs>\r\n<clipPath id=\"clip0\">\r\n<rect width=\"60\" height=\"59.9883\" fill=\"white\"/>\r\n</clipPath>\r\n</defs>\r\n</svg>'),
(21, 'running', 4, '<svg width=\"60\" height=\"45\" viewBox=\"0 0 60 45\" fill=\"none\" xmlns=\"http://www.w3.org/2000/svg\">\r\n<g clip-path=\"url(#clip0)\">\r\n<path d=\"M54.0586 26.5429L45.0938 25.8984L39.1641 16.0312L36.211 11.0976V9.72654C36.211 8.23826 35.0039 7.03122 33.5274 7.03122C33.1992 7.03122 32.8594 7.08982 32.5547 7.20701L24.0352 10.4883L24.6797 8.33201C25.1836 6.5156 24.3633 4.59372 22.6992 3.7031L16.0196 0.117162C15.5391 -0.14065 14.9297 0.0234124 14.6485 0.492162L4.83987 16.1953L4.62893 16.0781C4.13675 15.7968 3.50393 15.9609 3.22268 16.4648C3.21097 16.4765 3.21097 16.4883 3.19925 16.5L0.117216 22.2773C-0.152315 22.7812 0.0351848 23.3906 0.527372 23.6718L37.8516 44.3672C38.0039 44.4492 38.1797 44.4961 38.3555 44.4961H53.7891C57.211 44.4961 59.9883 41.7187 60 38.2851V32.9297C59.9883 29.5781 57.3985 26.789 54.0586 26.5429ZM42.9258 26.3203L41.7422 26.7187L32.4844 14.6836L34.8633 12.9023L42.9258 26.3203ZM15.9024 2.41404L21.7149 5.53123C22.5235 5.9531 22.9219 6.8906 22.6875 7.76951L21.8321 10.6523L15.8907 7.08982L13.8282 5.84763L15.9024 2.41404ZM9.77347 12.2812L10.3008 11.4492L13.6992 13.9804C15.4336 15.2812 16.3125 17.4258 16.0078 19.5703L15.8789 22.5586L6.63284 17.2265L9.77347 12.2812ZM53.7891 42.4101H38.625L2.41409 22.3359L4.50003 18.4101L38.7891 38.1328C38.9414 38.2265 39.1289 38.2734 39.3047 38.2734H57.9258C57.9258 40.5586 56.0742 42.4101 53.7891 42.4101ZM57.9258 36.2109H39.586L32.4961 32.1211L34.8867 29.6836C35.2852 29.2734 35.2617 28.6172 34.8516 28.2187C34.4414 27.832 33.8086 27.8437 33.4102 28.2304L30.6446 31.0429L26.7188 28.7812L30.6563 25.6289C31.1016 25.2773 31.1719 24.6211 30.8203 24.1758C30.4688 23.7304 29.8125 23.6601 29.3672 24.0117L24.7969 27.6679L21.4336 25.7344L26.543 21.4804C26.9883 21.1172 27.0469 20.4609 26.6719 20.0273C26.3086 19.582 25.6524 19.5234 25.2188 19.8984L19.5235 24.6445L17.9297 23.7187L18.0938 19.7461C18.4805 16.8867 17.2735 14.039 14.9649 12.3164L11.4141 9.7031L12.75 7.61716L21.9024 13.1133C22.0313 13.1836 22.1602 13.2304 22.3008 13.2422C22.3242 13.2422 22.3477 13.2539 22.3711 13.2539C22.3946 13.2539 22.4063 13.2656 22.4297 13.2656C22.5586 13.2656 22.6875 13.2422 22.8047 13.1953L33.293 9.1406C33.4805 9.07029 33.7032 9.09372 33.8672 9.21091C34.043 9.3281 34.1367 9.5156 34.1367 9.72654V10.8633L30.4102 13.6523C29.9532 13.9922 29.8594 14.6484 30.1992 15.1054C30.1992 15.1054 30.1992 15.1172 30.211 15.1172L40.5586 28.5703C40.8282 28.9219 41.2852 29.0625 41.7071 28.9219L44.6133 27.9492L53.9063 28.6172C56.168 28.7812 57.9258 30.6679 57.9258 32.9297V36.2109V36.2109Z\" fill=\"#4546A3\" fill-opacity=\"0.5\"/>\r\n<path d=\"M6.21094 30H1.03125C0.46875 30 0 30.4687 0 31.0312C0 31.5937 0.46875 32.0625 1.03125 32.0625H6.21094C6.78516 32.0625 7.24219 31.5937 7.24219 31.0312C7.24219 30.4687 6.77344 30 6.21094 30Z\" fill=\"#4546A3\" fill-opacity=\"0.5\"/>\r\n<path d=\"M0 37.2422C0 37.8164 0.46875 38.2734 1.03125 38.2734H14.4844C15.0586 38.2734 15.5156 37.8047 15.5156 37.2422C15.5156 36.6797 15.0469 36.2109 14.4844 36.2109H1.03125C0.46875 36.2109 0 36.668 0 37.2422Z\" fill=\"#4546A3\" fill-opacity=\"0.5\"/>\r\n<path d=\"M25.8633 42.4102H1.03125C0.457031 42.4102 0 42.8672 0 43.4414C0 44.0156 0.46875 44.4727 1.03125 44.4727H25.8633C26.4375 44.4727 26.8945 44.0039 26.8945 43.4414C26.8945 42.8789 26.4375 42.4102 25.8633 42.4102Z\" fill=\"#4546A3\" fill-opacity=\"0.5\"/>\r\n</g>\r\n<defs>\r\n<clipPath id=\"clip0\">\r\n<rect width=\"60\" height=\"44.4844\" fill=\"white\"/>\r\n</clipPath>\r\n</defs>\r\n</svg>');

-- --------------------------------------------------------

--
-- Table structure for table `types`
--

CREATE TABLE `types` (
  `id` int(11) NOT NULL,
  `name` varchar(45) NOT NULL,
  `icon` text NOT NULL
) ENGINE=InnoDB DEFAULT CHARSET=utf8;

--
-- Dumping data for table `types`
--

INSERT INTO `types` (`id`, `name`, `icon`) VALUES
(1, 'extreme sports', '<svg width=\"60\" height=\"52\" viewBox=\"0 0 60 52\" fill=\"none\" xmlns=\"http://www.w3.org/2000/svg\">\r\n<g clip-path=\"url(#clip0)\">\r\n<path d=\"M59.2266 43.418L34.6172 2.60156C33.6446 0.996094 31.875 0 30 0C28.125 0 26.3555 0.996094 25.3829 2.60156L0.773482 43.418C-0.23433 45.082 -0.257768 47.168 0.691451 48.8555C1.64067 50.543 3.44536 51.5977 5.39067 51.5977H54.6094C56.5547 51.5977 58.3477 50.543 59.3086 48.8555C60.2579 47.168 60.2344 45.082 59.2266 43.418ZM55.8985 46.9336C55.6407 47.4023 55.1368 47.6836 54.6094 47.6836H5.39067C4.85161 47.6836 4.35942 47.3906 4.10161 46.9336C3.84379 46.4648 3.84379 45.8906 4.12504 45.4336L28.7344 4.61719C29.004 4.17188 29.4844 3.90234 30 3.90234C30.5157 3.90234 31.0079 4.17188 31.2657 4.61719L55.875 45.4336C56.1563 45.9023 56.168 46.4648 55.8985 46.9336Z\" fill=\"#4546A3\" fill-opacity=\"0.5\"/>\r\n<path d=\"M30.0234 16.0664C28.5352 16.0664 27.375 16.8633 27.375 18.2812C27.375 22.5937 27.8789 28.793 27.8789 33.1055C27.8789 34.2305 28.8633 34.6992 30.0117 34.6992C30.8789 34.6992 32.1094 34.2305 32.1094 33.1055C32.1094 28.793 32.6133 22.5937 32.6133 18.2812C32.625 16.875 31.4297 16.0664 30.0234 16.0664Z\" fill=\"#4546A3\" fill-opacity=\"0.5\"/>\r\n<path d=\"M30.0586 37.1953C28.4648 37.1953 27.2695 38.4609 27.2695 39.9844C27.2695 41.4727 28.4648 42.7734 30.0586 42.7734C31.5469 42.7734 32.8125 41.4727 32.8125 39.9844C32.8125 38.4727 31.5352 37.1953 30.0586 37.1953Z\" fill=\"#4546A3\" fill-opacity=\"0.5\"/>\r\n</g>\r\n<defs>\r\n<clipPath id=\"clip0\">\r\n<rect width=\"60\" height=\"51.5977\" fill=\"white\"/>\r\n</clipPath>\r\n</defs>\r\n</svg>'),
(2, 'ball sports', '<svg width=\"60\" height=\"60\" viewBox=\"0 0 60 60\" fill=\"none\" xmlns=\"http://www.w3.org/2000/svg\">\r\n<g clip-path=\"url(#clip0)\">\r\n<path d=\"M53.2918 11.0857C47.5548 4.03386 39.0687 0 30 0C21.992 0 14.4472 3.12251 8.78486 8.78486C3.12251 14.4472 0 21.992 0 30C0 34.1833 0.851593 38.2321 2.50996 42.0269C5.00498 47.7341 9.33765 52.6195 14.7012 55.8018C19.3177 58.5508 24.6066 60 30 60C31.3147 60 32.6295 59.9104 33.9293 59.746C40.7122 58.8645 47.0468 55.6225 51.7829 50.6325C56.9373 45.1942 59.8506 38.0827 60 30.5827C60 30.3884 60.0149 30.1942 60.0149 30C60 23.1275 57.6096 16.4044 53.2918 11.0857ZM50.9014 11.9671L46.494 19.6016H35.5877L30.8217 11.3396L35.3635 2.91335C41.3695 4.09363 46.8377 7.24602 50.9014 11.9671ZM28.5956 31.763L33.6753 41.5189L28.8048 49.9602H18.0926L13.3267 41.6982L19.004 31.763H28.5956V31.763ZM14.1932 20.9612L19.0488 12.5498H28.76L33.6155 20.9612L28.76 29.3725H19.0488L14.1932 20.9612ZM30.747 30.7171L35.7819 21.992H46.3147L51.2301 30.493L45.6424 40.3536H35.7819L30.747 30.7171ZM30 2.39044C30.9562 2.39044 31.9124 2.43526 32.8536 2.53984L28.745 10.1594H19.0339L16.4343 5.9761C20.4233 3.69024 25.0697 2.39044 30 2.39044ZM14.3875 7.23108L16.9572 11.3695L12.1464 19.7211H4.37749C6.4243 14.6414 9.93526 10.3088 14.3875 7.23108ZM2.39044 30C2.39044 27.2659 2.79382 24.6066 3.54084 22.1116H12.1016L16.9572 30.5229L11.3396 40.3536H4.39243C3.06275 37.0667 2.39044 33.5857 2.39044 30ZM14.8954 53.1126C10.9512 50.5279 7.69422 46.9124 5.51295 42.744H11.1753L16.0309 51.1554L14.8954 53.1126ZM16.9422 54.3377L18.0926 52.3506H28.8048L31.8078 57.5498C26.6235 57.8934 21.4691 56.758 16.9422 54.3377ZM34.4074 57.2659L30.8815 51.1554L35.7371 42.744H45.4482L49.4223 49.6315C45.3287 53.6653 40.0548 56.3546 34.4074 57.2659ZM51.1106 47.7938L47.5996 41.7281L53.247 31.7779H57.5498C57.1763 37.6643 54.9353 43.2669 51.1106 47.7938ZM53.3217 29.3725L48.4661 20.9612L52.4851 13.999C55.6673 18.4811 57.4602 23.8596 57.5946 29.3725H53.3217V29.3725Z\" fill=\"#4546A3\" fill-opacity=\"0.5\"/>\r\n</g>\r\n<defs>\r\n<clipPath id=\"clip0\">\r\n<rect width=\"60\" height=\"60\" fill=\"white\"/>\r\n</clipPath>\r\n</defs>\r\n</svg>\r\n'),
(3, 'water sports', '<svg width=\"60\" height=\"60\" viewBox=\"0 0 60 60\" fill=\"none\" xmlns=\"http://www.w3.org/2000/svg\">\r\n<g clip-path=\"url(#clip0)\">\r\n<path fill-rule=\"evenodd\" clip-rule=\"evenodd\" d=\"M41.5115 15.4632C41.5115 15.4632 41.5115 15.4631 41.5115 15.4631C42.3883 14.6606 43.0809 14.0268 44.5608 14.0268C46.0407 14.0268 46.7333 14.6607 47.61 15.4632C47.61 15.4632 47.61 15.4633 47.6101 15.4633C48.581 16.3519 49.6815 17.359 51.8419 17.359C54.0028 17.359 55.1033 16.3519 56.0743 15.4632L56.0743 15.4632L56.0744 15.4631L56.0745 15.463C56.5274 15.0485 56.9312 14.6791 57.4197 14.4187C57.8769 14.1749 58.4084 14.0268 59.1241 14.0268C59.6077 14.0268 60 13.6347 60 13.1508C60 12.6672 59.6077 12.2749 59.1241 12.2749C58.2979 12.2749 57.6267 12.4221 57.0585 12.6537C56.1406 13.0278 55.4914 13.6219 54.8916 14.1707L54.8915 14.1708L54.8914 14.1709C54.0146 14.9733 53.322 15.6071 51.8419 15.6071C50.3622 15.6071 49.6697 14.9734 48.7932 14.1711L48.7929 14.1709C48.7929 14.1708 48.7928 14.1708 48.7928 14.1708C47.8218 13.282 46.7213 12.2749 44.5608 12.2749C42.4001 12.2749 41.2997 13.2821 40.3287 14.1709L40.3286 14.1709L40.3284 14.1711C39.4518 14.9734 38.7594 15.6071 37.2795 15.6071C35.7998 15.6071 35.1072 14.9733 34.2305 14.1709C34.2305 14.1708 34.2304 14.1708 34.2304 14.1708C33.2594 13.282 32.1591 12.2749 29.9985 12.2749C27.8381 12.2749 26.7376 13.2821 25.7668 14.1708C25.7667 14.1709 25.7667 14.1709 25.7667 14.1709L25.7664 14.1711C24.8899 14.9734 24.1974 15.6071 22.7177 15.6071C21.2382 15.6071 20.5459 14.9734 19.6694 14.171C19.6694 14.1709 19.6693 14.1709 19.6693 14.1709L19.6692 14.1708L19.669 14.1707C18.6983 13.2821 17.5979 12.2749 15.4378 12.2749C13.2773 12.2749 12.1768 13.2821 11.206 14.1708C11.206 14.1709 11.2059 14.1709 11.2059 14.1709L11.2056 14.1711C10.3291 14.9734 9.63666 15.6071 8.15707 15.6071C6.67721 15.6071 5.98463 14.9733 5.10799 14.1708C5.10797 14.1708 5.10794 14.1708 5.10791 14.1707L5.10786 14.1707C5.10786 14.1707 5.10786 14.1707 5.10785 14.1707C4.5082 13.6219 3.85916 13.0279 2.94154 12.6538C2.37333 12.4222 1.70215 12.2749 0.875942 12.2749C0.392276 12.2749 0 12.6672 0 13.1508C0 13.6347 0.392276 14.0268 0.875942 14.0268C1.59154 14.0268 2.12302 14.175 2.58024 14.4188C3.06854 14.6792 3.47214 15.0487 3.92487 15.4631C3.92487 15.4631 3.92488 15.4631 3.92488 15.4631L3.92495 15.4632L3.925 15.4632C3.925 15.4632 3.92501 15.4632 3.92501 15.4632C4.89598 16.3519 5.99645 17.359 8.15707 17.359C10.3175 17.359 11.418 16.3519 12.3888 15.4633C12.3888 15.4632 12.3889 15.4632 12.3889 15.4632L12.389 15.4631C13.2656 14.6606 13.958 14.0268 15.4378 14.0268C16.9173 14.0268 17.6097 14.6606 18.4862 15.4631C18.4862 15.4631 18.4863 15.4631 18.4863 15.4632L18.4864 15.4632L18.4865 15.4634C19.4573 16.352 20.5575 17.359 22.7177 17.359C24.8783 17.359 25.9788 16.3519 26.9496 15.4633C26.9496 15.4632 26.9496 15.4632 26.9497 15.4632L26.9497 15.4631C27.8264 14.6606 28.5188 14.0268 29.9985 14.0268C31.4784 14.0268 32.1708 14.6606 33.0475 15.4631L33.0475 15.4632L33.0477 15.4633L33.0478 15.4634C34.0187 16.352 35.119 17.359 37.2795 17.359C39.4402 17.359 40.5406 16.3518 41.5115 15.4632Z\" fill=\"#4546A3\" fill-opacity=\"0.5\"/>\r\n<path fill-rule=\"evenodd\" clip-rule=\"evenodd\" d=\"M41.5115 23.0547C41.5115 23.0547 41.5115 23.0547 41.5115 23.0547C42.3883 22.2522 43.0809 21.6183 44.5608 21.6183C46.0407 21.6183 46.7333 22.2522 47.61 23.0548C47.61 23.0548 47.61 23.0548 47.61 23.0548C48.581 23.9435 49.6815 24.9506 51.8419 24.9506C54.0028 24.9506 55.1033 23.9434 56.0743 23.0548L56.0743 23.0547L56.0744 23.0546L56.0745 23.0545C56.5274 22.6401 56.9312 22.2706 57.4197 22.0102C57.8769 21.7665 58.4084 21.6183 59.1241 21.6183C59.6077 21.6183 60 21.2262 60 20.7424C60 20.2587 59.6077 19.8665 59.1241 19.8665C58.2979 19.8665 57.6267 20.0137 57.0585 20.2452C56.1406 20.6193 55.4914 21.2134 54.8916 21.7623L54.8915 21.7624L54.8914 21.7625C54.0146 22.5649 53.322 23.1987 51.8419 23.1987C50.3622 23.1987 49.6697 22.5649 48.7932 21.7627L48.7929 21.7624C48.7929 21.7624 48.7928 21.7624 48.7928 21.7623C47.8218 20.8736 46.7213 19.8665 44.5608 19.8665C42.4001 19.8665 41.2997 20.8736 40.3287 21.7624L40.3286 21.7625L40.3284 21.7627C39.4518 22.5649 38.7594 23.1987 37.2795 23.1987C35.7998 23.1987 35.1072 22.5648 34.2305 21.7624C34.2305 21.7624 34.2304 21.7624 34.2304 21.7623C33.2594 20.8736 32.1591 19.8665 29.9985 19.8665C27.8381 19.8665 26.7376 20.8736 25.7668 21.7624C25.7667 21.7624 25.7667 21.7624 25.7667 21.7624L25.7664 21.7627C24.8899 22.5649 24.1974 23.1987 22.7177 23.1987C21.2382 23.1987 20.5459 22.565 19.6694 21.7625C19.6694 21.7625 19.6693 21.7625 19.6693 21.7624L19.6693 21.7624L19.669 21.7622C18.6983 20.8736 17.5979 19.8665 15.4378 19.8665C13.2773 19.8665 12.1768 20.8736 11.206 21.7624C11.206 21.7624 11.2059 21.7624 11.2059 21.7624L11.2059 21.7624L11.2056 21.7627C10.3291 22.5649 9.63666 23.1987 8.15707 23.1987C6.67721 23.1987 5.98463 22.5648 5.108 21.7624C5.10797 21.7623 5.10794 21.7623 5.10791 21.7623L5.10787 21.7622C5.10786 21.7622 5.10786 21.7622 5.10785 21.7622C4.5082 21.2134 3.85916 20.6194 2.94154 20.2454C2.37333 20.0137 1.70215 19.8665 0.875942 19.8665C0.392276 19.8665 0 20.2587 0 20.7424C0 21.2262 0.392276 21.6183 0.875942 21.6183C1.59154 21.6183 2.12302 21.7666 2.58024 22.0104C3.06854 22.2708 3.47214 22.6402 3.92486 23.0547C3.92487 23.0547 3.92488 23.0547 3.92488 23.0547L3.92495 23.0547L3.925 23.0548C3.925 23.0548 3.925 23.0548 3.92501 23.0548C4.89598 23.9434 5.99645 24.9506 8.15707 24.9506C10.3175 24.9506 11.418 23.9435 12.3888 23.0548C12.3888 23.0548 12.3889 23.0548 12.3889 23.0547L12.389 23.0547C13.2656 22.2522 13.958 21.6183 15.4378 21.6183C16.9173 21.6183 17.6097 22.2522 18.4862 23.0546C18.4862 23.0547 18.4863 23.0547 18.4863 23.0547L18.4864 23.0548L18.4865 23.0549C19.4573 23.9435 20.5575 24.9506 22.7177 24.9506C24.8783 24.9506 25.9788 23.9435 26.9496 23.0548C26.9496 23.0548 26.9496 23.0548 26.9497 23.0547L26.9497 23.0547C27.8264 22.2522 28.5188 21.6183 29.9985 21.6183C31.4784 21.6183 32.1708 22.2522 33.0475 23.0547L33.0475 23.0547L33.0476 23.0548L33.0478 23.055C34.0187 23.9436 35.119 24.9506 37.2795 24.9506C39.4402 24.9506 40.5406 23.9434 41.5115 23.0547Z\" fill=\"#4546A3\" fill-opacity=\"0.5\"/>\r\n<path fill-rule=\"evenodd\" clip-rule=\"evenodd\" d=\"M41.5116 30.6461C42.3883 29.8438 43.081 29.2099 44.5608 29.2099C46.0406 29.2099 46.7332 29.8437 47.6099 30.6462C47.6099 30.6462 47.6098 30.6462 47.6099 30.6462C48.5808 31.5348 49.6814 32.5421 51.8419 32.5421C54.0028 32.5421 55.1033 31.535 56.0743 30.6463C56.5272 30.2319 56.9312 29.8622 57.4197 29.6018C57.8769 29.358 58.4085 29.2099 59.1241 29.2099C59.6077 29.2099 60 28.8176 60 28.3339C60 27.8501 59.6077 27.458 59.1241 27.458C58.2979 27.458 57.6267 27.6052 57.0585 27.8368C56.1406 28.2109 55.4914 28.805 54.8916 29.3538C54.0148 30.1563 53.322 30.7902 51.8419 30.7902C50.362 30.7902 49.6696 30.1564 48.793 29.3539C47.822 28.4653 46.7214 27.458 44.5608 27.458C42.4002 27.458 41.2998 28.4651 40.3288 29.3537C39.4522 30.1562 38.7595 30.7902 37.2795 30.7902C35.7998 30.7902 35.1072 30.1563 34.2305 29.3538C33.2596 28.4653 32.159 27.458 29.9985 27.458C27.8381 27.458 26.7376 28.4651 25.7668 29.3537C25.7668 29.3538 25.7669 29.3537 25.7668 29.3537C24.8902 30.1562 24.1976 30.7902 22.7177 30.7902C21.2383 30.7902 20.546 30.1565 19.6696 29.3543C19.6696 29.3543 19.6697 29.3543 19.6696 29.3543C18.6988 28.4655 17.5981 27.458 15.4378 27.458C13.2773 27.458 12.1768 28.4651 11.206 29.3537C11.206 29.3538 11.2061 29.3537 11.206 29.3537C10.3294 30.1562 9.63679 30.7902 8.15707 30.7902C6.67716 30.7902 5.98458 30.1563 5.10791 29.3538C5.10789 29.3538 5.10793 29.3539 5.10791 29.3538C4.50827 28.8051 3.85913 28.211 2.94154 27.8369C2.37334 27.6053 1.70215 27.458 0.875942 27.458C0.392276 27.458 0 27.8501 0 28.3339C0 28.8176 0.392276 29.2099 0.875942 29.2099C1.59148 29.2099 2.12296 29.3581 2.5802 29.6019C3.06853 29.8623 3.47218 30.2317 3.92492 30.6461C3.92496 30.6462 3.92487 30.6461 3.92492 30.6461C4.89587 31.5349 5.99651 32.5421 8.15707 32.5421C10.3176 32.5421 11.418 31.535 12.3889 30.6462C12.3889 30.6462 12.3888 30.6462 12.3889 30.6462C13.2654 29.8439 13.9582 29.2099 15.4378 29.2099C16.9173 29.2099 17.6098 29.8437 18.4862 30.6461C18.4863 30.6461 18.4862 30.646 18.4862 30.6461C19.4571 31.5348 20.5574 32.5421 22.7177 32.5421C24.8783 32.5421 25.9788 31.535 26.9496 30.6462C26.9497 30.6462 26.9496 30.6462 26.9496 30.6462C27.8262 29.8439 28.5189 29.2099 29.9985 29.2099C31.4783 29.2099 32.1707 29.8436 33.0472 30.6459C33.0473 30.6459 33.0472 30.6458 33.0472 30.6459C34.0182 31.5346 35.119 32.5421 37.2795 32.5421C39.4401 32.5421 40.5408 31.5348 41.5116 30.6461C41.5116 30.646 41.5116 30.6461 41.5116 30.6461Z\" fill=\"#4546A3\" fill-opacity=\"0.5\"/>\r\n<path fill-rule=\"evenodd\" clip-rule=\"evenodd\" d=\"M41.5115 38.2377L41.5116 38.2376L41.5117 38.2375C42.3884 37.4352 43.081 36.8014 44.5608 36.8014C46.0406 36.8014 46.7332 37.4353 47.6099 38.2378C47.6099 38.2378 47.6099 38.2378 47.6099 38.2378L47.61 38.2379C48.581 39.1265 49.6814 40.1337 51.8419 40.1337C54.0028 40.1337 55.1033 39.1265 56.0743 38.2379L56.0743 38.2378L56.0744 38.2378L56.0745 38.2376C56.5275 37.8232 56.9312 37.4537 57.4197 37.1933C57.8769 36.9496 58.4085 36.8014 59.1241 36.8014C59.6077 36.8014 60 36.4092 60 35.9255C60 35.4417 59.6077 35.0496 59.1241 35.0496C58.2979 35.0496 57.6267 35.1968 57.0585 35.4284C56.1406 35.8024 55.4914 36.3965 54.8916 36.9454L54.8915 36.9455L54.8914 36.9456C54.0146 37.748 53.322 38.3818 51.8419 38.3818C50.362 38.3818 49.6696 37.7479 48.793 36.9455L48.7929 36.9454L48.7928 36.9453C47.8219 36.0567 46.7214 35.0496 44.5608 35.0496C42.4002 35.0496 41.2998 36.0567 40.3288 36.9453C40.3288 36.9453 40.3288 36.9453 40.3287 36.9453L40.3287 36.9454L40.3286 36.9455C40.3286 36.9455 40.3286 36.9455 40.3285 36.9455C39.4519 37.748 38.7595 38.3818 37.2795 38.3818C35.7998 38.3818 35.1072 37.7479 34.2305 36.9454L34.2304 36.9453L34.2303 36.9452C33.2593 36.0566 32.159 35.0496 29.9985 35.0496C27.8381 35.0496 26.7376 36.0567 25.7668 36.9453C25.7668 36.9453 25.7668 36.9454 25.7667 36.9454L25.7666 36.9455C24.89 37.7479 24.1976 38.3818 22.7177 38.3818C21.2383 38.3818 20.546 37.7481 19.6696 36.9459L19.6693 36.9455C19.6693 36.9455 19.6692 36.9455 19.6692 36.9455C18.6984 36.0567 17.5981 35.0496 15.4378 35.0496C13.2773 35.0496 12.1768 36.0567 11.206 36.9453C11.206 36.9453 11.206 36.9454 11.2059 36.9454L11.2059 36.9455C10.3292 37.7479 9.63679 38.3818 8.15707 38.3818C6.67716 38.3818 5.98458 37.7479 5.10791 36.9454L5.10789 36.9454L5.10786 36.9453C5.10784 36.9453 5.10782 36.9453 5.10781 36.9453C4.50817 36.3965 3.85913 35.8025 2.94154 35.4285C2.37334 35.1969 1.70215 35.0496 0.875942 35.0496C0.392276 35.0496 0 35.4417 0 35.9255C0 36.4092 0.392276 36.8014 0.875942 36.8014C1.59148 36.8014 2.12297 36.9497 2.5802 37.1935C3.06853 37.4539 3.47218 37.8233 3.92492 38.2377L3.92494 38.2377L3.92495 38.2377C3.92499 38.2377 3.92504 38.2378 3.92508 38.2378C4.89603 39.1266 5.99651 40.1337 8.15707 40.1337C10.3176 40.1337 11.418 39.1265 12.3889 38.2377C12.3889 38.2377 12.3889 38.2377 12.3889 38.2377L12.3889 38.2377L12.3892 38.2374C13.2657 37.4352 13.9582 36.8014 15.4378 36.8014C16.9173 36.8014 17.6098 37.4353 18.4862 38.2376L18.4863 38.2377C18.4863 38.2377 18.4864 38.2377 18.4864 38.2378C19.4572 39.1265 20.5574 40.1337 22.7177 40.1337C24.8783 40.1337 25.9788 39.1265 26.9496 38.2377C26.9497 38.2377 26.9497 38.2377 26.9497 38.2377L26.95 38.2374C27.8265 37.4352 28.5189 36.8014 29.9985 36.8014C31.4783 36.8014 32.1707 37.4352 33.0472 38.2374L33.0475 38.2377C33.0476 38.2377 33.0476 38.2378 33.0477 38.2378C34.0186 39.1266 35.119 40.1337 37.2795 40.1337C39.4401 40.1337 40.5406 39.1265 41.5114 38.2377C41.5115 38.2377 41.5115 38.2377 41.5115 38.2377Z\" fill=\"#4546A3\" fill-opacity=\"0.5\"/>\r\n<path fill-rule=\"evenodd\" clip-rule=\"evenodd\" d=\"M41.5114 45.8293C41.5115 45.8293 41.5115 45.8293 41.5115 45.8293L41.5116 45.8292L41.5117 45.829C42.3884 45.0268 43.081 44.393 44.5608 44.393C46.0406 44.393 46.7332 45.0268 47.6099 45.8293C47.6099 45.8293 47.6099 45.8294 47.6099 45.8294L47.61 45.8294C48.581 46.7181 49.6814 47.7252 51.8419 47.7252C54.0028 47.7252 55.1033 46.7181 56.0743 45.8294L56.0743 45.8294L56.0744 45.8293L56.0745 45.8292C56.5275 45.4147 56.9312 45.0453 57.4197 44.7849C57.877 44.5411 58.4085 44.393 59.1241 44.393C59.6077 44.393 60 44.0007 60 43.5171C60 43.0331 59.6077 42.6411 59.1241 42.6411C58.2979 42.6411 57.6267 42.7884 57.0585 43.0199C56.1406 43.394 55.4914 43.9881 54.8916 44.5369L54.8915 44.537L54.8914 44.5371C54.0146 45.3396 53.322 45.9733 51.8419 45.9733C50.362 45.9733 49.6696 45.3395 48.793 44.537L48.7929 44.5369L48.7929 44.5369C47.8219 43.6483 46.7214 42.6411 44.5608 42.6411C42.4002 42.6411 41.2998 43.6482 40.3288 44.5368C40.3288 44.5368 40.3287 44.5369 40.3287 44.5369L40.3287 44.5369L40.3286 44.537C40.3286 44.537 40.3285 44.5371 40.3285 44.5371C39.4519 45.3395 38.7595 45.9733 37.2795 45.9733C35.7998 45.9733 35.1072 45.3395 34.2305 44.5369L34.2304 44.5368L34.2303 44.5367C33.2593 43.6481 32.159 42.6411 29.9985 42.6411C27.8381 42.6411 26.7376 43.6482 25.7668 44.5369C25.7668 44.5369 25.7668 44.5369 25.7667 44.5369L25.7666 44.537C24.89 45.3395 24.1976 45.9733 22.7177 45.9733C21.2383 45.9733 20.546 45.3396 19.6696 44.5374L19.6693 44.5371C19.6693 44.5371 19.6692 44.537 19.6692 44.537C18.6984 43.6483 17.5981 42.6411 15.4378 42.6411C13.2773 42.6411 12.1768 43.6482 11.206 44.5368C11.206 44.5369 11.206 44.5369 11.2059 44.5369L11.2059 44.537C10.3292 45.3395 9.63678 45.9733 8.15707 45.9733C6.67716 45.9733 5.98458 45.3395 5.10791 44.5369L5.10789 44.5369L5.10787 44.5369C5.10785 44.5369 5.10783 44.5369 5.10781 44.5368C4.50817 43.9881 3.85913 43.3941 2.94154 43.02C2.37334 42.7884 1.70215 42.6411 0.875942 42.6411C0.392276 42.6411 0 43.0331 0 43.5171C0 44.0007 0.392276 44.393 0.875942 44.393C1.59147 44.393 2.12294 44.5412 2.58017 44.785C3.06852 45.0454 3.47217 45.4148 3.92492 45.8292L3.92494 45.8292L3.92495 45.8293C3.92499 45.8293 3.92504 45.8293 3.92508 45.8294C4.89603 46.7181 5.9965 47.7252 8.15707 47.7252C10.3176 47.7252 11.418 46.7181 12.3889 45.8293C12.3889 45.8293 12.3889 45.8293 12.3889 45.8293L12.3889 45.8292L12.3892 45.829C13.2657 45.0267 13.9582 44.393 15.4378 44.393C16.9173 44.393 17.6098 45.0268 18.4862 45.8292L18.4863 45.8293C18.4863 45.8293 18.4864 45.8293 18.4864 45.8293C19.4572 46.7181 20.5574 47.7252 22.7177 47.7252C24.8783 47.7252 25.9788 46.7181 26.9496 45.8293C26.9497 45.8293 26.9497 45.8293 26.9497 45.8293L26.95 45.829C27.8265 45.0267 28.5189 44.393 29.9985 44.393C31.4783 44.393 32.1707 45.0267 33.0472 45.829L33.0475 45.8293C33.0476 45.8293 33.0476 45.8293 33.0477 45.8294C34.0186 46.7181 35.119 47.7252 37.2795 47.7252C39.4401 47.7252 40.5406 46.7181 41.5114 45.8293Z\" fill=\"#4546A3\" fill-opacity=\"0.5\"/>\r\n</g>\r\n<defs>\r\n<clipPath id=\"clip0\">\r\n<rect width=\"60\" height=\"60\" fill=\"white\"/>\r\n</clipPath>\r\n</defs>\r\n</svg>'),
(4, 'strenght & agility sports', '<svg width=\"60\" height=\"61\" viewBox=\"0 0 60 61\" fill=\"none\" xmlns=\"http://www.w3.org/2000/svg\">\r\n<g clip-path=\"url(#clip0)\">\r\n<path d=\"M5.25899 18.8379C5.6608 19.2161 6.28716 19.2161 6.68897 18.8379C12.8461 12.6216 21.2369 9.1235 29.9941 9.1235C38.7512 9.1235 47.142 12.6216 53.2992 18.8379C53.4883 19.027 53.7483 19.1333 54.0201 19.1333C54.2919 19.1333 54.5519 19.027 54.741 18.8379L59.7164 13.8271C60.1064 13.4371 60.1064 12.7989 59.7164 12.4089C51.8574 4.46721 41.1621 0 30.0059 0C18.8497 0 8.14258 4.46721 0.295425 12.3971C-0.0945689 12.7871 -0.0945689 13.4253 0.295425 13.8152L5.25899 18.8379ZM30.0059 2.02088C40.2876 1.99724 50.1792 5.97991 57.5655 13.1298L54.0083 16.6988C40.5594 3.89994 19.4406 3.89994 5.99171 16.6988L2.43448 13.118C9.83256 5.97991 19.7124 1.99724 30.0059 2.02088Z\" fill=\"#4546A3\" fill-opacity=\"0.6\"/>\r\n<path d=\"M44.0812 29.1431C44.353 29.1431 44.6012 29.0368 44.8021 28.8477L49.7775 23.8487C50.1674 23.4587 50.1674 22.8205 49.7775 22.4305C45.4048 18.0342 39.6967 15.2215 33.5513 14.4416L33.4332 13.8743C33.0904 12.2552 31.6723 11.1089 30.0178 11.1089C28.3632 11.1089 26.9451 12.2552 26.6023 13.8743L26.4724 14.4534C20.327 15.2452 14.6189 18.0579 10.2462 22.4423C9.85624 22.8323 9.85624 23.4705 10.2462 23.8605L15.2216 28.8595C15.4107 29.0486 15.6707 29.155 15.9425 29.155C16.2143 29.155 16.4625 29.0486 16.6634 28.8595C18.8143 26.6968 21.4615 25.0778 24.3687 24.1678L19.8306 45.0738C19.8188 45.1093 19.807 45.1447 19.807 45.1802L19.3934 47.142C18.377 51.6092 20.2443 56.23 24.0733 58.7354C27.9023 61.2408 32.8895 61.099 36.5767 58.3809C40.0158 55.7573 41.6112 51.361 40.6658 47.142L40.2521 45.1802C40.2403 45.1447 40.2403 45.1211 40.2285 45.0856L35.6904 24.1796C38.5976 25.0896 41.2449 26.6968 43.3957 28.8713C43.5494 29.0368 43.8094 29.1431 44.0812 29.1431ZM15.9425 26.7205L12.3853 23.1514C16.1671 19.6415 20.9061 17.337 25.9996 16.5333L24.8296 21.9342C21.5206 22.7614 18.4597 24.416 15.9425 26.7205ZM38.2667 45.6529L38.6567 47.5438C39.5076 51.1955 37.9831 54.9773 34.8513 57.0336C31.7195 59.09 27.6423 58.9718 24.6287 56.75C21.8279 54.5873 20.5279 50.9946 21.3315 47.5438L21.7215 45.6647C21.7333 45.6293 21.7451 45.6056 21.7451 45.5702L26.6614 22.9387L28.5405 14.2879C28.6823 13.6025 29.285 13.1179 29.9941 13.1179C30.6914 13.1179 31.2941 13.6143 31.4359 14.2879L33.315 22.9387L38.2313 45.5702C38.2431 45.5938 38.2549 45.6174 38.2667 45.6529ZM34.0004 16.5333C39.094 17.337 43.8448 19.6415 47.6148 23.1514L44.0575 26.7205C41.5403 24.416 38.4794 22.7614 35.1704 21.9224L34.0004 16.5333Z\" fill=\"#4546A3\" fill-opacity=\"0.6\"/>\r\n<path d=\"M30.006 44.3766C27.217 44.3766 24.9597 46.6338 24.9597 49.4229C24.9597 52.2119 27.217 54.4692 30.006 54.4692C32.795 54.4692 35.0523 52.2119 35.0523 49.4229C35.0405 46.6338 32.7832 44.3766 30.006 44.3766ZM30.006 52.4365C28.3397 52.4365 26.9806 51.0774 26.9806 49.4111C26.9806 47.7447 28.3397 46.3856 30.006 46.3856C31.6723 46.3856 33.0314 47.7447 33.0314 49.4111C33.0196 51.0892 31.6723 52.4365 30.006 52.4365Z\" fill=\"#4546A3\" fill-opacity=\"0.6\"/>\r\n</g>\r\n<defs>\r\n<clipPath id=\"clip0\">\r\n<rect width=\"60\" height=\"60.5082\" fill=\"white\"/>\r\n</clipPath>\r\n</defs>\r\n</svg>');

--
-- Indexes for dumped tables
--

--
-- Indexes for table `activities`
--
ALTER TABLE `activities`
  ADD PRIMARY KEY (`id`);

--
-- Indexes for table `activities_have_focuses`
--
ALTER TABLE `activities_have_focuses`
  ADD PRIMARY KEY (`id`);

--
-- Indexes for table `focuses`
--
ALTER TABLE `focuses`
  ADD PRIMARY KEY (`id`);

--
-- Indexes for table `friends`
--
ALTER TABLE `friends`
  ADD PRIMARY KEY (`id`);

--
-- Indexes for table `locations`
--
ALTER TABLE `locations`
  ADD PRIMARY KEY (`id`);

--
-- Indexes for table `sports`
--
ALTER TABLE `sports`
  ADD PRIMARY KEY (`id`);

--
-- Indexes for table `types`
--
ALTER TABLE `types`
  ADD PRIMARY KEY (`id`);

--
-- AUTO_INCREMENT for dumped tables
--

--
-- AUTO_INCREMENT for table `activities`
--
ALTER TABLE `activities`
  MODIFY `id` int(11) NOT NULL AUTO_INCREMENT, AUTO_INCREMENT=58;

--
-- AUTO_INCREMENT for table `activities_have_focuses`
--
ALTER TABLE `activities_have_focuses`
  MODIFY `id` int(11) NOT NULL AUTO_INCREMENT, AUTO_INCREMENT=25;

--
-- AUTO_INCREMENT for table `focuses`
--
ALTER TABLE `focuses`
  MODIFY `id` int(11) NOT NULL AUTO_INCREMENT, AUTO_INCREMENT=5;

--
-- AUTO_INCREMENT for table `friends`
--
ALTER TABLE `friends`
  MODIFY `id` int(11) NOT NULL AUTO_INCREMENT, AUTO_INCREMENT=23;

--
-- AUTO_INCREMENT for table `locations`
--
ALTER TABLE `locations`
  MODIFY `id` int(11) NOT NULL AUTO_INCREMENT, AUTO_INCREMENT=6;

--
-- AUTO_INCREMENT for table `sports`
--
ALTER TABLE `sports`
  MODIFY `id` int(11) NOT NULL AUTO_INCREMENT, AUTO_INCREMENT=22;

--
-- AUTO_INCREMENT for table `types`
--
ALTER TABLE `types`
  MODIFY `id` int(11) NOT NULL AUTO_INCREMENT, AUTO_INCREMENT=5;

/*!40101 SET CHARACTER_SET_CLIENT=@OLD_CHARACTER_SET_CLIENT */;
/*!40101 SET CHARACTER_SET_RESULTS=@OLD_CHARACTER_SET_RESULTS */;
/*!40101 SET COLLATION_CONNECTION=@OLD_COLLATION_CONNECTION */;
