-- phpMyAdmin SQL Dump
-- version 4.8.3
-- https://www.phpmyadmin.net/
--
-- Host: localhost:8889
-- Generation Time: Dec 01, 2019 at 06:04 PM
-- Server version: 5.7.23
-- PHP Version: 7.2.10

SET SQL_MODE = "NO_AUTO_VALUE_ON_ZERO";
SET time_zone = "+00:00";


/*!40101 SET @OLD_CHARACTER_SET_CLIENT=@@CHARACTER_SET_CLIENT */;
/*!40101 SET @OLD_CHARACTER_SET_RESULTS=@@CHARACTER_SET_RESULTS */;
/*!40101 SET @OLD_COLLATION_CONNECTION=@@COLLATION_CONNECTION */;
/*!40101 SET NAMES utf8mb4 */;

--
-- Database: `sportsplanner`
--

-- --------------------------------------------------------

--
-- Table structure for table `activities`
--

CREATE TABLE `activities` (
  `id` int(11) NOT NULL,
  `sport_id` int(11) NOT NULL,
  `date` date NOT NULL,
  `starthour` time NOT NULL,
  `endhour` time NOT NULL,
  `location_id` int(11) NOT NULL,
  `intensity` enum('light','medium','hard','') NOT NULL,
  `timestamp` timestamp NOT NULL DEFAULT CURRENT_TIMESTAMP
) ENGINE=InnoDB DEFAULT CHARSET=utf8;

--
-- Dumping data for table `activities`
--

INSERT INTO `activities` (`id`, `sport_id`, `date`, `starthour`, `endhour`, `location_id`, `intensity`, `timestamp`) VALUES
(1, 1, '2019-11-22', '10:00:00', '11:00:00', 2, 'light', '2019-11-20 13:33:27'),
(2, 5, '2019-11-30', '12:00:00', '12:40:00', 5, 'light', '2019-11-20 20:34:23'),
(3, 2, '2019-11-28', '14:45:00', '16:00:00', 4, 'hard', '2019-11-24 16:23:52'),
(4, 6, '2019-11-28', '19:30:00', '20:30:00', 5, 'medium', '2019-11-24 16:24:49'),
(5, 1, '2019-12-02', '13:30:00', '13:30:00', 1, 'light', '2019-11-26 21:46:38'),
(7, 3, '2019-12-07', '13:30:00', '13:30:00', 1, 'hard', '2019-11-26 21:48:46'),
(9, 6, '2019-12-07', '13:30:00', '13:30:00', 2, 'light', '2019-11-27 07:02:37'),
(41, 2, '2019-12-03', '13:30:00', '14:00:00', 2, 'medium', '2019-11-29 12:52:27'),
(43, 2, '2019-12-05', '13:30:00', '14:00:00', 2, 'medium', '2019-11-29 12:53:53'),
(53, 1, '2019-11-29', '13:30:00', '14:30:00', 1, 'medium', '2019-11-29 13:28:11'),
(54, 2, '2019-11-29', '18:30:00', '19:00:00', 3, 'hard', '2019-11-29 13:56:58'),
(55, 1, '2019-12-03', '13:30:00', '13:30:00', 1, 'medium', '2019-11-30 16:40:49'),
(58, 7, '2019-12-02', '13:30:00', '13:30:00', 2, 'medium', '2019-11-30 19:30:05'),
(60, 7, '2019-12-10', '13:30:00', '13:30:00', 3, 'medium', '2019-12-01 11:30:34'),
(61, 7, '2019-12-11', '13:30:00', '13:30:00', 2, 'medium', '2019-12-01 15:55:24'),
(63, 14, '1970-01-01', '13:30:00', '13:30:00', 2, 'light', '2019-12-01 16:06:57'),
(64, 1, '2019-12-11', '13:30:00', '13:30:00', 2, 'medium', '2019-12-01 16:32:48'),
(65, 4, '2019-12-11', '13:30:00', '15:30:00', 2, 'medium', '2019-12-01 16:33:07'),
(66, 14, '2019-12-12', '13:30:00', '16:00:00', 2, 'hard', '2019-12-01 16:51:25');

-- --------------------------------------------------------

--
-- Table structure for table `activities_have_focuses`
--

CREATE TABLE `activities_have_focuses` (
  `id` int(11) NOT NULL,
  `activity_id` int(11) NOT NULL,
  `focus_id` int(11) NOT NULL
) ENGINE=InnoDB DEFAULT CHARSET=utf8;

--
-- Dumping data for table `activities_have_focuses`
--

INSERT INTO `activities_have_focuses` (`id`, `activity_id`, `focus_id`) VALUES
(1, 1, 2),
(2, 1, 3),
(3, 2, 4),
(4, 2, 1),
(5, 2, 2),
(6, 3, 2),
(7, 4, 1),
(8, 4, 4),
(9, 5, 3),
(10, 5, 2),
(11, 51, 3),
(12, 52, 3),
(13, 53, 1),
(14, 53, 3),
(15, 53, 4),
(16, 54, 1),
(17, 54, 2),
(18, 54, 3),
(19, 55, 1),
(20, 55, 3),
(21, 56, 2),
(22, 56, 3),
(23, 57, 1),
(24, 57, 4),
(25, 58, 1),
(26, 58, 3),
(27, 59, 1),
(28, 59, 3),
(29, 60, 1),
(30, 60, 3),
(31, 61, 3),
(32, 62, 1),
(33, 62, 3),
(34, 63, 1),
(35, 63, 3),
(36, 64, 1),
(37, 64, 3),
(38, 65, 2),
(39, 66, 2),
(40, 67, 1),
(41, 68, 1),
(42, 68, 2),
(43, 68, 3);

-- --------------------------------------------------------

--
-- Table structure for table `focuses`
--

CREATE TABLE `focuses` (
  `id` int(11) NOT NULL,
  `name` varchar(45) NOT NULL
) ENGINE=InnoDB DEFAULT CHARSET=utf8;

--
-- Dumping data for table `focuses`
--

INSERT INTO `focuses` (`id`, `name`) VALUES
(1, 'flexibility'),
(2, 'endurance'),
(3, 'coordination'),
(4, 'strength');

-- --------------------------------------------------------

--
-- Table structure for table `friends`
--

CREATE TABLE `friends` (
  `id` int(11) NOT NULL,
  `firstname` varchar(45) NOT NULL,
  `activity_id` int(11) NOT NULL
) ENGINE=InnoDB DEFAULT CHARSET=utf8;

--
-- Dumping data for table `friends`
--

INSERT INTO `friends` (`id`, `firstname`, `activity_id`) VALUES
(1, 'Lien', 1),
(2, 'Sarah', 3),
(3, 'Lieselot', 4),
(4, 'Mathias', 2),
(5, 'mama', 5),
(6, 'papa', 2),
(7, 'Lieselot', 55),
(8, 'Lien', 55),
(9, 'Lien', 55),
(10, 'Lien', 55),
(11, 'Lien', 55),
(12, 'Lieselot', 56),
(13, 'Lien', 56),
(14, 'Lien', 56),
(15, 'Lien', 56),
(16, 'Lien', 56),
(17, 'Lieselot', 57),
(18, 'Lien', 57),
(19, 'Lien', 57),
(20, 'Lien', 57),
(21, 'Lien', 57),
(22, 'dfghbjn', 57),
(23, 'Lien', 59),
(24, 'Lien', 60),
(25, 'Lien', 61),
(26, 'Lien', 62),
(27, 'Lien', 63),
(28, 'Draak', 63),
(29, 'Lien', 64),
(30, 'Draak', 64),
(31, 'Lien', 65),
(32, 'Draak', 65),
(33, 'Lien', 66),
(34, 'Draak', 66),
(35, 'Lien', 67),
(36, 'Draak', 67),
(37, 'Lien', 68),
(38, 'Draak', 68);

-- --------------------------------------------------------

--
-- Table structure for table `locations`
--

CREATE TABLE `locations` (
  `id` int(11) NOT NULL,
  `location` varchar(45) NOT NULL,
  `icon` text NOT NULL
) ENGINE=InnoDB DEFAULT CHARSET=utf8;

--
-- Dumping data for table `locations`
--

INSERT INTO `locations` (`id`, `location`, `icon`) VALUES
(1, 'sports hall', '<svg width=\"60\" height=\"60\" viewBox=\"0 0 60 60\" fill=\"none\" xmlns=\"http://www.w3.org/2000/svg\">\r\n<path d=\"M58.7289 56.7261H1.27105C0.569113 56.7261 0 56.157 0 55.4551C0 54.7531 0.569113 54.184 1.27105 54.184H58.7289C59.4309 54.184 60 54.7531 60 55.4551C60 56.157 59.4309 56.7261 58.7289 56.7261ZM56.3977 50.9328C55.6957 50.9328 55.1266 50.3637 55.1266 49.6618V21.5739H44.8775C44.1756 21.5739 43.6065 21.0048 43.6065 20.3028C43.6065 19.6009 44.1756 19.0318 44.8775 19.0318H56.398C57.0999 19.0318 57.669 19.6009 57.669 20.3028C57.669 20.3125 57.6689 20.3221 57.6687 20.3316V49.6618C57.6687 50.3637 57.0996 50.9328 56.3977 50.9328ZM50.0629 50.9328H9.93692C9.23499 50.9328 8.66587 50.3637 8.66587 49.6618V31.5898C8.66587 30.8878 9.23499 30.3187 9.93692 30.3187H50.0629C50.7649 30.3187 51.334 30.8878 51.334 31.5898V49.6618C51.334 50.3637 50.7649 50.9328 50.0629 50.9328ZM41.3025 48.3907H48.7919V32.8608H41.3025V48.3907ZM31.2711 48.3907H38.7606V32.8608H31.2711V48.3907ZM21.2396 48.3907H28.7289V32.8608H21.2396V48.3907ZM11.208 48.3907H18.6975V32.8608H11.208V48.3907ZM3.60184 50.9328C2.8999 50.9328 2.33079 50.3637 2.33079 49.6618V20.3221C2.33079 20.3157 2.33063 20.3092 2.33063 20.3028C2.33063 19.6009 2.89975 19.0318 3.60168 19.0318H15.1222C15.8241 19.0318 16.3932 19.6009 16.3932 20.3028C16.3932 21.0048 15.8241 21.5739 15.1222 21.5739H4.87289V49.6618C4.87289 50.3637 4.30394 50.9328 3.60184 50.9328ZM30 26.7445C23.5291 26.7445 18.2647 21.4802 18.2647 15.0092C18.2647 8.5383 23.5291 3.27393 30 3.27393C36.4709 3.27393 41.7351 8.5383 41.7351 15.0092C41.7351 21.4802 36.4708 26.7445 30 26.7445ZM28.5321 24.0853C29.0102 24.1622 29.5006 24.2024 30 24.2024C31.7939 24.2024 33.4697 23.6857 34.8859 22.7938C34.5388 20.8944 33.8718 19.0965 32.9414 17.4605C30.8746 19.1452 29.31 21.4376 28.5321 24.0853ZM21.2698 17.8923C22.0664 20.2989 23.8325 22.268 26.1031 23.3351C27.0547 20.1233 28.9808 17.3526 31.5205 15.3434C31.0019 14.6819 30.436 14.0594 29.8273 13.4805C27.5326 15.7561 24.5609 17.3327 21.2698 17.8923ZM35.057 16.0451C35.932 17.5491 36.612 19.1754 37.0634 20.8872C38.3926 19.2925 39.193 17.2428 39.193 15.0092C39.193 14.8812 39.1903 14.7541 39.1853 14.6273C37.7194 14.8731 36.3286 15.3589 35.057 16.0451ZM22.7056 9.41994C21.5153 10.9698 20.8068 12.9087 20.8068 15.0094C20.8068 15.1371 20.8095 15.2646 20.8146 15.3912C23.5033 14.9403 25.9401 13.6819 27.8489 11.8608C26.3027 10.776 24.5691 9.94139 22.7056 9.41994ZM31.4847 11.5537C32.2641 12.2857 32.9833 13.0795 33.6352 13.9272C35.1965 13.0528 36.9145 12.4347 38.7301 12.1262C37.9333 9.71975 36.1671 7.75041 33.8969 6.68352C33.3707 8.45982 32.5461 10.1015 31.4847 11.5537ZM24.8057 7.42772C26.4989 8.04657 28.0828 8.89499 29.5207 9.93328C30.3758 8.735 31.0407 7.38784 31.4679 5.93312C30.9898 5.85623 30.4992 5.81603 30 5.81603C28.074 5.81603 26.2844 6.41152 24.8057 7.42772Z\" fill=\"#4546A3\" fill-opacity=\"0.5\"/>\r\n</svg>\r\n'),
(2, 'swimming pool', '<svg width=\"60\" height=\"60\" viewBox=\"0 0 60 60\" fill=\"none\" xmlns=\"http://www.w3.org/2000/svg\">\r\n<g clip-path=\"url(#clip0)\">\r\n<path fill-rule=\"evenodd\" clip-rule=\"evenodd\" d=\"M41.5115 15.4632C41.5115 15.4632 41.5115 15.4631 41.5115 15.4631C42.3883 14.6606 43.0809 14.0268 44.5608 14.0268C46.0407 14.0268 46.7333 14.6607 47.61 15.4632C47.61 15.4632 47.61 15.4633 47.6101 15.4633C48.581 16.3519 49.6815 17.359 51.8419 17.359C54.0028 17.359 55.1033 16.3519 56.0743 15.4632L56.0743 15.4632L56.0744 15.4631L56.0745 15.463C56.5274 15.0485 56.9312 14.6791 57.4197 14.4187C57.8769 14.1749 58.4084 14.0268 59.1241 14.0268C59.6077 14.0268 60 13.6347 60 13.1508C60 12.6672 59.6077 12.2749 59.1241 12.2749C58.2979 12.2749 57.6267 12.4221 57.0585 12.6537C56.1406 13.0278 55.4914 13.6219 54.8916 14.1707L54.8915 14.1708L54.8914 14.1709C54.0146 14.9733 53.322 15.6071 51.8419 15.6071C50.3622 15.6071 49.6697 14.9734 48.7932 14.1711L48.7929 14.1709C48.7929 14.1708 48.7928 14.1708 48.7928 14.1708C47.8218 13.282 46.7213 12.2749 44.5608 12.2749C42.4001 12.2749 41.2997 13.2821 40.3287 14.1709L40.3286 14.1709L40.3284 14.1711C39.4518 14.9734 38.7594 15.6071 37.2795 15.6071C35.7998 15.6071 35.1072 14.9733 34.2305 14.1709C34.2305 14.1708 34.2304 14.1708 34.2304 14.1708C33.2594 13.282 32.1591 12.2749 29.9985 12.2749C27.8381 12.2749 26.7376 13.2821 25.7668 14.1708C25.7667 14.1709 25.7667 14.1709 25.7667 14.1709L25.7664 14.1711C24.8899 14.9734 24.1974 15.6071 22.7177 15.6071C21.2382 15.6071 20.5459 14.9734 19.6694 14.171C19.6694 14.1709 19.6693 14.1709 19.6693 14.1709L19.6692 14.1708L19.669 14.1707C18.6983 13.2821 17.5979 12.2749 15.4378 12.2749C13.2773 12.2749 12.1768 13.2821 11.206 14.1708C11.206 14.1709 11.2059 14.1709 11.2059 14.1709L11.2056 14.1711C10.3291 14.9734 9.63666 15.6071 8.15707 15.6071C6.67721 15.6071 5.98463 14.9733 5.10799 14.1708C5.10797 14.1708 5.10794 14.1708 5.10791 14.1707L5.10786 14.1707C5.10786 14.1707 5.10786 14.1707 5.10785 14.1707C4.5082 13.6219 3.85916 13.0279 2.94154 12.6538C2.37333 12.4222 1.70215 12.2749 0.875942 12.2749C0.392276 12.2749 0 12.6672 0 13.1508C0 13.6347 0.392276 14.0268 0.875942 14.0268C1.59154 14.0268 2.12302 14.175 2.58024 14.4188C3.06854 14.6792 3.47214 15.0487 3.92487 15.4631C3.92487 15.4631 3.92488 15.4631 3.92488 15.4631L3.92495 15.4632L3.925 15.4632C3.925 15.4632 3.92501 15.4632 3.92501 15.4632C4.89598 16.3519 5.99645 17.359 8.15707 17.359C10.3175 17.359 11.418 16.3519 12.3888 15.4633C12.3888 15.4632 12.3889 15.4632 12.3889 15.4632L12.389 15.4631C13.2656 14.6606 13.958 14.0268 15.4378 14.0268C16.9173 14.0268 17.6097 14.6606 18.4862 15.4631C18.4862 15.4631 18.4863 15.4631 18.4863 15.4632L18.4864 15.4632L18.4865 15.4634C19.4573 16.352 20.5575 17.359 22.7177 17.359C24.8783 17.359 25.9788 16.3519 26.9496 15.4633C26.9496 15.4632 26.9496 15.4632 26.9497 15.4632L26.9497 15.4631C27.8264 14.6606 28.5188 14.0268 29.9985 14.0268C31.4784 14.0268 32.1708 14.6606 33.0475 15.4631L33.0475 15.4632L33.0477 15.4633L33.0478 15.4634C34.0187 16.352 35.119 17.359 37.2795 17.359C39.4402 17.359 40.5406 16.3518 41.5115 15.4632Z\" fill=\"#4546A3\" fill-opacity=\"0.5\"/>\r\n<path fill-rule=\"evenodd\" clip-rule=\"evenodd\" d=\"M41.5115 23.0547C41.5115 23.0547 41.5115 23.0547 41.5115 23.0547C42.3883 22.2522 43.0809 21.6183 44.5608 21.6183C46.0407 21.6183 46.7333 22.2522 47.61 23.0548C47.61 23.0548 47.61 23.0548 47.61 23.0548C48.581 23.9435 49.6815 24.9506 51.8419 24.9506C54.0028 24.9506 55.1033 23.9434 56.0743 23.0548L56.0743 23.0547L56.0744 23.0546L56.0745 23.0545C56.5274 22.6401 56.9312 22.2706 57.4197 22.0102C57.8769 21.7665 58.4084 21.6183 59.1241 21.6183C59.6077 21.6183 60 21.2262 60 20.7424C60 20.2587 59.6077 19.8665 59.1241 19.8665C58.2979 19.8665 57.6267 20.0137 57.0585 20.2452C56.1406 20.6193 55.4914 21.2134 54.8916 21.7623L54.8915 21.7624L54.8914 21.7625C54.0146 22.5649 53.322 23.1987 51.8419 23.1987C50.3622 23.1987 49.6697 22.5649 48.7932 21.7627L48.7929 21.7624C48.7929 21.7624 48.7928 21.7624 48.7928 21.7623C47.8218 20.8736 46.7213 19.8665 44.5608 19.8665C42.4001 19.8665 41.2997 20.8736 40.3287 21.7624L40.3286 21.7625L40.3284 21.7627C39.4518 22.5649 38.7594 23.1987 37.2795 23.1987C35.7998 23.1987 35.1072 22.5648 34.2305 21.7624C34.2305 21.7624 34.2304 21.7624 34.2304 21.7623C33.2594 20.8736 32.1591 19.8665 29.9985 19.8665C27.8381 19.8665 26.7376 20.8736 25.7668 21.7624C25.7667 21.7624 25.7667 21.7624 25.7667 21.7624L25.7664 21.7627C24.8899 22.5649 24.1974 23.1987 22.7177 23.1987C21.2382 23.1987 20.5459 22.565 19.6694 21.7625C19.6694 21.7625 19.6693 21.7625 19.6693 21.7624L19.6693 21.7624L19.669 21.7622C18.6983 20.8736 17.5979 19.8665 15.4378 19.8665C13.2773 19.8665 12.1768 20.8736 11.206 21.7624C11.206 21.7624 11.2059 21.7624 11.2059 21.7624L11.2059 21.7624L11.2056 21.7627C10.3291 22.5649 9.63666 23.1987 8.15707 23.1987C6.67721 23.1987 5.98463 22.5648 5.108 21.7624C5.10797 21.7623 5.10794 21.7623 5.10791 21.7623L5.10787 21.7622C5.10786 21.7622 5.10786 21.7622 5.10785 21.7622C4.5082 21.2134 3.85916 20.6194 2.94154 20.2454C2.37333 20.0137 1.70215 19.8665 0.875942 19.8665C0.392276 19.8665 0 20.2587 0 20.7424C0 21.2262 0.392276 21.6183 0.875942 21.6183C1.59154 21.6183 2.12302 21.7666 2.58024 22.0104C3.06854 22.2708 3.47214 22.6402 3.92486 23.0547C3.92487 23.0547 3.92488 23.0547 3.92488 23.0547L3.92495 23.0547L3.925 23.0548C3.925 23.0548 3.925 23.0548 3.92501 23.0548C4.89598 23.9434 5.99645 24.9506 8.15707 24.9506C10.3175 24.9506 11.418 23.9435 12.3888 23.0548C12.3888 23.0548 12.3889 23.0548 12.3889 23.0547L12.389 23.0547C13.2656 22.2522 13.958 21.6183 15.4378 21.6183C16.9173 21.6183 17.6097 22.2522 18.4862 23.0546C18.4862 23.0547 18.4863 23.0547 18.4863 23.0547L18.4864 23.0548L18.4865 23.0549C19.4573 23.9435 20.5575 24.9506 22.7177 24.9506C24.8783 24.9506 25.9788 23.9435 26.9496 23.0548C26.9496 23.0548 26.9496 23.0548 26.9497 23.0547L26.9497 23.0547C27.8264 22.2522 28.5188 21.6183 29.9985 21.6183C31.4784 21.6183 32.1708 22.2522 33.0475 23.0547L33.0475 23.0547L33.0476 23.0548L33.0478 23.055C34.0187 23.9436 35.119 24.9506 37.2795 24.9506C39.4402 24.9506 40.5406 23.9434 41.5115 23.0547Z\" fill=\"#4546A3\" fill-opacity=\"0.5\"/>\r\n<path fill-rule=\"evenodd\" clip-rule=\"evenodd\" d=\"M41.5116 30.6461C42.3883 29.8438 43.081 29.2099 44.5608 29.2099C46.0406 29.2099 46.7332 29.8437 47.6099 30.6462C47.6099 30.6462 47.6098 30.6462 47.6099 30.6462C48.5808 31.5348 49.6814 32.5421 51.8419 32.5421C54.0028 32.5421 55.1033 31.535 56.0743 30.6463C56.5272 30.2319 56.9312 29.8622 57.4197 29.6018C57.8769 29.358 58.4085 29.2099 59.1241 29.2099C59.6077 29.2099 60 28.8176 60 28.3339C60 27.8501 59.6077 27.458 59.1241 27.458C58.2979 27.458 57.6267 27.6052 57.0585 27.8368C56.1406 28.2109 55.4914 28.805 54.8916 29.3538C54.0148 30.1563 53.322 30.7902 51.8419 30.7902C50.362 30.7902 49.6696 30.1564 48.793 29.3539C47.822 28.4653 46.7214 27.458 44.5608 27.458C42.4002 27.458 41.2998 28.4651 40.3288 29.3537C39.4522 30.1562 38.7595 30.7902 37.2795 30.7902C35.7998 30.7902 35.1072 30.1563 34.2305 29.3538C33.2596 28.4653 32.159 27.458 29.9985 27.458C27.8381 27.458 26.7376 28.4651 25.7668 29.3537C25.7668 29.3538 25.7669 29.3537 25.7668 29.3537C24.8902 30.1562 24.1976 30.7902 22.7177 30.7902C21.2383 30.7902 20.546 30.1565 19.6696 29.3543C19.6696 29.3543 19.6697 29.3543 19.6696 29.3543C18.6988 28.4655 17.5981 27.458 15.4378 27.458C13.2773 27.458 12.1768 28.4651 11.206 29.3537C11.206 29.3538 11.2061 29.3537 11.206 29.3537C10.3294 30.1562 9.63679 30.7902 8.15707 30.7902C6.67716 30.7902 5.98458 30.1563 5.10791 29.3538C5.10789 29.3538 5.10793 29.3539 5.10791 29.3538C4.50827 28.8051 3.85913 28.211 2.94154 27.8369C2.37334 27.6053 1.70215 27.458 0.875942 27.458C0.392276 27.458 0 27.8501 0 28.3339C0 28.8176 0.392276 29.2099 0.875942 29.2099C1.59148 29.2099 2.12296 29.3581 2.5802 29.6019C3.06853 29.8623 3.47218 30.2317 3.92492 30.6461C3.92496 30.6462 3.92487 30.6461 3.92492 30.6461C4.89587 31.5349 5.99651 32.5421 8.15707 32.5421C10.3176 32.5421 11.418 31.535 12.3889 30.6462C12.3889 30.6462 12.3888 30.6462 12.3889 30.6462C13.2654 29.8439 13.9582 29.2099 15.4378 29.2099C16.9173 29.2099 17.6098 29.8437 18.4862 30.6461C18.4863 30.6461 18.4862 30.646 18.4862 30.6461C19.4571 31.5348 20.5574 32.5421 22.7177 32.5421C24.8783 32.5421 25.9788 31.535 26.9496 30.6462C26.9497 30.6462 26.9496 30.6462 26.9496 30.6462C27.8262 29.8439 28.5189 29.2099 29.9985 29.2099C31.4783 29.2099 32.1707 29.8436 33.0472 30.6459C33.0473 30.6459 33.0472 30.6458 33.0472 30.6459C34.0182 31.5346 35.119 32.5421 37.2795 32.5421C39.4401 32.5421 40.5408 31.5348 41.5116 30.6461C41.5116 30.646 41.5116 30.6461 41.5116 30.6461Z\" fill=\"#4546A3\" fill-opacity=\"0.5\"/>\r\n<path fill-rule=\"evenodd\" clip-rule=\"evenodd\" d=\"M41.5115 38.2377L41.5116 38.2376L41.5117 38.2375C42.3884 37.4352 43.081 36.8014 44.5608 36.8014C46.0406 36.8014 46.7332 37.4353 47.6099 38.2378C47.6099 38.2378 47.6099 38.2378 47.6099 38.2378L47.61 38.2379C48.581 39.1265 49.6814 40.1337 51.8419 40.1337C54.0028 40.1337 55.1033 39.1265 56.0743 38.2379L56.0743 38.2378L56.0744 38.2378L56.0745 38.2376C56.5275 37.8232 56.9312 37.4537 57.4197 37.1933C57.8769 36.9496 58.4085 36.8014 59.1241 36.8014C59.6077 36.8014 60 36.4092 60 35.9255C60 35.4417 59.6077 35.0496 59.1241 35.0496C58.2979 35.0496 57.6267 35.1968 57.0585 35.4284C56.1406 35.8024 55.4914 36.3965 54.8916 36.9454L54.8915 36.9455L54.8914 36.9456C54.0146 37.748 53.322 38.3818 51.8419 38.3818C50.362 38.3818 49.6696 37.7479 48.793 36.9455L48.7929 36.9454L48.7928 36.9453C47.8219 36.0567 46.7214 35.0496 44.5608 35.0496C42.4002 35.0496 41.2998 36.0567 40.3288 36.9453C40.3288 36.9453 40.3288 36.9453 40.3287 36.9453L40.3287 36.9454L40.3286 36.9455C40.3286 36.9455 40.3286 36.9455 40.3285 36.9455C39.4519 37.748 38.7595 38.3818 37.2795 38.3818C35.7998 38.3818 35.1072 37.7479 34.2305 36.9454L34.2304 36.9453L34.2303 36.9452C33.2593 36.0566 32.159 35.0496 29.9985 35.0496C27.8381 35.0496 26.7376 36.0567 25.7668 36.9453C25.7668 36.9453 25.7668 36.9454 25.7667 36.9454L25.7666 36.9455C24.89 37.7479 24.1976 38.3818 22.7177 38.3818C21.2383 38.3818 20.546 37.7481 19.6696 36.9459L19.6693 36.9455C19.6693 36.9455 19.6692 36.9455 19.6692 36.9455C18.6984 36.0567 17.5981 35.0496 15.4378 35.0496C13.2773 35.0496 12.1768 36.0567 11.206 36.9453C11.206 36.9453 11.206 36.9454 11.2059 36.9454L11.2059 36.9455C10.3292 37.7479 9.63679 38.3818 8.15707 38.3818C6.67716 38.3818 5.98458 37.7479 5.10791 36.9454L5.10789 36.9454L5.10786 36.9453C5.10784 36.9453 5.10782 36.9453 5.10781 36.9453C4.50817 36.3965 3.85913 35.8025 2.94154 35.4285C2.37334 35.1969 1.70215 35.0496 0.875942 35.0496C0.392276 35.0496 0 35.4417 0 35.9255C0 36.4092 0.392276 36.8014 0.875942 36.8014C1.59148 36.8014 2.12297 36.9497 2.5802 37.1935C3.06853 37.4539 3.47218 37.8233 3.92492 38.2377L3.92494 38.2377L3.92495 38.2377C3.92499 38.2377 3.92504 38.2378 3.92508 38.2378C4.89603 39.1266 5.99651 40.1337 8.15707 40.1337C10.3176 40.1337 11.418 39.1265 12.3889 38.2377C12.3889 38.2377 12.3889 38.2377 12.3889 38.2377L12.3889 38.2377L12.3892 38.2374C13.2657 37.4352 13.9582 36.8014 15.4378 36.8014C16.9173 36.8014 17.6098 37.4353 18.4862 38.2376L18.4863 38.2377C18.4863 38.2377 18.4864 38.2377 18.4864 38.2378C19.4572 39.1265 20.5574 40.1337 22.7177 40.1337C24.8783 40.1337 25.9788 39.1265 26.9496 38.2377C26.9497 38.2377 26.9497 38.2377 26.9497 38.2377L26.95 38.2374C27.8265 37.4352 28.5189 36.8014 29.9985 36.8014C31.4783 36.8014 32.1707 37.4352 33.0472 38.2374L33.0475 38.2377C33.0476 38.2377 33.0476 38.2378 33.0477 38.2378C34.0186 39.1266 35.119 40.1337 37.2795 40.1337C39.4401 40.1337 40.5406 39.1265 41.5114 38.2377C41.5115 38.2377 41.5115 38.2377 41.5115 38.2377Z\" fill=\"#4546A3\" fill-opacity=\"0.5\"/>\r\n<path fill-rule=\"evenodd\" clip-rule=\"evenodd\" d=\"M41.5114 45.8293C41.5115 45.8293 41.5115 45.8293 41.5115 45.8293L41.5116 45.8292L41.5117 45.829C42.3884 45.0268 43.081 44.393 44.5608 44.393C46.0406 44.393 46.7332 45.0268 47.6099 45.8293C47.6099 45.8293 47.6099 45.8294 47.6099 45.8294L47.61 45.8294C48.581 46.7181 49.6814 47.7252 51.8419 47.7252C54.0028 47.7252 55.1033 46.7181 56.0743 45.8294L56.0743 45.8294L56.0744 45.8293L56.0745 45.8292C56.5275 45.4147 56.9312 45.0453 57.4197 44.7849C57.877 44.5411 58.4085 44.393 59.1241 44.393C59.6077 44.393 60 44.0007 60 43.5171C60 43.0331 59.6077 42.6411 59.1241 42.6411C58.2979 42.6411 57.6267 42.7884 57.0585 43.0199C56.1406 43.394 55.4914 43.9881 54.8916 44.5369L54.8915 44.537L54.8914 44.5371C54.0146 45.3396 53.322 45.9733 51.8419 45.9733C50.362 45.9733 49.6696 45.3395 48.793 44.537L48.7929 44.5369L48.7929 44.5369C47.8219 43.6483 46.7214 42.6411 44.5608 42.6411C42.4002 42.6411 41.2998 43.6482 40.3288 44.5368C40.3288 44.5368 40.3287 44.5369 40.3287 44.5369L40.3287 44.5369L40.3286 44.537C40.3286 44.537 40.3285 44.5371 40.3285 44.5371C39.4519 45.3395 38.7595 45.9733 37.2795 45.9733C35.7998 45.9733 35.1072 45.3395 34.2305 44.5369L34.2304 44.5368L34.2303 44.5367C33.2593 43.6481 32.159 42.6411 29.9985 42.6411C27.8381 42.6411 26.7376 43.6482 25.7668 44.5369C25.7668 44.5369 25.7668 44.5369 25.7667 44.5369L25.7666 44.537C24.89 45.3395 24.1976 45.9733 22.7177 45.9733C21.2383 45.9733 20.546 45.3396 19.6696 44.5374L19.6693 44.5371C19.6693 44.5371 19.6692 44.537 19.6692 44.537C18.6984 43.6483 17.5981 42.6411 15.4378 42.6411C13.2773 42.6411 12.1768 43.6482 11.206 44.5368C11.206 44.5369 11.206 44.5369 11.2059 44.5369L11.2059 44.537C10.3292 45.3395 9.63678 45.9733 8.15707 45.9733C6.67716 45.9733 5.98458 45.3395 5.10791 44.5369L5.10789 44.5369L5.10787 44.5369C5.10785 44.5369 5.10783 44.5369 5.10781 44.5368C4.50817 43.9881 3.85913 43.3941 2.94154 43.02C2.37334 42.7884 1.70215 42.6411 0.875942 42.6411C0.392276 42.6411 0 43.0331 0 43.5171C0 44.0007 0.392276 44.393 0.875942 44.393C1.59147 44.393 2.12294 44.5412 2.58017 44.785C3.06852 45.0454 3.47217 45.4148 3.92492 45.8292L3.92494 45.8292L3.92495 45.8293C3.92499 45.8293 3.92504 45.8293 3.92508 45.8294C4.89603 46.7181 5.9965 47.7252 8.15707 47.7252C10.3176 47.7252 11.418 46.7181 12.3889 45.8293C12.3889 45.8293 12.3889 45.8293 12.3889 45.8293L12.3889 45.8292L12.3892 45.829C13.2657 45.0267 13.9582 44.393 15.4378 44.393C16.9173 44.393 17.6098 45.0268 18.4862 45.8292L18.4863 45.8293C18.4863 45.8293 18.4864 45.8293 18.4864 45.8293C19.4572 46.7181 20.5574 47.7252 22.7177 47.7252C24.8783 47.7252 25.9788 46.7181 26.9496 45.8293C26.9497 45.8293 26.9497 45.8293 26.9497 45.8293L26.95 45.829C27.8265 45.0267 28.5189 44.393 29.9985 44.393C31.4783 44.393 32.1707 45.0267 33.0472 45.829L33.0475 45.8293C33.0476 45.8293 33.0476 45.8293 33.0477 45.8294C34.0186 46.7181 35.119 47.7252 37.2795 47.7252C39.4401 47.7252 40.5406 46.7181 41.5114 45.8293Z\" fill=\"#4546A3\" fill-opacity=\"0.5\"/>\r\n</g>\r\n<defs>\r\n<clipPath id=\"clip0\">\r\n<rect width=\"60\" height=\"60\" fill=\"white\"/>\r\n</clipPath>\r\n</defs>\r\n</svg>\r\n'),
(3, 'home', '<svg width=\"63\" height=\"55\" viewBox=\"0 0 63 55\" fill=\"none\" xmlns=\"http://www.w3.org/2000/svg\">\r\n<g clip-path=\"url(#clip0)\">\r\n<path d=\"M61.7647 28.8096C61.4353 28.8096 61.1882 28.7277 60.9411 28.4822L31.5411 2.86463L2.0588 28.564C1.56468 28.9733 0.741148 28.9733 0.329384 28.4822C-0.0823811 27.9911 -0.0823811 27.1727 0.411737 26.7634L30.7176 0.327427C31.2117 -0.0817987 31.8706 -0.0817987 32.3647 0.327427L62.5882 26.6816C63.0823 27.0908 63.1647 27.9093 62.6706 28.4003C62.5059 28.7277 62.0941 28.8096 61.7647 28.8096Z\" fill=\"#4546A3\" fill-opacity=\"0.5\"/>\r\n<path d=\"M52.9529 55H30.2235C29.5646 55 28.9882 54.427 28.9882 53.7723V34.4568H21.0823V53.7723C21.0823 54.427 20.5058 55 19.847 55H10.1293C9.47051 55 8.89404 54.427 8.89404 53.7723V26.0268C8.89404 25.372 9.47051 24.7991 10.1293 24.7991C10.7882 24.7991 11.3646 25.372 11.3646 26.0268V52.5446H18.6117V33.2291C18.6117 32.5744 19.1882 32.0015 19.847 32.0015H30.2235C30.8823 32.0015 31.4588 32.5744 31.4588 33.2291V52.5446H51.7176V26.0268C51.7176 25.372 52.294 24.7991 52.9529 24.7991C53.6117 24.7991 54.1882 25.372 54.1882 26.0268V53.7723C54.1882 54.5089 53.6117 55 52.9529 55Z\" fill=\"#4546A3\" fill-opacity=\"0.5\"/>\r\n<path d=\"M52.9529 14.9777C52.294 14.9777 51.7176 14.4048 51.7176 13.75V2.45536H46.1176V6.71131C46.1176 7.36607 45.5411 7.93899 44.8823 7.93899C44.2234 7.93899 43.647 7.36607 43.647 6.71131V1.22768C43.647 0.572917 44.2234 0 44.8823 0H52.9529C53.6117 0 54.1882 0.572917 54.1882 1.22768V13.75C54.1882 14.4048 53.6117 14.9777 52.9529 14.9777Z\" fill=\"#4546A3\" fill-opacity=\"0.5\"/>\r\n<path d=\"M46.6941 35.6845H37.1412C36.4824 35.6845 35.9059 35.1116 35.9059 34.4568V24.9628C35.9059 24.308 36.4824 23.7351 37.1412 23.7351H46.6941C47.3529 23.7351 47.9294 24.308 47.9294 24.9628V34.4568C47.9294 35.1116 47.3529 35.6845 46.6941 35.6845ZM38.3765 33.2292H45.4588V26.1905H38.3765V33.2292Z\" fill=\"#4546A3\" fill-opacity=\"0.5\"/>\r\n</g>\r\n<defs>\r\n<clipPath id=\"clip0\">\r\n<rect width=\"63\" height=\"55\" fill=\"white\"/>\r\n</clipPath>\r\n</defs>\r\n</svg>'),
(4, 'outside', '<svg width=\"44\" height=\"60\" viewBox=\"0 0 44 60\" fill=\"none\" xmlns=\"http://www.w3.org/2000/svg\">\r\n<g clip-path=\"url(#clip0)\">\r\n<path d=\"M42.8476 54.8489C41.8428 53.1802 40.4791 51.9468 38.8284 51.2213C38.0389 48.682 35.7422 46.578 32.4406 45.1995V37.364C38.5413 36.7836 43.2783 31.6324 43.2783 25.393C43.2783 18.7183 37.9671 0 31.3641 0C27.8472 0 24.6892 5.3688 22.4643 11.3906C20.2393 9.64934 17.512 8.70617 14.6411 8.70617C7.46388 8.70617 1.65033 14.5828 1.65033 21.838C1.65033 28.7304 6.8897 34.3894 13.5645 34.8972V45.5623C12.4879 46.1427 11.4831 46.7231 10.6936 47.4486C9.32996 46.8682 7.89451 46.7231 6.3873 46.9407C3.15754 47.4486 0.573741 50.133 0.0713354 53.3978C-0.143981 54.7037 -0.000436908 55.9371 0.430197 57.0979C1.00438 58.7666 2.58337 59.8549 4.3059 59.8549H39.9767C41.1969 59.8549 42.2734 59.2019 42.9194 58.1137C43.4936 57.243 43.4936 55.9371 42.8476 54.8489ZM31.3641 2.17654C32.7277 2.17654 35.2398 4.49819 37.8236 10.9553C39.9767 16.4692 41.1969 22.4909 41.1969 25.3204C41.1969 30.7618 36.8187 35.1874 31.4358 35.1874C26.0529 35.1874 21.5312 30.8343 21.5312 25.393C21.5312 22.5635 22.6796 16.5417 24.9045 11.0278C27.4884 4.49819 30.0004 2.17654 31.3641 2.17654ZM3.80349 21.9105C3.80349 15.8888 8.68401 10.9553 14.6411 10.9553C17.2967 10.9553 19.7369 11.8984 21.6748 13.6397C20.2393 18.1378 19.3781 22.7086 19.3781 25.393C19.3781 27.4244 19.8805 29.3108 20.7418 30.9794C18.9474 32.2128 16.7943 32.8658 14.6411 32.8658C8.68401 32.8658 3.80349 27.9323 3.80349 21.9105ZM15.7177 34.9698C17.9426 34.7521 20.0958 34.0266 21.9619 32.7207C23.9715 35.26 26.9142 37.0012 30.2875 37.2914V44.3289C28.2061 43.7485 25.9094 43.3857 23.5409 43.3857C20.7418 43.3857 18.0862 43.821 15.7895 44.6191V34.9698H15.7177ZM40.9815 57.2431C40.9098 57.4607 40.5509 57.8235 39.905 57.8235H4.3059C3.44463 57.8235 2.72691 57.3156 2.43982 56.5175C2.15273 55.6469 2.08096 54.7763 2.2245 53.8331C2.58337 51.5115 4.44944 49.5526 6.74616 49.1898C8.03806 48.9722 9.25819 49.1898 10.3348 49.7703L11.0525 50.133L11.6267 49.5526C13.9952 47.1584 18.5886 45.7074 23.4691 45.7074C30.2157 45.7074 36.101 48.6094 36.8187 52.237L36.9623 52.89L37.5365 53.1076C38.9001 53.5429 40.1203 54.5586 40.9815 56.0097C41.1969 56.3724 41.1969 56.8077 40.9815 57.2431Z\" fill=\"#4546A3\" fill-opacity=\"0.5\"/>\r\n</g>\r\n<defs>\r\n<clipPath id=\"clip0\">\r\n<rect width=\"43.2787\" height=\"60\" fill=\"white\"/>\r\n</clipPath>\r\n</defs>\r\n</svg>'),
(5, 'gym', '<svg width=\"45\" height=\"60\" viewBox=\"0 0 45 60\" fill=\"none\" xmlns=\"http://www.w3.org/2000/svg\">\r\n<g clip-path=\"url(#clip0)\">\r\n<path d=\"M22.2983 7.70166C19.291 7.70166 16.7971 10.1955 16.7971 13.2029C16.7971 16.2102 19.291 18.7041 22.2983 18.7041C25.3057 18.7041 27.7996 16.2102 27.7996 13.2029C27.7996 10.1222 25.3057 7.70166 22.2983 7.70166ZM22.2983 16.4303C20.4646 16.4303 18.9976 14.9633 18.9976 13.1295C18.9976 11.2958 20.4646 9.8288 22.2983 9.8288C24.1321 9.8288 25.5991 11.2958 25.5991 13.1295C25.5991 14.9633 24.1321 16.4303 22.2983 16.4303Z\" fill=\"#4546A3\" fill-opacity=\"0.5\"/>\r\n<path d=\"M33.7408 19.5844C34.8411 17.6773 35.4279 15.4768 35.4279 13.1296C35.5012 5.86797 29.5599 0 22.2983 0C15.0367 0 9.1687 5.86797 9.1687 13.1296C9.1687 20.3912 15.0367 26.2592 22.2983 26.2592C22.8851 26.2592 23.4719 26.1858 24.0587 26.1125C26.1125 30.5134 27.5795 35.7213 26.6259 38.5086C20.4645 35.7213 7.18826 33.8142 0 41.7359L1.61369 43.2029C7.99511 36.088 20.978 37.9218 26.4059 40.9291C26.9927 41.2225 27.6528 41.0758 28.0196 40.5623C30.6601 36.6015 27.8729 29.1932 26.2592 25.6724C28.7531 24.8655 30.8802 23.3985 32.4939 21.4181C37.4817 27.066 43.4963 39.4621 42.4694 47.9707C42.1027 50.8313 40.6357 53.1785 38.5086 54.2054C29.7066 58.6064 16.7971 58.8998 6.38142 54.9389L5.57457 56.9927C10.1956 58.7531 16.0636 59.8533 22.1516 59.8533C28.0929 59.8533 34.1809 58.7531 39.4621 56.1125C42.3227 54.7188 44.2298 51.7848 44.6699 48.1907C45.7702 38.8753 39.2421 25.5257 33.7408 19.5844ZM22.2983 24.132C16.2836 24.132 11.3692 19.2176 11.3692 13.2029C11.3692 7.11491 16.2836 2.20049 22.2983 2.20049C28.313 2.20049 33.2274 7.11491 33.2274 13.1296C33.3007 19.2176 28.3863 24.132 22.2983 24.132Z\" fill=\"#4546A3\" fill-opacity=\"0.5\"/>\r\n</g>\r\n<defs>\r\n<clipPath id=\"clip0\">\r\n<rect width=\"44.7433\" height=\"60\" fill=\"white\"/>\r\n</clipPath>\r\n</defs>\r\n</svg>');

-- --------------------------------------------------------

--
-- Table structure for table `sports`
--

CREATE TABLE `sports` (
  `id` int(11) NOT NULL,
  `sport` varchar(45) NOT NULL,
  `type_id` int(11) NOT NULL,
  `icon` text NOT NULL
) ENGINE=InnoDB DEFAULT CHARSET=utf8;

--
-- Dumping data for table `sports`
--

INSERT INTO `sports` (`id`, `sport`, `type_id`, `icon`) VALUES
(1, 'football', 2, '<svg width=\"50\" height=\"50\" viewBox=\"0 0 50 50\" fill=\"none\" xmlns=\"http://www.w3.org/2000/svg\">\r\n<g clip-path=\"url(#clip0)\">\r\n<path d=\"M44.4099 9.23805C39.629 3.36155 32.5573 0 25 0C18.3267 0 12.0393 2.60209 7.32072 7.32072C2.60209 12.0393 0 18.3267 0 25C0 28.4861 0.709661 31.8601 2.09163 35.0224C4.17082 39.7784 7.78137 43.8496 12.251 46.5015C16.0981 48.7923 20.5055 50 25 50C26.0956 50 27.1912 49.9253 28.2744 49.7883C33.9268 49.0538 39.2057 46.3521 43.1524 42.1937C47.4477 37.6619 49.8755 31.7356 50 25.4856C50 25.3237 50.0125 25.1619 50.0125 25C50 19.2729 48.008 13.6703 44.4099 9.23805ZM42.4178 9.97261L38.745 16.3347H29.6564L25.6848 9.4497L29.4696 2.42779C34.4746 3.41135 39.0314 6.03835 42.4178 9.97261ZM23.8297 26.4691L28.0627 34.5991L24.004 41.6335H15.0772L11.1056 34.7485L15.8367 26.4691H23.8297V26.4691ZM11.8277 17.4676L15.874 10.4582H23.9666L28.0129 17.4676L23.9666 24.4771H15.874L11.8277 17.4676ZM25.6225 25.5976L29.8182 18.3267H38.5956L42.6917 25.4109L38.0354 33.628H29.8182L25.6225 25.5976ZM25 1.99203C25.7968 1.99203 26.5936 2.02938 27.378 2.11653L23.9542 8.46614H15.8616L13.6952 4.98008C17.0194 3.0752 20.8914 1.99203 25 1.99203ZM11.9895 6.0259L14.131 9.4746L10.122 16.4343H3.64791C5.35359 12.2012 8.27938 8.59064 11.9895 6.0259ZM1.99203 25C1.99203 22.7216 2.32819 20.5055 2.9507 18.4263H10.0847L14.131 25.4358L9.4497 33.628H3.66036C2.55229 30.8889 1.99203 27.988 1.99203 25ZM12.4128 44.2605C9.126 42.1066 6.41185 39.0936 4.59412 35.62H9.31275L13.3591 42.6295L12.4128 44.2605ZM14.1185 45.2814L15.0772 43.6255H24.004L26.5065 47.9582C22.1863 48.2445 17.8909 47.2983 14.1185 45.2814ZM28.6728 47.7216L25.7346 42.6295L29.7809 35.62H37.8735L41.1853 41.3596C37.7739 44.7211 33.379 46.9621 28.6728 47.7216ZM42.5921 39.8282L39.6663 34.7734L44.3725 26.4816H47.9582C47.6469 31.387 45.7794 36.0558 42.5921 39.8282ZM44.4348 24.4771L40.3884 17.4676L43.7375 11.6658C46.3894 15.4009 47.8835 19.883 47.9955 24.4771H44.4348V24.4771Z\" fill=\"#4546A3\" fill-opacity=\"0.5\"/>\r\n</g>\r\n<defs>\r\n<clipPath id=\"clip0\">\r\n<rect width=\"50\" height=\"50\" fill=\"white\"/>\r\n</clipPath>\r\n</defs>\r\n</svg>\r\n'),
(2, 'rugby', 2, '<svg width=\"50\" height=\"50\" viewBox=\"0 0 50 50\" fill=\"none\" xmlns=\"http://www.w3.org/2000/svg\">\r\n<g clip-path=\"url(#clip0)\">\r\n<path d=\"M49.8755 1.01837C49.8382 0.534136 49.4524 0.149234 48.9671 0.111985H48.8925C48.2205 0.0623207 42.1852 -0.322581 34.7187 0.94387C30.4131 1.66401 26.4435 2.8063 22.8969 4.30866C18.4793 6.19592 14.7088 8.66674 11.6849 11.6839C8.67345 14.6886 6.18465 18.4507 4.29316 22.8709C2.775 26.4095 1.64259 30.3827 0.92084 34.6662C-0.336005 42.1035 0.0373155 48.1378 0.0870915 48.7959V48.8704C0.124423 49.3546 0.510188 49.7395 0.995504 49.7767C1.1075 49.7892 2.27724 49.8761 4.19361 49.8761C6.64508 49.8761 10.3161 49.7271 14.5221 49.069C18.9398 48.3737 23.0338 47.2563 26.6799 45.7415C31.2718 43.8418 35.1667 41.3089 38.2653 38.2049C41.3638 35.1132 43.9149 31.2145 45.8188 26.6454C47.337 23.0074 48.4569 18.9225 49.1538 14.5148C50.3484 7.04022 49.9004 1.26669 49.8755 1.01837ZM2.88699 35.0015C4.47982 25.6397 7.91437 18.2645 13.1035 13.0993C18.2927 7.92177 25.6844 4.4949 35.0672 2.90563C39.211 2.21032 42.8945 2.02408 45.3957 2.01166C41.6749 4.33349 35.6769 8.36875 29.1314 13.9064C27.8372 12.9255 26.2319 12.3419 24.4898 12.3419C23.9422 12.3419 23.4943 12.7889 23.4943 13.3352C23.4943 13.8815 23.9422 14.3285 24.4898 14.3285C25.6222 14.3285 26.6924 14.6638 27.5759 15.2473C26.543 16.1537 25.4977 17.0849 24.44 18.0658C23.208 17.2215 21.7148 16.7124 20.097 16.7124C19.5495 16.7124 19.1015 17.1594 19.1015 17.7057C19.1015 18.252 19.5495 18.699 20.097 18.699C21.1299 18.699 22.113 18.9846 22.9467 19.4688C22.3619 20.0276 21.777 20.5987 21.1921 21.1823C20.7815 21.592 20.3708 22.0017 19.9726 22.4239C18.7531 21.592 17.2723 21.1202 15.6919 21.1202C15.1443 21.1202 14.6963 21.5672 14.6963 22.1135C14.6963 22.6598 15.1443 23.1068 15.6919 23.1068C16.7372 23.1068 17.7202 23.3923 18.5664 23.889C10.5898 32.332 4.92781 40.626 1.99102 45.3069C2.00347 42.7988 2.19013 39.1361 2.88699 35.0015ZM47.1876 14.2664C46.1299 20.9091 43.4918 30.2088 36.8716 36.8142C30.2514 43.4197 20.9308 46.0519 14.2733 47.1073C9.24588 47.9019 4.9527 47.9391 2.73766 47.8771C5.23891 43.7425 11.212 34.5545 20.0722 25.1679C20.8686 26.1487 21.3539 27.3904 21.3539 28.7437C21.3539 29.29 21.8019 29.737 22.3494 29.737C22.8969 29.737 23.3449 29.29 23.3449 28.7437C23.3449 26.8192 22.6356 25.0685 21.4534 23.7276C21.8268 23.3427 22.2125 22.9578 22.5983 22.5729C23.2205 21.9521 23.8427 21.3437 24.4649 20.7477C25.2738 21.7286 25.7591 22.9826 25.7591 24.3484C25.7591 24.8947 26.2071 25.3417 26.7546 25.3417C27.3021 25.3417 27.7501 24.8947 27.7501 24.3484C27.7501 22.4611 27.0532 20.7229 25.9084 19.3819C26.9537 18.4135 27.9865 17.4822 29.0194 16.5883C29.7287 17.5319 30.1394 18.699 30.1394 19.9655C30.1394 20.5118 30.5873 20.9588 31.1349 20.9588C31.6824 20.9588 32.1304 20.5118 32.1304 19.9655C32.1304 18.2024 31.5331 16.5883 30.5251 15.297C37.9293 9.05164 44.5868 4.76806 47.9467 2.74422C48.0214 4.9543 47.9841 9.2503 47.1876 14.2664Z\" fill=\"#4546A3\" fill-opacity=\"0.5\"/>\r\n<path d=\"M15.2688 42.4138C14.6217 42.5131 13.9995 42.6248 13.3897 42.7366C12.1204 42.9601 10.9134 43.1836 9.89295 43.2332C9.34542 43.2581 8.92232 43.7299 8.94721 44.2762C8.9721 44.8101 9.42008 45.2198 9.94273 45.2198C9.95517 45.2198 9.98006 45.2198 9.99251 45.2198C11.1374 45.1577 12.4066 44.9342 13.7382 44.6983C14.3355 44.5866 14.9452 44.4873 15.5674 44.3879C16.115 44.301 16.4758 43.792 16.3887 43.2581C16.3265 42.6993 15.8163 42.3268 15.2688 42.4138Z\" fill=\"#4546A3\" fill-opacity=\"0.5\"/>\r\n<path d=\"M33.4371 34.2811C29.4799 38.2295 23.8925 40.303 20.9184 41.1845C20.3958 41.3459 20.0971 41.8922 20.2464 42.4137C20.3709 42.8483 20.7691 43.1214 21.2046 43.1214C21.3042 43.1214 21.3913 43.109 21.4908 43.0842C24.6516 42.153 30.5874 39.9429 34.8557 35.6841C35.2415 35.2992 35.2415 34.666 34.8557 34.2811C34.4575 33.8962 33.8353 33.8962 33.4371 34.2811Z\" fill=\"#4546A3\" fill-opacity=\"0.5\"/>\r\n</g>\r\n<defs>\r\n<clipPath id=\"clip0\">\r\n<rect width=\"50\" height=\"50\" fill=\"white\"/>\r\n</clipPath>\r\n</defs>\r\n</svg>'),
(3, 'tennis', 2, '<svg width=\"50\" height=\"50\" viewBox=\"0 0 50 50\" fill=\"none\" xmlns=\"http://www.w3.org/2000/svg\">\r\n<g clip-path=\"url(#clip0)\">\r\n<path d=\"M42.6793 7.32072C37.9607 2.60209 31.6733 0 25 0C19.9328 0 15.0647 1.50647 10.8939 4.35757C6.83516 7.13396 3.69771 11.006 1.84263 15.5503C0.62251 18.5508 0 21.738 0 25C0 28.262 0.62251 31.4492 1.85508 34.4497C3.71016 38.994 6.83516 42.866 10.9064 45.6424C15.0647 48.4935 19.9452 50 25.0124 50C31.6858 50 37.9731 47.3979 42.6917 42.6793C47.4104 37.9607 50.0125 31.6733 50.0125 25C50 18.3267 47.3979 12.0393 42.6793 7.32072ZM1.99203 25C1.99203 22.1863 2.49004 19.4472 3.48606 16.8451C6.1504 16.4716 8.35408 15.6125 10.4955 14.7784C13.2968 13.6828 15.9487 12.6494 19.5717 12.6494C26.382 12.6494 31.9223 18.1897 31.9223 25C31.9223 31.8103 26.382 37.3506 19.5717 37.3506C15.9363 37.3506 13.2968 36.3172 10.4955 35.2216C8.35408 34.3874 6.1504 33.5284 3.48606 33.1549C2.49004 30.5528 1.99203 27.8137 1.99203 25ZM25 48.008C16.2226 48.008 8.34163 43.0901 4.44472 35.3461C6.3496 35.7445 8.01793 36.3919 9.77341 37.0767C12.6245 38.1848 15.5627 39.3302 19.5717 39.3302C27.4776 39.3302 33.9143 32.8934 33.9143 24.9875C33.9143 17.0817 27.4776 10.6449 19.5717 10.6449C15.5627 10.6449 12.6245 11.7903 9.77341 12.8984C8.01793 13.5832 6.3496 14.2306 4.44472 14.629C8.34163 6.90986 16.2226 1.99203 25 1.99203C37.6868 1.99203 48.008 12.3132 48.008 25C48.008 37.6868 37.6868 48.008 25 48.008Z\" fill=\"#4546A3\" fill-opacity=\"0.5\"/>\r\n<path d=\"M31.8974 4.85555C31.3745 4.68125 30.8142 4.95515 30.6275 5.46561C30.4532 5.98852 30.7271 6.54878 31.2375 6.73553C39.0563 9.43722 44.3102 16.8202 44.3102 25.0996C44.3102 25.6474 44.7584 26.0956 45.3063 26.0956C45.8541 26.0956 46.3023 25.6474 46.3023 25.0996C46.3147 15.9736 40.5254 7.83115 31.8974 4.85555Z\" fill=\"#4546A3\" fill-opacity=\"0.5\"/>\r\n<path d=\"M43.4637 33.6778C42.9781 33.4163 42.3805 33.6155 42.119 34.1011C40.762 36.6783 38.8073 38.9691 36.4666 40.7121C36.0184 41.0358 35.9313 41.6584 36.255 42.1066C36.4542 42.368 36.753 42.505 37.0518 42.505C37.2635 42.505 37.4627 42.4427 37.6494 42.3058C40.239 40.3884 42.3929 37.861 43.887 35.0224C44.136 34.5368 43.9492 33.9392 43.4637 33.6778Z\" fill=\"#4546A3\" fill-opacity=\"0.5\"/>\r\n</g>\r\n<defs>\r\n<clipPath id=\"clip0\">\r\n<rect width=\"50\" height=\"50\" fill=\"white\"/>\r\n</clipPath>\r\n</defs>\r\n</svg>'),
(4, 'volleyball', 2, '<svg width=\"50\" height=\"50\" viewBox=\"0 0 50 50\" fill=\"none\" xmlns=\"http://www.w3.org/2000/svg\">\r\n<path d=\"M17.7664 27.6394C17.9283 27.4402 18.0901 27.241 18.2395 27.0418C18.3516 26.8924 18.4761 26.743 18.6006 26.5812C18.3267 26.9298 18.0403 27.2784 17.7664 27.6394Z\" fill=\"#4546A3\" fill-opacity=\"0.5\"/>\r\n<path d=\"M18.6006 26.5812C18.6131 26.5688 17.8536 27.515 17.7291 27.6768C17.7914 27.6021 18.0404 27.2909 18.6006 26.5812Z\" fill=\"#4546A3\" fill-opacity=\"0.5\"/>\r\n<path d=\"M42.6793 7.32072C37.9607 2.60209 31.6733 0 25 0C18.3267 0 12.0393 2.60209 7.32072 7.32072C2.60209 12.0393 0 18.3267 0 25C0 31.6733 2.60209 37.9607 7.32072 42.6793C12.0393 47.3979 18.3267 50 25 50C31.6733 50 37.9607 47.3979 42.6793 42.6793C47.3979 37.9607 50 31.6733 50 25C50 18.3267 47.3979 12.0393 42.6793 7.32072ZM47.9955 24.502C47.0369 23.2943 46.0159 22.1116 44.9577 20.9537C44.995 20.8541 45.0199 20.7545 45.0199 20.6424C45.1195 15.5752 41.4592 10.0224 38.496 6.3745C44.1235 10.4706 47.8461 17.0568 47.9955 24.502ZM33.2669 3.53586C33.3167 3.63546 33.379 3.73506 33.4661 3.80976C33.5533 3.89691 41.7206 11.7779 42.8785 18.8247C41.2724 17.2311 39.5792 15.7246 37.8611 14.3551C37.8486 14.3426 37.8486 14.3426 37.8362 14.3426C36.8401 12.4128 35.6076 10.5453 34.1882 8.78984C33.4288 7.85608 32.6195 6.94721 31.7605 6.1006C30.9263 5.26643 30.0423 4.46962 29.121 3.72261C28.4238 3.1499 27.7017 2.61454 26.9547 2.10408C29.1708 2.26594 31.2874 2.76394 33.2669 3.53586ZM33.0553 10.5329C34.0388 11.8028 34.9228 13.1225 35.6823 14.492C34.1384 15.0274 32.632 15.6624 31.1753 16.3845C29.6688 17.1315 28.0627 17.9532 26.7306 19.0115C23.4562 21.2525 20.7296 23.9915 18.2395 27.0418C16.3845 29.4447 14.8282 32.0717 13.6081 34.8481C12.2136 33.989 10.869 33.0179 9.58665 31.9223C13.6081 21.489 22.3108 13.5583 33.0553 10.5329ZM8.00548 30.4905C7.89343 30.3785 7.79382 30.2789 7.68177 30.1668C6.62351 29.1086 5.62749 27.9631 4.73108 26.7804C8.80229 16.4094 17.5423 8.52839 28.262 5.56524C28.9841 6.1753 29.6937 6.82271 30.366 7.49502C30.8142 7.94323 31.25 8.40388 31.6733 8.87699C26.4069 10.4955 21.5015 13.2968 17.4178 17.0319C13.3342 20.7669 10.0971 25.386 8.00548 30.4905ZM23.1574 2.06673C24.2405 2.65189 25.2988 3.3242 26.3322 4.05876C16.0732 7.34562 7.68177 14.9402 3.38645 24.8381C2.9258 24.1285 2.50249 23.3939 2.11653 22.6718C3.2246 11.6783 12.1016 2.9507 23.1574 2.06673ZM3.51096 32.9806C3.47361 32.9432 3.4238 32.8934 3.374 32.8685C2.63944 30.8391 2.17878 28.6728 2.04183 26.4318C2.29084 26.8053 2.53984 27.1663 2.81374 27.5274C3.85956 28.9467 5.02988 30.3162 6.28735 31.5862C6.76046 32.0593 7.24602 32.5199 7.75647 32.9681C9.53685 34.5618 11.4542 35.9437 13.4587 37.0767C14.8282 38.8695 16.3347 40.6126 17.9407 42.2933C11.0433 40.7744 3.58566 33.0677 3.51096 32.9806ZM5.95119 37.8984C9.53685 40.8367 15.0523 44.5344 20.132 44.5344C20.1444 44.5344 20.1693 44.5344 20.1818 44.5344C21.4641 45.7545 22.7963 46.9123 24.1534 47.9955C16.5837 47.7092 9.94771 43.7749 5.95119 37.8984ZM32.9183 46.6011C32.7565 46.6633 32.5946 46.7131 32.4203 46.7754C32.4079 46.7754 32.4079 46.7754 32.3954 46.7878C30.7395 47.3481 29.0214 47.7216 27.2784 47.8959C24.8755 46.128 22.5349 44.1111 20.3312 41.9074C18.4885 40.0647 16.7704 38.1225 15.2141 36.118C15.2266 36.1056 15.2266 36.0807 15.239 36.0682C16.3347 33.4786 17.7415 31.0383 19.4223 28.7724C21.5513 31.1628 23.8421 33.5906 26.245 35.9935C29.5692 39.3177 32.8934 42.3929 36.118 45.132C35.1096 45.6922 34.0388 46.1902 32.9183 46.6011ZM42.9034 36.9273C43.2395 37.3257 43.5757 37.7117 43.8994 38.0976C42.2809 40.4133 40.2515 42.4303 37.9233 44.0239C34.6116 41.2475 31.0757 37.9856 27.6643 34.5867C25.1992 32.1215 22.8461 29.619 20.6673 27.1663C22.5971 24.8506 24.8132 22.7963 27.2659 21.0408C29.6439 23.1574 32.0468 25.4358 34.4373 27.8137C36.9273 30.3038 39.3426 32.8685 41.5463 35.3586L42.9034 36.9273ZM42.5672 33.5159C40.4756 31.1753 38.2221 28.7973 35.8441 26.4069C33.5657 24.1285 31.2624 21.9497 28.9841 19.9079C31.4741 18.3267 34.1509 17.0817 36.9522 16.1728C36.9522 16.1728 36.9522 16.1728 36.9646 16.1728C38.6081 17.505 40.2266 18.9617 41.758 20.5055C44.0115 22.759 46.0657 25.1494 47.8586 27.6145C47.4975 30.7644 46.5139 33.7151 45.0199 36.3546C44.6838 35.9562 44.3352 35.5453 43.9866 35.1469L42.5672 33.5159Z\" fill=\"#4546A3\" fill-opacity=\"0.5\"/>\r\n<path d=\"M17.7291 27.6768C17.7291 27.6892 17.7167 27.6892 17.7291 27.6768C17.7167 27.6892 17.7291 27.6892 17.7291 27.6768Z\" fill=\"#4546A3\" fill-opacity=\"0.5\"/>\r\n<path d=\"M17.7166 27.6892C17.7042 27.7016 17.7042 27.7016 17.7166 27.6892V27.6892Z\" fill=\"#4546A3\" fill-opacity=\"0.5\"/>\r\n</svg>'),
(5, 'ping pong', 2, '<svg width=\"50\" height=\"50\" viewBox=\"0 0 50 50\" fill=\"none\" xmlns=\"http://www.w3.org/2000/svg\">\r\n<g clip-path=\"url(#clip0)\">\r\n<path d=\"M44.0393 5.923C36.1498 -1.93644 23.3201 -1.93644 15.4306 5.93542C9.65654 11.6965 7.92683 20.3009 11.0129 27.85C11.8094 29.8118 11.3614 32.0467 9.85565 33.549L0.28621 43.0847C-0.0995538 43.4696 -0.0995538 44.1028 0.28621 44.4877L5.4007 49.5907C5.5998 49.7894 5.84868 49.8763 6.11 49.8763C6.35888 49.8763 6.62021 49.777 6.81931 49.5907L16.3763 40.0551C17.882 38.5527 20.1344 38.1058 22.1379 38.9128C29.6914 41.9672 38.2902 40.2289 44.0518 34.4802C47.8721 30.6685 49.9751 25.5902 49.9751 20.2016C49.9751 14.813 47.8721 9.73477 44.0393 5.923ZM42.6456 33.0772C39.1488 36.5662 34.4948 38.4162 29.7536 38.4162C27.4515 38.4162 25.112 37.9816 22.8845 37.0752C20.1468 35.9702 17.0358 36.591 14.9701 38.6521L6.11 47.4924L2.40169 43.7924L11.2618 34.9521C13.34 32.8785 13.9622 29.7993 12.8547 27.105C10.0672 20.2885 11.6351 12.5408 16.8492 7.33845C23.9547 0.248805 35.5276 0.236389 42.6332 7.32603C46.0801 10.7653 47.9841 15.3345 47.9841 20.2016C47.9841 25.0688 46.0926 29.6379 42.6456 33.0772Z\" fill=\"#4546A3\" fill-opacity=\"0.5\"/>\r\n<path d=\"M41.3638 8.60444C38.2528 5.5004 34.1339 3.79938 29.7411 3.79938C25.3484 3.79938 21.217 5.5004 18.1184 8.60444C15.0074 11.7085 13.3026 15.8182 13.3026 20.2012C13.3026 24.5841 15.0074 28.7062 18.1184 31.7979C21.329 35.0013 25.5351 36.5905 29.7411 36.5905C33.9472 36.5905 38.1657 34.9888 41.3638 31.7979C44.4748 28.6938 46.1797 24.5841 46.1797 20.2012C46.1797 15.8182 44.4748 11.7085 41.3638 8.60444ZM39.9577 30.4073C34.3205 36.0318 25.1493 36.0318 19.5246 30.4073C16.7994 27.6881 15.2937 24.0626 15.2937 20.2136C15.2937 16.3646 16.7994 12.739 19.5246 10.0199C22.2498 7.30074 25.8835 5.79838 29.7411 5.79838C33.5988 5.79838 37.2324 7.30074 39.9577 10.0199C42.6829 12.739 44.1886 16.3646 44.1886 20.2136C44.1886 24.0626 42.6954 27.6757 39.9577 30.4073Z\" fill=\"#4546A3\" fill-opacity=\"0.5\"/>\r\n<path d=\"M28.1732 20.9834C25.0995 20.9834 22.5983 23.4791 22.5983 26.5458C22.5983 29.6126 25.0995 32.1083 28.1732 32.1083C31.2468 32.1083 33.7481 29.6126 33.7481 26.5458C33.7481 23.4791 31.2468 20.9834 28.1732 20.9834ZM28.1732 30.1217C26.1946 30.1217 24.5893 28.52 24.5893 26.5458C24.5893 24.5717 26.1946 22.97 28.1732 22.97C30.1518 22.97 31.757 24.5717 31.757 26.5458C31.757 28.52 30.1518 30.1217 28.1732 30.1217Z\" fill=\"#4546A3\" fill-opacity=\"0.5\"/>\r\n</g>\r\n<defs>\r\n<clipPath id=\"clip0\">\r\n<rect width=\"50\" height=\"50\" fill=\"white\"/>\r\n</clipPath>\r\n</defs>\r\n</svg>'),
(6, 'kickbox', 1, '<svg width=\"50\" height=\"50\" viewBox=\"0 0 50 50\" fill=\"none\" xmlns=\"http://www.w3.org/2000/svg\">\r\n<path d=\"M47.5653 25.8741L43.8431 22.1737C43.9119 21.9394 43.9413 21.6953 43.9413 21.4414V15.7688C43.9413 15.2318 43.4994 14.7924 42.9592 14.7924H36.3889L29.465 0.557095C29.3176 0.264187 29.0426 0.0591511 28.7185 0.0103331C28.3944 -0.0384849 28.0703 0.0884419 27.8445 0.332532L20.842 8.24105L14.3207 5.87826C14.0752 5.79039 13.81 5.80015 13.5743 5.90755C13.3386 6.01495 13.152 6.21999 13.0636 6.45431L11.1092 11.7852C10.9717 12.1563 10.9226 12.537 10.9521 12.9178L9.78336 13.5134C7.18076 14.8413 5.19689 17.0674 4.19513 19.8012L0.482732 29.9553C-0.244033 31.9373 -0.145821 34.0853 0.747904 35.9892C1.64163 37.8931 3.23266 39.3479 5.22635 40.0704L15.8528 43.9173C16.4126 44.1223 16.9823 44.2199 17.5519 44.2199C19.4081 44.2199 21.1464 43.1752 21.9812 41.408L23.8571 37.4245V42.111C23.8571 46.4656 27.4222 50 31.7926 50H39.7379C44.1181 50 47.6734 46.4558 47.6734 42.111V38.1079C49.0778 36.9265 49.9715 35.1691 49.9715 33.2066V31.6932C49.9912 29.4867 49.1269 27.4265 47.5653 25.8741ZM35.7701 16.7354C35.78 16.7354 35.78 16.7354 35.7701 16.7354H41.9771V18.5026H36.4969C35.9567 18.5026 35.5148 18.942 35.5148 19.479C35.5148 20.016 35.9567 20.4553 36.4969 20.4553H41.9771V21.4414C41.9771 21.871 41.6235 22.2225 41.1914 22.2225H30.3489C29.9167 22.2225 29.5632 21.871 29.5632 21.4414V16.7452L35.7701 16.7354ZM28.3453 2.73438L34.2086 14.7827H28.581C28.0409 14.7827 27.5989 15.222 27.5989 15.759V21.1778L26.1258 18.0242C26.2731 17.8289 26.3909 17.6044 26.4695 17.37L28.4239 12.0391C28.6105 11.5314 28.3453 10.9749 27.8346 10.7894L22.8259 8.97332L28.3453 2.73438ZM12.9556 12.4687L13.427 11.1897L19.4081 13.3572C19.5161 13.3962 19.634 13.4158 19.742 13.4158C20.1447 13.4158 20.5179 13.1717 20.6652 12.7714C20.8518 12.2637 20.5866 11.7071 20.0759 11.5216L14.0948 9.3541L14.5663 8.05555L26.2338 12.2734L24.6133 16.6866C24.5446 16.8818 24.3972 17.0381 24.2106 17.1259C24.024 17.2138 23.808 17.2236 23.6115 17.1552L13.4172 13.4646C13.2208 13.3962 13.0636 13.2498 12.9752 13.0643C12.8967 12.8788 12.8868 12.664 12.9556 12.4687ZM23.8669 32.8161L20.2134 40.5684C19.5652 41.9548 17.984 42.5992 16.5403 42.0817L5.90401 38.2349C4.40137 37.6881 3.20319 36.6043 2.53535 35.1691C1.86751 33.7338 1.78895 32.1228 2.33893 30.629L6.05133 20.4944C6.8763 18.2292 8.52626 16.3741 10.6869 15.2709L11.7967 14.7046C12.0717 14.9682 12.3958 15.1732 12.769 15.3099L22.9634 19.0005C23.2678 19.1079 23.5919 19.1665 23.9062 19.1665C24.1026 19.1665 24.2892 19.147 24.4758 19.1079L26.0963 22.5643C26.3025 23.0036 26.4695 23.4625 26.607 23.9214C24.8294 25.9815 23.8669 28.5982 23.8669 31.3222V32.8161ZM48.0269 33.1968C48.0269 35.6573 46.0136 37.6588 43.5387 37.6588H41.9378C40.5727 37.6588 39.4629 36.5555 39.4629 35.1984C39.4629 33.8412 40.5727 32.7379 41.9378 32.7379H43.7056C44.2458 32.7379 44.6877 32.2986 44.6877 31.7616C44.6877 31.2246 44.2458 30.7852 43.7056 30.7852H41.9378C39.4924 30.7852 37.4987 32.7672 37.4987 35.1984C37.4987 37.6295 39.4924 39.6115 41.9378 39.6115H43.5387C44.3047 39.6115 45.0413 39.4748 45.719 39.2307V42.111C45.719 45.3818 43.0378 48.0473 39.7477 48.0473H31.8024C28.5123 48.0473 25.8311 45.3818 25.8311 42.111V31.3222C25.8311 28.9106 26.7445 26.6064 28.3944 24.8392L29.2391 23.9312C29.5828 24.0874 29.956 24.1655 30.3587 24.1655H41.2012C41.7414 24.1655 42.2325 24.0093 42.6646 23.7457L46.1806 27.241C47.3689 28.4224 48.0269 30.0041 48.0269 31.6737V33.1968Z\" fill=\"#4546A3\" fill-opacity=\"0.5\"/>\r\n<path d=\"M33.1685 18.7861C32.9818 18.6005 32.7362 18.5028 32.4708 18.5028C32.2055 18.5028 31.9598 18.6103 31.7731 18.7861C31.5864 18.9717 31.4882 19.216 31.4882 19.4797C31.4882 19.7337 31.5963 19.9877 31.7731 20.1733C31.9598 20.3589 32.2055 20.4566 32.4708 20.4566C32.7362 20.4566 32.9818 20.3492 33.1685 20.1733C33.3552 19.9877 33.4535 19.7435 33.4535 19.4797C33.4535 19.2257 33.3552 18.9717 33.1685 18.7861Z\" fill=\"#4546A3\" fill-opacity=\"0.5\"/>\r\n<path d=\"M12.259 36.3799L12.2295 36.3702C11.7185 36.1846 11.1584 36.4483 10.9717 36.9563C10.785 37.4643 11.0503 38.0212 11.5613 38.2068L11.5907 38.2165C11.6988 38.2556 11.8168 38.2752 11.9249 38.2752C12.3277 38.2752 12.7012 38.0309 12.8486 37.6304C13.0353 37.1224 12.7699 36.5656 12.259 36.3799Z\" fill=\"#4546A3\" fill-opacity=\"0.5\"/>\r\n<path d=\"M8.75217 35.1109L7.23971 34.5641C6.72901 34.3786 6.31652 34.0076 6.09063 33.5096C5.86475 33.0215 5.83528 32.4649 6.02189 31.9572C6.20849 31.4495 5.94332 30.893 5.43262 30.7075C4.92192 30.522 4.36211 30.7856 4.17551 31.2933C3.81213 32.2892 3.86123 33.373 4.313 34.3395C4.76478 35.3061 5.57011 36.0384 6.57187 36.3997L8.08433 36.9464C8.19236 36.9855 8.31021 37.005 8.41825 37.005C8.82091 37.005 9.19412 36.7609 9.34143 36.3606C9.52804 35.8627 9.26287 35.2964 8.75217 35.1109Z\" fill=\"#4546A3\" fill-opacity=\"0.5\"/>\r\n</svg>'),
(7, 'skiing', 1, '<svg width=\"50\" height=\"50\" viewBox=\"0 0 50 50\" fill=\"none\" xmlns=\"http://www.w3.org/2000/svg\">\r\n<g clip-path=\"url(#clip0)\">\r\n<path d=\"M42.2745 3.41343e-05C40.4916 -0.00606806 38.8039 0.806286 37.6971 2.20445C36.5903 3.60223 36.1865 5.43098 36.6014 7.16515C34.1941 5.68155 31.111 5.88483 28.9191 7.67163L23.1888 12.3272L13.8574 7.88254L14.2807 7.03777C14.4863 6.62587 14.3193 6.12549 13.9074 5.91954C13.4955 5.71397 12.9951 5.88102 12.7891 6.29292L12.3502 7.16515L9.72317 5.91535C9.452 5.76126 9.11753 5.77118 8.85628 5.94166C8.59503 6.11214 8.45086 6.41382 8.48252 6.72427C8.51417 7.03433 8.71631 7.30092 9.00692 7.41496L11.6046 8.65218L11.1187 9.62281C10.9131 10.0347 11.0801 10.5355 11.492 10.741C11.9039 10.9466 12.4043 10.7796 12.6103 10.3677L13.1099 9.36804L21.7555 13.4889L20.3002 14.6712C19.7925 15.0858 19.3631 15.5881 19.0328 16.1541C17.8677 18.609 18.677 21.5472 20.9348 23.0591L28.8501 28.1281L20.6377 31.7799C19.2708 32.3683 18.4363 33.7669 18.5671 35.249L8.13279 28.8863C7.8784 28.7276 7.5588 28.7177 7.29526 28.8603C7.03172 29.003 6.86506 29.2761 6.85857 29.5754C6.85247 29.8752 7.00731 30.1548 7.26475 30.3085L37.868 48.9713C40.3039 50.4693 43.4092 50.3206 45.6906 48.5964C46.0587 48.3202 46.133 47.7977 45.8569 47.4297C45.5812 47.0617 45.0587 46.9869 44.6906 47.263C42.953 48.5742 40.59 48.6871 38.7353 47.5479L23.0504 37.982C23.1045 37.961 23.1629 37.9518 23.217 37.9278L34.9363 32.7162C37.2509 31.6731 38.3165 28.9786 37.3421 26.6342C36.9805 25.7658 36.3608 25.0289 35.5667 24.524L29.3081 20.1083L31.4744 19.0251L34.4046 21.0629L36.9874 22.8619C38.2509 23.7684 39.9649 23.7166 41.1716 22.7353L44.0041 24.0823C44.273 24.2105 44.5896 24.1853 44.8348 24.0163C45.08 23.8478 45.2166 23.561 45.1929 23.2643C45.1696 22.9672 44.9893 22.7055 44.7208 22.5778L42.1269 21.3428C42.3249 20.8199 42.3859 20.2555 42.3047 19.7025C42.1651 18.7994 41.6624 17.9927 40.913 17.4695L38.6918 15.9275L38.942 15.8749C39.8413 15.6804 40.4126 14.794 40.2181 13.8947L39.7185 11.5908C39.6735 11.3825 39.6033 11.1834 39.54 10.9817C41.6834 12.1213 44.3081 11.8139 46.1304 10.2105C47.9526 8.60679 48.5911 6.04235 47.7333 3.77157C46.876 1.50117 44.7017 -0.00111003 42.2745 3.41343e-05V3.41343e-05ZM39.9569 18.836C40.3325 19.0972 40.5842 19.5019 40.6529 19.9546C40.7212 20.4069 40.6006 20.868 40.3192 21.2288C39.7173 21.9233 38.683 22.0392 37.942 21.4954L35.9191 20.0873L34.6979 19.2376L32.0168 17.373H32.0126L31.2486 16.8413C30.902 16.6007 30.6594 16.2368 30.5705 15.8242L30.2513 14.3436C30.1571 13.9115 30.2387 13.4596 30.4782 13.0877C30.7174 12.7159 31.0946 12.4542 31.5267 12.3608L33.2174 11.995C33.667 11.8978 33.9531 11.4546 33.8558 11.005C33.7589 10.5549 33.3154 10.2689 32.8657 10.3661L31.1754 10.7319C29.3776 11.1224 28.2349 12.894 28.6209 14.6926L28.9397 16.1739C29.0889 16.8467 29.4432 17.4561 29.9538 17.9187L28.2452 18.7742C28.1472 18.8234 28.0599 18.8909 27.9878 18.9733C27.6693 19.3413 27.5275 19.8295 27.5995 20.3108C27.6655 20.7768 27.9291 21.1922 28.3226 21.4504L34.643 25.9111C35.1636 26.2368 35.5709 26.7154 35.8093 27.2818C36.4347 28.7886 35.7498 30.5201 34.262 31.1906L22.5397 36.4088C22.1213 36.5945 21.6453 36.6002 21.2227 36.4244C20.8002 36.2486 20.4687 35.9068 20.3059 35.4789C20.0233 34.6025 20.463 33.6563 21.315 33.3069L29.5274 29.6502C30.0869 29.4011 30.4645 28.8645 30.5107 28.2536C30.5568 27.6426 30.2639 27.0556 29.7479 26.725L21.833 21.6563C20.3101 20.6178 19.746 18.6396 20.4924 16.9538C20.7189 16.5766 21.0096 16.2418 21.3517 15.9649L29.9699 8.96644C31.9554 7.34402 34.8482 7.49276 36.6567 9.31045C37.3794 10.032 37.8779 10.9474 38.0923 11.9458L38.5919 14.2494L37.4096 14.4996C36.9225 14.6037 36.5434 14.9878 36.4458 15.4763C36.3482 15.9653 36.5499 16.4653 36.9599 16.749L39.9569 18.836ZM42.2745 9.99771C39.974 9.99771 38.1087 8.13273 38.1087 5.8322C38.1087 3.5313 39.974 1.66631 42.2745 1.66631C44.5751 1.66631 46.4404 3.5313 46.4404 5.8322C46.4374 8.13158 44.5739 9.99504 42.2745 9.99771V9.99771Z\" fill=\"#4546A3\" fill-opacity=\"0.5\"/>\r\n<path d=\"M9.36508 23.3283C9.73693 23.3286 10.0638 23.0827 10.1668 22.7253C10.2693 22.3679 10.1229 21.9858 9.80749 21.7886L3.14237 17.6227C2.75107 17.379 2.2362 17.4984 1.99249 17.8893C1.7484 18.2806 1.86778 18.7955 2.25908 19.0392L8.9242 23.2051C9.05692 23.2863 9.20947 23.329 9.36508 23.3283Z\" fill=\"#4546A3\" fill-opacity=\"0.5\"/>\r\n<path d=\"M8.09048 19.0358L14.7556 23.2017C15.1465 23.4454 15.6614 23.326 15.9051 22.9351C16.1492 22.5438 16.0298 22.0293 15.6385 21.7852L8.97339 17.6197C8.58247 17.3756 8.0676 17.495 7.82351 17.8863C7.57981 18.2772 7.69918 18.7921 8.09048 19.0358Z\" fill=\"#4546A3\" fill-opacity=\"0.5\"/>\r\n</g>\r\n<defs>\r\n<clipPath id=\"clip0\">\r\n<rect width=\"50\" height=\"50\" fill=\"white\"/>\r\n</clipPath>\r\n</defs>\r\n</svg>'),
(8, 'surfing', 3, '<svg width=\"50\" height=\"50\" viewBox=\"0 0 50 50\" fill=\"none\" xmlns=\"http://www.w3.org/2000/svg\">\r\n<g clip-path=\"url(#clip0)\">\r\n<path d=\"M49.9903 0.712891L49.961 0.0292969L49.2774 8.90577e-10C49.2676 8.90577e-10 49.1407 -0.00976562 48.9063 -0.00976562C47.7051 -0.00976562 43.3399 0.136719 37.5782 2.02148C30.2735 4.42383 23.6036 8.59375 17.7735 14.4141C13.1543 19.0332 8.64262 24.6777 5.40043 29.9121C2.83207 34.0527 -0.185509 39.9121 0.00980389 44.3457L0.0195695 44.6387L5.36137 49.9805L5.65434 49.9902C5.79105 50 5.92777 50 6.06449 50C10.5469 50 16.3086 46.9727 20.3614 44.4336C25.5079 41.2012 31.0547 36.7578 35.586 32.2266C39.0332 28.7793 41.9336 24.9902 44.209 20.9473C46.0352 17.7148 47.461 14.3164 48.4571 10.8496C50.1563 4.92188 50 0.888672 49.9903 0.712891ZM47.002 10.498C46.0352 13.8477 44.6485 17.1289 42.8809 20.2539C40.6739 24.1602 37.8614 27.832 34.5313 31.1719C30.0782 35.625 24.6289 40 19.5703 43.1641C14.0723 46.6211 9.27738 48.5156 6.05473 48.5156C6.03519 48.5156 6.01566 48.5156 5.99613 48.5156L1.48441 44.0039C1.46488 40.8301 3.29105 36.1328 6.66019 30.7031C9.85355 25.5664 14.2871 20.0098 18.8282 15.4688C24.4922 9.80469 30.9571 5.76172 38.0567 3.4375C43.0762 1.79688 46.9727 1.52344 48.5157 1.48438C48.4766 2.88086 48.252 6.20117 47.002 10.498Z\" fill=\"#4546A3\" fill-opacity=\"0.5\"/>\r\n<path d=\"M29.541 31.8261C28.8379 32.4609 28.125 33.0859 27.3926 33.7109C27.0801 33.9746 27.041 34.4433 27.3047 34.7558C27.5684 35.0683 28.0371 35.1172 28.3594 34.8437C29.1016 34.2187 29.8242 33.5742 30.5371 32.9297C30.8398 32.6562 30.8691 32.1777 30.5859 31.875C30.3027 31.5722 29.8438 31.5527 29.541 31.8261Z\" fill=\"#4546A3\" fill-opacity=\"0.5\"/>\r\n<path d=\"M46.0839 3.90629C45.6835 3.85746 45.3222 4.14067 45.2636 4.54106C45.0195 6.2891 44.6289 8.07621 44.1015 9.87309C43.1933 12.9786 41.8847 16.0254 40.2441 18.9258C38.1835 22.5586 35.5566 25.9766 32.4414 29.0918C32.3144 29.2188 32.1777 29.3555 32.041 29.4825C31.748 29.7657 31.748 30.2344 32.0312 30.5274C32.3144 30.8204 32.7929 30.8301 33.0859 30.5372C33.2226 30.4004 33.3593 30.2637 33.496 30.1368C36.6992 26.9336 39.414 23.4082 41.5429 19.6582C43.2519 16.6602 44.5898 13.5059 45.5371 10.293C46.0839 8.42778 46.4941 6.57231 46.748 4.74614C46.7871 4.32621 46.4941 3.95512 46.0839 3.90629Z\" fill=\"#4546A3\" fill-opacity=\"0.5\"/>\r\n</g>\r\n<defs>\r\n<clipPath id=\"clip0\">\r\n<rect width=\"50\" height=\"50\" fill=\"white\"/>\r\n</clipPath>\r\n</defs>\r\n</svg>'),
(9, 'scuba diving', 3, '<svg width=\"60\" height=\"46\" viewBox=\"0 0 60 46\" fill=\"none\" xmlns=\"http://www.w3.org/2000/svg\">\r\n<g clip-path=\"url(#clip0)\">\r\n<path d=\"M8.99754 27.14C9.99182 24.7586 8.87479 22.009 6.49345 21.0148C5.33961 20.5361 4.07529 20.5238 2.90916 21.0025C1.75532 21.4812 0.846971 22.365 0.368248 23.5189C-0.540099 25.6793 0.306873 28.1588 2.25859 29.3372L2.46727 30.8838C2.52864 31.3503 2.77414 31.7799 3.15466 32.0622C3.47381 32.3077 3.84206 32.4305 4.23486 32.4305C4.30851 32.4305 4.39443 32.4305 4.46808 32.4182L6.44435 32.1604C7.41407 32.0254 8.10147 31.1293 7.97872 30.1596L7.80687 28.8339C8.31015 28.3675 8.7275 27.7906 8.99754 27.14ZM4.28396 30.577L4.21031 29.9878C4.36988 30 4.52946 30.0123 4.68903 30.0123C5.15548 30.0123 5.62193 29.9387 6.0761 29.8036L6.14975 30.3437L4.28396 30.577ZM7.3036 26.428C7.009 27.1277 6.4689 27.6678 5.75696 27.9624C5.05728 28.2447 4.28396 28.2447 3.58429 27.9501C2.14812 27.3487 1.46072 25.6793 2.06219 24.2308C2.35679 23.5311 2.89689 22.991 3.60884 22.6964C3.95254 22.5491 4.32078 22.4878 4.67676 22.4878C5.04501 22.4878 5.42553 22.5614 5.76923 22.7087C7.21767 23.3225 7.90507 24.9796 7.3036 26.428Z\" fill=\"#4546A3\" fill-opacity=\"0.5\"/>\r\n<path d=\"M25.2373 13.5883C25.9738 13.4901 26.698 13.6865 27.2872 14.1407C27.8764 14.5949 28.257 15.2455 28.3429 15.982C28.5393 17.4304 27.5573 18.7807 26.1334 19.063L21.4812 19.6767L20.757 14.1898L25.2373 13.5883ZM12.054 41.2561L11.0843 43.2446C10.937 43.5515 10.6424 43.7602 10.311 43.797C10.1146 43.8216 9.91817 43.7847 9.73405 43.6988C9.23077 43.4533 9.03437 42.8518 9.2676 42.3486L13.0483 34.6276C13.1342 34.4681 13.1588 34.2839 13.1342 34.0998L12.1031 26.5262L14.2512 27.3977L15.2087 34.419C15.2332 34.6154 15.2087 34.824 15.1105 34.9959L13.8216 37.6227L12.054 41.2561ZM15.4787 38.4329L16.7676 35.806C17.0131 35.2905 17.1113 34.7258 17.0376 34.1735L16.2275 28.2078L22.144 30.6014L28.527 37.5982C29.0671 38.1996 29.8404 38.5311 30.626 38.5311C30.7488 38.5311 30.8715 38.5188 30.9943 38.5065C31.5712 38.4329 32.1113 38.1751 32.5409 37.7823C33.6948 36.7266 33.7807 34.9222 32.725 33.7561L25.9124 26.2807C25.6301 25.9738 25.2741 25.716 24.8813 25.5564L23.8134 25.1268L27.9378 24.5744C27.9746 24.5867 28.0237 24.6113 28.0606 24.6113L41.8699 27.9746C42.0908 28.0237 42.3118 28.0605 42.545 28.0605C42.6678 28.0605 42.7905 28.0482 42.9255 28.036C43.3674 27.9746 43.7971 27.815 44.1653 27.5573L53.4943 21.1252L55.4951 22.5613C56.1088 23.0032 56.8699 23.1751 57.6187 23.0523C58.3674 22.9296 59.0303 22.5245 59.4722 21.8985C60.3805 20.6219 60.0859 18.842 58.8216 17.9214L55.2005 15.3191C54.2308 14.6194 52.9174 14.6072 51.9231 15.2823L41.9681 22.144L37.5123 21.0638L42.6923 19.0507C43.4043 18.7684 43.9812 18.2037 44.2881 17.5041L49.0139 6.3093L50.2537 6.67754C50.9779 6.89849 51.7512 6.81257 52.4264 6.44432C53.0892 6.07607 53.5802 5.4746 53.8012 4.75038C54.2431 3.24056 53.3838 1.65709 51.874 1.21519L48.1915 0.122716C46.8044 -0.294633 45.3192 0.40504 44.7668 1.74301L42.8273 6.34612L41.1579 10.2987L39.5131 14.1653L29.9386 17.8846C30.1719 17.2217 30.2701 16.4852 30.1719 15.7365C30.0123 14.5212 29.3863 13.4288 28.4043 12.68C27.4223 11.9312 26.2193 11.6121 24.9918 11.7717L20.5115 12.3609L19.6154 12.4836L14.3003 13.1833L10.6547 13.662C8.1383 13.9934 6.35843 16.3134 6.68986 18.842C6.84943 20.0573 7.47546 21.1497 8.45745 21.8985C8.94845 22.279 9.50082 22.5491 10.0777 22.6964C10.0041 22.905 9.94272 23.126 9.91817 23.3469C9.88135 23.5924 9.89362 23.8379 9.91817 24.0712V24.0834L11.2807 34.063L7.62275 41.5384C6.93536 42.95 7.51228 44.6563 8.9239 45.3559C9.3167 45.5523 9.74632 45.6505 10.1759 45.6505C10.2987 45.6505 10.4214 45.6383 10.5442 45.626C11.4894 45.5032 12.3118 44.914 12.7291 44.0548L13.6989 42.0663L15.4787 38.4329ZM44.5213 7.05807L46.4607 2.45496C46.6571 1.98851 47.1849 1.73074 47.6759 1.87804L51.3584 2.97051C51.8863 3.13008 52.1931 3.69473 52.0336 4.22255C51.9599 4.48033 51.7881 4.689 51.5548 4.82403C51.3216 4.94677 51.0516 4.9836 50.7938 4.90995L48.7684 4.30848C48.3142 4.17345 47.8355 4.40668 47.6637 4.8363L42.6187 16.7798C42.5082 17.0253 42.3118 17.234 42.054 17.3322L34.1612 20.4009L28.4411 22.6227C28.3674 22.6473 28.2938 22.6718 28.2079 22.6841L20.1309 23.752C19.7136 23.8011 19.3944 24.1325 19.3331 24.5499C19.284 24.9672 19.5172 25.36 19.8977 25.5196L24.194 27.2627C24.329 27.324 24.464 27.41 24.5622 27.5204L31.3748 34.9959C31.7553 35.4009 31.7185 36.0515 31.3134 36.4198C31.1661 36.5548 30.9697 36.653 30.7733 36.6775C30.4419 36.7266 30.1228 36.6039 29.9018 36.3584L23.3838 29.2144C23.2856 29.1162 23.1751 29.0302 23.0524 28.9811L12.3977 24.6726C11.9804 24.5008 11.7226 24.0589 11.7717 23.617C11.8331 23.1628 12.189 22.8068 12.6309 22.7455L17.0499 22.1563L20.8429 21.653L26.2193 20.941C26.3052 20.9288 26.3789 20.9165 26.4648 20.9042L27.7046 20.7446C27.7782 20.7324 27.8519 20.7201 27.9133 20.6955L40.5565 15.7733C40.7897 15.6874 40.9738 15.5032 41.072 15.27L42.8642 11.0352L44.5213 7.05807ZM18.9403 14.423L19.6645 19.91L16.1784 20.3764L15.4542 14.8772L18.9403 14.423ZM9.57447 20.4378C8.98528 19.9836 8.60475 19.333 8.51883 18.5965C8.32243 17.0867 9.39035 15.6874 10.9002 15.491L13.6375 15.135L14.3617 20.6342L12.5327 20.8797L11.6367 21.0024C10.8879 21.0883 10.1637 20.8919 9.57447 20.4378ZM57.9624 20.8306C57.8028 21.0515 57.5696 21.1988 57.3118 21.2356C57.0417 21.2847 56.784 21.2234 56.563 21.0638L54.0467 19.2594C53.7275 19.0384 53.3102 19.0262 52.991 19.2471L43.1219 26.0474C42.9869 26.1334 42.8396 26.1947 42.68 26.2193C42.5573 26.2316 42.4345 26.2316 42.3118 26.1947L31.2521 23.4942L34.5295 22.2176L41.9435 24.0221C42.2013 24.0834 42.4714 24.0343 42.68 23.887L52.9542 16.8167C53.2979 16.5712 53.7643 16.5834 54.108 16.8289L57.7291 19.4312C58.1833 19.7504 58.2815 20.3764 57.9624 20.8306Z\" fill=\"#4546A3\" fill-opacity=\"0.5\"/>\r\n</g>\r\n<defs>\r\n<clipPath id=\"clip0\">\r\n<rect width=\"60\" height=\"45.6506\" fill=\"white\"/>\r\n</clipPath>\r\n</defs>\r\n</svg>'),
(10, 'swimming', 3, '<svg width=\"50\" height=\"39\" viewBox=\"0 0 50 39\" fill=\"none\" xmlns=\"http://www.w3.org/2000/svg\">\r\n<g clip-path=\"url(#clip0)\">\r\n<path d=\"M36.6155 8.29004C32.9529 8.29004 29.9751 11.2678 29.9751 14.9304C29.9751 18.593 32.9529 21.5708 36.6155 21.5708C40.2781 21.5708 43.2559 18.593 43.2559 14.9304C43.2559 11.2678 40.2781 8.29004 36.6155 8.29004ZM36.6155 19.9107C33.8659 19.9107 31.6352 17.6799 31.6352 14.9304C31.6352 12.1809 33.8659 9.95013 36.6155 9.95013C39.365 9.95013 41.5958 12.1809 41.5958 14.9304C41.5958 17.6799 39.365 19.9107 36.6155 19.9107Z\" fill=\"#4546A3\" fill-opacity=\"0.5\"/>\r\n<path d=\"M46.774 27.3807C45.612 26.7997 44.2216 26.7997 43.0596 27.3807L39.3866 29.2172C39.2413 29.2898 39.0857 29.3417 38.9301 29.3832C38.9093 29.3521 38.8886 29.321 38.8574 29.2898L23.6779 14.1L32.2171 5.56086C32.5387 5.23922 32.5387 4.71006 32.2171 4.38842L28.0668 0.238181C27.7452 -0.0834626 27.216 -0.0834626 26.8944 0.238181L12.7836 14.349C12.4619 14.6706 12.4619 15.1998 12.7836 15.5214L19.6626 22.4005L12.877 29.1861L12.8251 29.2172C12.1195 29.57 11.2999 29.57 10.5943 29.2172L6.92136 27.3807C5.75929 26.7997 4.36896 26.7997 3.2069 27.3807L0.467741 28.7503C0.0527169 28.9578 -0.113293 29.4559 0.0942193 29.8605C0.301731 30.2755 0.79976 30.4415 1.20441 30.234L3.95394 28.8541C4.64911 28.5013 5.48953 28.5013 6.18469 28.8541L9.85766 30.6906C11.0197 31.2716 12.4101 31.2716 13.5721 30.6906L13.7485 30.6075L17.2451 28.8645C17.9402 28.5117 18.7807 28.5117 19.4758 28.8645L22.9724 30.6075L23.1488 30.6906C24.3109 31.2716 25.7012 31.2716 26.8633 30.6906L27.0396 30.6075L30.5362 28.8645C31.2314 28.5117 32.0718 28.5117 32.767 28.8645L36.2635 30.6075L36.4399 30.6906C37.021 30.9811 37.6539 31.1263 38.2972 31.1263C38.9405 31.1263 39.5734 30.9811 40.1544 30.6906L43.8274 28.8541C44.5225 28.5013 45.3629 28.5013 46.0581 28.8541L48.8076 30.234C49.2227 30.4415 49.7207 30.2755 49.9178 29.8605C50.1253 29.4455 49.9593 28.9475 49.5443 28.7503L46.774 27.3807ZM33.4933 27.3807C32.3312 26.7997 30.9409 26.7997 29.7788 27.3807L26.2822 29.1238L26.1058 29.2068C25.4107 29.5596 24.5703 29.5596 23.8751 29.2068L23.6987 29.1238L20.2021 27.3807C20.005 27.277 19.7975 27.2044 19.59 27.1421C19.5381 27.1213 19.4862 27.111 19.4343 27.1006C19.2268 27.0487 19.0193 26.9968 18.8014 26.9761C18.7703 26.9761 18.7495 26.9761 18.7184 26.9657C18.6043 26.945 18.4798 26.9346 18.3553 26.945C18.2204 26.9553 18.0959 26.9553 17.9714 26.9657C17.7535 26.9865 17.5356 27.0176 17.3281 27.0695L21.4057 22.9919C21.7273 22.6702 21.7273 22.1411 21.4057 21.8194L14.5267 14.93L27.4858 1.99166L30.4636 4.96945L21.9245 13.5086C21.6028 13.8302 21.6028 14.3594 21.9245 14.681L35.7344 28.4909L33.4933 27.3807Z\" fill=\"#4546A3\" fill-opacity=\"0.5\"/>\r\n<path d=\"M46.7732 34.4574C45.6112 33.8763 44.2208 33.8763 43.0588 34.4574L39.3858 36.2939C38.6906 36.6466 37.8502 36.6466 37.1551 36.2939L33.4821 34.4574C32.32 33.8763 30.9297 33.8763 29.7676 34.4574L26.0947 36.2939C25.3995 36.6466 24.5591 36.6466 23.8639 36.2939L20.191 34.4574C19.0289 33.8763 17.6386 33.8763 16.4765 34.4574L12.8035 36.2939C12.1084 36.6466 11.2679 36.6466 10.5728 36.2939L6.89982 34.4574C5.73775 33.8763 4.34742 33.8763 3.18535 34.4574L0.466947 35.8373C0.0519235 36.0448 -0.114086 36.5429 0.0934259 36.9475C0.300938 37.3626 0.798966 37.5286 1.20361 37.3211L3.95315 35.9411C4.64831 35.5883 5.48874 35.5883 6.1839 35.9411L9.85686 37.7776C11.0189 38.3586 12.4093 38.3586 13.5713 37.7776L17.2443 35.9411C17.9395 35.5883 18.7799 35.5883 19.475 35.9411L23.148 37.7776C24.3101 38.3586 25.7004 38.3586 26.8625 37.7776L30.5354 35.9411C31.2306 35.5883 32.071 35.5883 32.7662 35.9411L36.4391 37.7776C37.0202 38.0681 37.6531 38.2134 38.2964 38.2134C38.9397 38.2134 39.5726 38.0681 40.1536 37.7776L43.8266 35.9411C44.5217 35.5883 45.3622 35.5883 46.0573 35.9411L48.8068 37.3211C49.2219 37.5286 49.7199 37.3626 49.917 36.9475C50.1246 36.5325 49.9585 36.0345 49.5435 35.8373L46.7732 34.4574Z\" fill=\"#4546A3\" fill-opacity=\"0.5\"/>\r\n</g>\r\n<defs>\r\n<clipPath id=\"clip0\">\r\n<rect width=\"50\" height=\"38.2133\" fill=\"white\"/>\r\n</clipPath>\r\n</defs>\r\n</svg>'),
(11, 'waterpolo', 3, '<svg width=\"60\" height=\"48\" viewBox=\"0 0 60 48\" fill=\"none\" xmlns=\"http://www.w3.org/2000/svg\">\r\n<g clip-path=\"url(#clip0)\">\r\n<path d=\"M59.0978 43.2103C56.9772 43.2103 55.8758 44.0656 54.9151 44.8272C54.0363 45.5185 53.3333 46.0574 51.8219 46.0574C50.3105 46.0574 49.6192 45.5068 48.7288 44.8272C48.6585 44.7686 48.5765 44.71 48.5062 44.6515C48.1195 44.3468 47.5571 44.4171 47.2525 44.8155C46.9479 45.2021 47.0182 45.7645 47.4165 46.0691C47.4868 46.1277 47.5571 46.1746 47.6274 46.2332C48.5882 46.9947 49.6895 47.85 51.8102 47.85C53.9309 47.85 55.0322 46.9947 55.993 46.2332C56.8717 45.5419 57.5747 45.0029 59.0861 45.0029C59.5782 45.0029 59.9766 44.6046 59.9766 44.1125C59.9883 43.6087 59.5899 43.2103 59.0978 43.2103Z\" fill=\"#4546A3\" fill-opacity=\"0.5\"/>\r\n<path d=\"M59.0979 36.0047C56.9772 36.0047 55.8758 36.86 54.9151 37.6216C54.0364 38.3128 53.3334 38.8518 51.8219 38.8518C51.2361 38.8518 50.7675 38.7698 50.3691 38.6292C53.1928 34.5167 54.6808 29.7247 54.6808 24.6866C54.6808 17.4224 51.5056 10.5565 45.9754 5.85823C41.5232 2.08553 35.8524 0 29.9942 0C18.0434 0 7.8266 8.51787 5.70592 20.2578C5.70592 20.2695 5.70592 20.2695 5.70592 20.2812C5.44816 21.7223 5.31928 23.2103 5.31928 24.6866C5.31928 26.5378 5.51846 28.3773 5.92854 30.1582C6.61981 33.2162 7.86175 36.0633 9.63094 38.6292C9.23258 38.7698 8.76392 38.8518 8.1781 38.8518C6.66667 38.8518 5.9754 38.3011 5.08495 37.6216C4.1242 36.86 3.02285 36.0047 0.90217 36.0047C0.410079 36.0047 0.0117188 36.403 0.0117188 36.8951C0.0117188 37.3872 0.410079 37.7856 0.90217 37.7856C2.41359 37.7856 3.10487 38.3363 3.99532 39.0158C4.95607 39.7774 6.05742 40.6327 8.1781 40.6327C10.2988 40.6327 11.4001 39.7774 12.3609 39.0158C13.2396 38.3245 13.9426 37.7856 15.454 37.7856C16.9654 37.7856 17.6567 38.3363 18.5472 39.0158C19.5079 39.7774 20.6093 40.6327 22.7299 40.6327C24.8506 40.6327 25.952 39.7774 26.9127 39.0158C27.7915 38.3245 28.4945 37.7856 30.0059 37.7856C31.5173 37.7856 32.2086 38.3363 33.099 39.0158C34.0598 39.7774 35.1611 40.6327 37.2818 40.6327C39.4025 40.6327 40.5038 39.7774 41.4646 39.0158C42.3433 38.3245 43.0463 37.7856 44.5577 37.7856C46.0692 37.7856 46.7604 38.3363 47.6509 39.0158C48.6116 39.7774 49.713 40.6327 51.8337 40.6327C53.9543 40.6327 55.0557 39.7774 56.0164 39.0158C56.8952 38.3245 57.5982 37.7856 59.1096 37.7856C59.6017 37.7856 60 37.3872 60 36.8951C60 36.403 59.59 36.0047 59.0979 36.0047ZM29.9942 1.7809C31.2127 1.7809 32.4312 1.87463 33.6145 2.07381C26.1863 4.628 19.3439 8.78735 13.6614 14.2355L10.6034 12.4663C14.6925 5.9754 21.9215 1.7809 29.9942 1.7809ZM11.2595 37.6216C11.2244 37.645 11.1892 37.6801 11.1541 37.7036C10.0996 36.1804 9.2443 34.5518 8.58817 32.8295C10.0527 34.1066 11.5759 35.3017 13.1693 36.4148C12.3843 36.7428 11.7985 37.1998 11.2595 37.6216ZM29.1037 32.6772C26.7604 31.693 24.4406 30.6034 22.191 29.4435C21.7575 29.2209 21.2185 29.3849 20.9959 29.8301C20.7733 30.2636 20.9373 30.8026 21.3826 31.0252C23.9016 32.3257 26.5027 33.5325 29.1154 34.6104V36.075C27.5571 36.2742 26.6432 36.9889 25.8231 37.6333C24.9444 38.3245 24.2414 38.8635 22.7299 38.8635C21.2185 38.8635 20.5273 38.3128 19.6368 37.6333C18.7229 36.9186 17.6802 36.0984 15.7469 36.0281C12.8295 34.1418 10.0879 31.9508 7.60399 29.5255C7.26421 27.9555 7.08847 26.3269 7.08847 24.6983C7.08847 23.8196 7.13533 22.9408 7.24078 22.0621C10.7089 24.71 14.3878 27.147 18.184 29.2912C18.3246 29.3732 18.4769 29.4083 18.6175 29.4083C18.9221 29.4083 19.2267 29.2443 19.3908 28.9514C19.6368 28.5179 19.4845 27.9789 19.051 27.7329C15.0439 25.4599 11.1775 22.8822 7.54541 20.0469C7.99063 17.9028 8.71705 15.8758 9.70124 14.0012L29.092 25.1904L29.1037 32.6772ZM23.5267 19.9297C28.2836 16.3093 33.4037 13.1342 38.7464 10.4862C39.1916 10.2636 39.3673 9.73638 39.1447 9.29115C38.9221 8.84593 38.3949 8.67018 37.9496 8.89279C32.2789 11.7047 26.8541 15.1025 21.8512 18.9689L15.2666 15.1611C21.406 9.3966 28.9045 5.16696 37.0123 2.88225C39.3908 3.64382 41.6403 4.79203 43.6556 6.29174C42.9994 6.56122 42.3433 6.84241 41.6989 7.13533C41.2537 7.3345 41.0428 7.86175 41.242 8.30697C41.3943 8.63503 41.7106 8.83421 42.0621 8.83421C42.1793 8.83421 42.3082 8.81078 42.4253 8.7522C43.3509 8.34212 44.2883 7.94376 45.2256 7.56883C46.8542 9.00996 48.2484 10.662 49.3732 12.4663L29.9942 23.6673L23.5267 19.9297ZM37.9965 38.8049C37.7739 38.8401 37.5396 38.8518 37.2701 38.8518C35.7587 38.8518 35.0674 38.3011 34.1769 37.6216C33.3568 36.9772 32.4429 36.2624 30.8846 36.0633V25.2021L37.3404 21.4763C38.0902 27.2056 38.3011 33.0287 37.9965 38.8049ZM46.4675 36.2976C45.9286 36.1218 45.2959 36.0047 44.5343 36.0047C42.4136 36.0047 41.3123 36.86 40.3515 37.6216C40.1641 37.7622 39.9883 37.9028 39.8126 38.0316C40.082 32.1851 39.8126 26.3035 39.0158 20.5038L45.6005 16.7077C47.1236 23.1634 47.4165 29.7364 46.4675 36.2976ZM48.7288 37.6216C48.5413 37.4692 48.3421 37.3169 48.143 37.1763C49.256 30.0176 48.9397 22.8237 47.2056 15.7821L50.2636 14.0129C51.9743 17.2583 52.8999 20.9139 52.8999 24.6866C52.8999 29.3966 51.5056 33.8723 48.846 37.7036C48.8108 37.6801 48.7757 37.6567 48.7288 37.6216Z\" fill=\"#4546A3\" fill-opacity=\"0.5\"/>\r\n<path d=\"M44.546 43.2103C42.4253 43.2103 41.324 44.0656 40.3632 44.8272C39.4845 45.5185 38.7815 46.0574 37.2701 46.0574C35.7586 46.0574 35.0674 45.5068 34.1769 44.8272C33.2162 44.0656 32.1148 43.2103 29.9941 43.2103C27.8735 43.2103 26.7721 44.0656 25.8114 44.8272C24.9326 45.5185 24.2296 46.0574 22.7182 46.0574C21.2068 46.0574 20.5155 45.5068 19.6251 44.8272C18.6643 44.0656 17.563 43.2103 15.4423 43.2103C13.3216 43.2103 12.2203 44.0656 11.2595 44.8272C10.3808 45.5185 9.6778 46.0574 8.16637 46.0574C6.65495 46.0574 5.96368 45.5068 5.07323 44.8272C4.11248 44.0656 3.01113 43.2103 0.890451 43.2103C0.39836 43.2103 0 43.6087 0 44.1008C0 44.5929 0.39836 44.9912 0.890451 44.9912C2.40187 44.9912 3.09315 45.5419 3.9836 46.2215C4.94435 46.983 6.04569 47.8383 8.16637 47.8383C10.2871 47.8383 11.3884 46.983 12.3492 46.2215C13.2279 45.5302 13.9309 44.9912 15.4423 44.9912C16.9537 44.9912 17.645 45.5419 18.5354 46.2215C19.4962 46.983 20.5975 47.8383 22.7182 47.8383C24.8389 47.8383 25.9402 46.983 26.901 46.2215C27.7797 45.5302 28.4827 44.9912 29.9941 44.9912C31.5056 44.9912 32.1968 45.5419 33.0873 46.2215C34.048 46.983 35.1494 47.8383 37.2701 47.8383C39.3907 47.8383 40.4921 46.983 41.4528 46.2215C42.3316 45.5302 43.0346 44.9912 44.546 44.9912C45.0381 44.9912 45.4364 44.5929 45.4364 44.1008C45.4364 43.6087 45.0381 43.2103 44.546 43.2103Z\" fill=\"#4546A3\" fill-opacity=\"0.5\"/>\r\n</g>\r\n<defs>\r\n<clipPath id=\"clip0\">\r\n<rect width=\"60\" height=\"47.85\" fill=\"white\"/>\r\n</clipPath>\r\n</defs>\r\n</svg>'),
(12, 'windsurfing', 3, '<svg width=\"47\" height=\"50\" viewBox=\"0 0 47 50\" fill=\"none\" xmlns=\"http://www.w3.org/2000/svg\">\r\n<g clip-path=\"url(#clip0)\">\r\n<path d=\"M44.2165 39.8789H19.9785C23.8667 37.7101 30.0313 35.9711 34.6913 35.3166C34.9648 35.2775 35.1895 35.1017 35.297 34.8477C37.7296 29.1521 38.9605 23.095 38.9605 16.8523C38.9605 12.1142 38.2376 7.44438 36.821 2.96997C36.7429 2.72574 36.5573 2.54012 36.313 2.46196C33.685 1.63156 29.9433 0.742539 26.0356 0.00983107C25.7425 -0.0487856 25.4299 0.0782171 25.254 0.322453C16.9695 11.909 12.583 25.5862 12.5635 39.8692H2.40328C1.07464 39.8692 0 40.9536 0 42.2724C0 43.6011 1.08441 44.6757 2.40328 44.6757H32.6397C32.8253 46.0239 33.4896 47.2744 34.5741 48.2416C35.8343 49.3748 37.5049 50.0001 39.2732 50.0001C40.1817 50.0001 41.0512 49.834 41.8816 49.5214C42.4091 49.3162 42.7608 48.9254 42.8488 48.4467C42.9269 47.9778 42.7413 47.4991 42.331 47.1376C41.5494 46.4635 41.0512 45.6038 40.8753 44.6757H44.2165C45.5451 44.6757 46.6198 43.5913 46.6198 42.2724C46.6295 40.9536 45.5451 39.8789 44.2165 39.8789ZM34.027 33.8316C31.018 34.2908 27.7354 35.1017 24.746 36.1275C22.4111 36.9285 19.236 38.2181 17.1258 39.8789H16.6081C16.6081 35.8344 16.9793 31.8387 17.6925 27.9211H36.0102C35.4924 29.9336 34.8281 31.9071 34.027 33.8316ZM36.3814 26.358H18.0051C18.4154 24.3846 18.9136 22.4307 19.4998 20.5061H37.2607C37.0946 22.4893 36.8015 24.4334 36.3814 26.358ZM37.3974 16.8523C37.3974 17.5557 37.3779 18.2494 37.3486 18.9528H19.9883C20.6428 16.9696 21.3951 15.0157 22.245 13.1009H37.2411C37.3486 14.3416 37.3974 15.5921 37.3974 16.8523ZM35.4533 3.82968C36.2251 6.34043 36.7624 8.91956 37.075 11.5378H22.9582C24.5115 8.26501 26.3286 5.09971 28.4193 2.08095C31.0668 2.63781 33.5678 3.25329 35.4533 3.82968ZM26.2407 1.64133C26.4166 1.67064 26.5827 1.70971 26.7585 1.73902C19.109 13.013 15.0645 26.1724 15.0547 39.8789H14.1364C14.1462 26.0845 18.3372 12.8762 26.2407 1.64133ZM41.1 48.1536C40.5139 48.3588 39.8984 48.4565 39.2634 48.4565C37.8761 48.4565 36.5866 47.9778 35.6096 47.0985C34.8671 46.4342 34.3884 45.594 34.2126 44.6953H39.2732C39.4588 45.9946 40.084 47.206 41.1 48.1536ZM44.2165 43.1321H2.40328C1.93435 43.1321 1.55334 42.7511 1.55334 42.2822C1.55334 41.8133 1.93435 41.4323 2.40328 41.4323H44.2165C44.6854 41.4323 45.0664 41.8133 45.0664 42.2822C45.0664 42.7511 44.6854 43.1321 44.2165 43.1321Z\" fill=\"#4546A3\" fill-opacity=\"0.5\"/>\r\n</g>\r\n<defs>\r\n<clipPath id=\"clip0\">\r\n<rect width=\"46.6198\" height=\"50\" fill=\"white\"/>\r\n</clipPath>\r\n</defs>\r\n</svg>');
INSERT INTO `sports` (`id`, `sport`, `type_id`, `icon`) VALUES
(13, 'hiking', 1, '<svg width=\"50\" height=\"50\" viewBox=\"0 0 50 50\" fill=\"none\" xmlns=\"http://www.w3.org/2000/svg\">\r\n<g clip-path=\"url(#clip0)\">\r\n<path d=\"M49.9349 27.8023C49.7488 27.3353 49.2341 27.1189 48.7851 27.3125L45.4343 28.7818C45.3576 28.8159 45.281 28.8615 45.2043 28.9298L39.5867 33.8843L39.4881 33.6337C38.9406 32.2783 37.4842 31.595 36.1482 32.0619L35.535 32.2783L35.086 31.8L32.9397 28.087L35.4036 16.3786L36.6739 15.718C37.4513 15.308 37.9332 14.4537 37.8784 13.5426C37.8237 12.6314 37.2542 11.8455 36.422 11.538L36.9476 9.04372C37.0352 8.55397 36.7396 8.087 36.2687 7.9845C35.8088 7.88199 35.3489 8.17812 35.2284 8.65648L34.5823 11.7089L27.8259 15.2282L25.2853 12.9617L25.3291 12.7339C25.4715 11.8114 25.3072 10.8547 24.8583 10.0346C26.3585 9.9321 27.7273 9.08928 28.5486 7.77949C29.3699 6.46969 29.556 4.8296 29.0414 3.36035L32.1294 1.75443C32.5674 1.52664 32.7426 0.979941 32.5236 0.52436C32.3046 0.0687791 31.779 -0.113453 31.341 0.114337L28.1544 1.76582C26.5008 -0.295686 23.5442 -0.591813 21.5074 1.10523C19.4816 2.80226 19.1092 5.86605 20.6752 8.03005C20.4124 8.087 20.1605 8.16673 19.9196 8.26923L20.04 7.58586C20.1057 7.19862 20.0291 6.7886 19.7991 6.46969C19.5801 6.13939 19.2407 5.92299 18.8574 5.86605L14.8057 5.23962C13.6011 5.046 12.4842 5.88882 12.2761 7.14167L11.2577 13.1781L10.1408 12.9275C9.65895 12.825 9.15523 12.9162 8.73911 13.2009C8.32299 13.4856 8.03828 13.9298 7.93972 14.431L7.09654 18.8843C6.99798 19.3968 7.10749 19.9321 7.3922 20.3535C7.67691 20.7863 8.12588 21.0711 8.61866 21.1508L10.754 21.4925H10.765L15.7036 22.1872L15.6598 22.3353C15.2437 23.6109 15.5613 25.0118 16.4811 25.9572C16.514 25.9913 16.5468 26.0027 16.5687 26.0369L18.6274 32.1075L14.3567 38.8615L12.1557 41.5722C11.9805 41.7886 11.9148 42.0733 11.9695 42.3353C12.0243 42.6086 12.1885 42.8364 12.4294 42.9617L16.6673 45.2055L14.7728 46.39L2.68348 47.9617L0.76714 48.1895C0.285318 48.2465 -0.0541483 48.702 0.0115548 49.2032C0.0663074 49.7043 0.504328 50.0574 0.98615 49.9891L2.82584 49.7727L15.1671 48.1781C15.2875 48.1667 15.408 48.1212 15.5065 48.0528L27.2126 40.6952L33.3559 38.3376L39.4443 36.0027L40.0795 35.7635C40.178 35.7294 40.2656 35.6724 40.3423 35.6041L46.2337 30.4105L49.4641 28.9982C49.913 28.7932 50.1211 28.2692 49.9349 27.8023ZM35.5788 34.1804L36.7177 33.7818C37.1776 33.6223 37.6923 33.8615 37.8784 34.3285L37.9989 34.6246L33.6844 36.2761L33.553 36.3216L32.8412 34.5221L34.2757 33.5312L34.6809 33.9526C34.9218 34.2032 35.2612 34.2943 35.5788 34.1804ZM18.7369 25.1599C18.2332 25.1143 17.7842 24.8296 17.4995 24.3854C17.2258 23.9412 17.1601 23.3945 17.3134 22.9048L17.4995 22.3353H22.8762L28.5595 24.0209L31.0891 28.3945L30.6292 30.5699L28.1215 26.4127C27.9792 26.1736 27.7273 26.0141 27.4535 25.9799L18.7369 25.1599ZM22.263 20.513H17.9047L18.3099 17.9503L18.5946 17.9275C20.0619 17.7909 21.5074 17.3922 22.8543 16.7544L22.8981 16.7886L22.263 20.513ZM18.6055 16.0824L19.1202 12.825C19.2188 13.3034 19.4706 13.7248 19.821 14.0437L21.3651 15.4219C20.4781 15.7521 19.5473 15.9799 18.6055 16.0824ZM31.9104 36.9594L31.0015 37.3011L31.3629 35.5699L31.9104 36.9594ZM33.2135 32.0847L32.4251 32.6314L32.0308 32.9048L31.9651 32.7909L32.4032 30.6838L33.2135 32.0847ZM31.6366 25.8091L29.8845 22.7795C29.775 22.5859 29.5889 22.4378 29.3699 22.3695L23.9932 20.7749L24.4312 18.1781L26.0957 19.6701C26.7637 20.2738 27.7163 20.3877 28.5048 19.9777L33.3997 17.4264L31.6366 25.8091ZM35.5022 13.2692C35.6117 13.2123 35.7321 13.2009 35.8416 13.2465C35.9511 13.2806 36.0387 13.3717 36.0935 13.4742C36.203 13.702 36.1154 13.9754 35.8964 14.0893L27.7163 18.349C27.563 18.4287 27.3659 18.4059 27.2345 18.2806L23.5661 14.9891L20.9599 12.6542C20.8285 12.5289 20.7737 12.3467 20.8285 12.1645C20.8832 11.9936 21.0365 11.8683 21.2117 11.8569H21.2446C21.3541 11.8569 21.4527 11.8911 21.5293 11.9708L27.5849 17.3922L35.5022 13.2692ZM27.5959 5.02322C27.5959 6.38996 26.7637 7.60864 25.5153 8.04144C24.2669 8.47425 22.8981 8.04144 22.0987 6.94805L27.4645 4.15762C27.5521 4.44236 27.5959 4.73848 27.5959 5.02322ZM24.5297 1.83415C25.2634 1.83415 25.9752 2.11889 26.5227 2.62003L21.4746 5.23962C21.4746 5.17128 21.4527 5.10295 21.4527 5.02322C21.4636 3.26923 22.8434 1.83415 24.5297 1.83415ZM21.8359 9.78404C22.6572 9.92072 23.3252 10.5357 23.5552 11.3672L22.6791 10.5813C21.7812 9.77265 20.4343 9.86377 19.6458 10.7749C20.1167 10.0232 20.9818 9.63598 21.8359 9.78404ZM8.81576 19.2373L9.65895 14.784L8.79386 14.6132L9.76846 14.7157L10.9511 14.9777L10.1736 19.5676L8.89242 19.3626L8.81576 19.2373ZM13.9954 7.44919C14.0392 7.18723 14.2801 7.005 14.5429 7.03917L18.2551 7.60864L17.5762 11.333V11.3558L16.1417 20.4105L11.9038 19.8182L13.9954 7.44919ZM20.4233 31.9139L18.7588 26.9936L21.8907 27.2897L22.6025 32.1417L17.4995 39.8979L16.295 39.1234L20.3467 32.7225C20.4781 32.4834 20.5219 32.1872 20.4233 31.9139ZM18.4194 44.1007L14.2034 41.8683L15.2437 40.5927L17.2915 41.9025C17.3572 41.948 17.4338 41.9822 17.5105 42.005C17.5871 42.0278 17.6638 42.0392 17.7514 42.0392H17.8499C18.6493 42.0392 19.3392 42.5973 19.5473 43.3945L19.2735 43.5654L18.4194 44.1007ZM26.5337 39.0209C26.4789 39.0437 26.4351 39.0665 26.3804 39.1007L21.0694 42.4378C20.708 41.5722 20.04 40.8888 19.2078 40.513L24.2341 32.8706C24.3545 32.677 24.4093 32.4492 24.3764 32.2214L23.6756 27.4606L26.8622 27.7567L30.0817 33.1212L29.0414 38.0528L26.5337 39.0209Z\" fill=\"#4546A3\" fill-opacity=\"0.5\"/>\r\n</g>\r\n<defs>\r\n<clipPath id=\"clip0\">\r\n<rect width=\"50\" height=\"50\" fill=\"white\"/>\r\n</clipPath>\r\n</defs>\r\n</svg>'),
(14, 'badminton', 2, '<svg width=\"52\" height=\"51\" viewBox=\"0 0 52 51\" fill=\"none\" xmlns=\"http://www.w3.org/2000/svg\">\r\n<path d=\"M51.507 50.2111C51.1932 50.436 50.8048 50.4959 50.4313 50.376L19.7361 37.6661H12.3406C5.54283 37.6661 0 32.1206 0 25.286C0 18.4515 5.54283 12.9059 12.3406 12.9059H19.7211L50.4163 0.0611229C50.5359 0.0161587 50.6703 0.00117493 50.7898 0.00117493C51.0438 0.00117493 51.2829 0.0761136 51.492 0.225994C51.8058 0.450815 51.9851 0.810529 51.9851 1.20022V49.2369C52 49.6266 51.8207 49.9863 51.507 50.2111ZM11.1454 15.3789C6.21514 15.9784 2.39044 20.1901 2.39044 25.301C2.39044 30.4119 6.21514 34.6236 11.1454 35.2231V15.3789ZM18.7201 30.7417V15.304H13.5359V35.2681H18.7201V30.7417ZM49.6096 2.8489L21.1106 14.9592V18.6613L49.6096 11.9616V2.8489ZM49.6096 14.3897L21.1106 21.0894V24.2219H49.6096V14.3897ZM49.6096 26.6349H21.1106V29.7375L49.6096 36.1973V26.6349ZM49.6096 38.6254L21.1106 32.1655V35.5978L49.6096 47.5882V38.6254Z\" fill=\"#4546A3\" fill-opacity=\"0.5\"/>\r\n<path d=\"M9.248 19.9342C7.42529 21.0882 6.33465 23.0517 6.33465 25.21C6.33465 25.8694 5.7968 26.409 5.13943 26.409C4.48206 26.409 3.94421 25.8694 3.94421 25.21C3.94421 22.2273 5.45318 19.4995 7.96314 17.8958C8.15736 17.7759 8.38147 17.7159 8.60557 17.7159C9.00896 17.7159 9.3974 17.9108 9.62151 18.2705C9.96513 18.84 9.80079 19.5744 9.248 19.9342Z\" fill=\"#4546A3\" fill-opacity=\"0.5\"/>\r\n<path d=\"M5.58761 28.0277C5.78183 27.9078 5.991 27.8479 6.20016 27.8479C6.60355 27.8479 7.00693 28.0577 7.23104 28.4324C7.75395 29.3017 8.48602 30.0361 9.35255 30.5607C9.92028 30.9054 10.0996 31.6398 9.75594 32.2094C9.41231 32.7789 8.68024 32.9588 8.11251 32.614C6.91729 31.8946 5.90136 30.8754 5.18422 29.6764C4.8406 29.1068 5.01988 28.3724 5.58761 28.0277Z\" fill=\"#4546A3\" fill-opacity=\"0.5\"/>\r\n</svg>'),
(15, 'basketball', 2, '<svg width=\"50\" height=\"50\" viewBox=\"0 0 50 50\" fill=\"none\" xmlns=\"http://www.w3.org/2000/svg\">\r\n<g clip-path=\"url(#clip0)\">\r\n<path d=\"M25 0C11.2468 0 0 11.2468 0 25C0 26.6067 0.128535 28.1491 0.449871 29.6915L0.385604 29.8201C0.449871 29.8843 0.449871 29.8843 0.514139 29.9486C2.82776 41.3882 12.9177 50.0643 25.0643 50.0643C38.8817 50.0643 50.0643 38.8175 50.0643 25.0643C50.0643 11.3111 38.8175 0 25 0ZM46.3368 16.1954C46.2725 24.3573 39.0103 26.0925 35.9897 26.4139C38.4961 17.6735 37.7892 9.2545 37.2751 5.46272C41.2596 8.03342 44.473 11.7609 46.3368 16.1954ZM35.09 4.30591C35.5398 6.491 37.0823 16.2596 33.9974 26.3496C28.1491 24.8072 27.3136 20.5013 26.2211 14.7172C25.4499 10.7969 24.6144 6.36247 21.9152 2.18509C22.9434 2.05656 23.9717 1.99229 25.0643 1.99229C28.599 1.99229 32.0051 2.82776 35.09 4.30591ZM19.7943 2.57069C22.6864 6.61954 23.5218 11.1183 24.2931 15.0386C25.3856 20.8226 26.4139 26.2853 33.419 28.1491C32.9049 29.563 32.3265 30.9769 31.5553 32.3907C17.0951 25.4499 8.22622 14.2031 6.2982 11.5681C9.51157 7.13368 14.2674 3.85604 19.7943 2.57069ZM5.14139 13.3676C7.84062 16.9023 16.6452 27.4422 30.527 34.1902C30.0129 35.09 29.3702 35.9897 28.7275 36.8252C24.9357 34.9614 21.3368 34.6401 17.9306 34.383C13.1748 33.9974 8.22622 33.5476 2.24936 28.856C2.05656 27.635 1.92802 26.3496 1.92802 25C1.99229 20.7584 3.1491 16.7738 5.14139 13.3676ZM2.9563 31.8123C8.48329 35.5398 13.1748 35.9254 17.7378 36.3111C21.0154 36.5681 24.1645 36.8252 27.4422 38.3676C24.8072 41.5167 21.2725 44.2802 16.7738 46.5296C10.2185 44.0231 5.07712 38.5604 2.9563 31.8123ZM19.473 47.365C23.5861 45.0514 26.7995 42.2879 29.3059 39.2673C30.3342 39.8458 32.455 41.1954 32.9691 43.1877C33.2905 44.3445 32.9692 45.6298 32.1337 46.9152C29.8843 47.6221 27.5064 48.072 25 48.072C23.1362 48.072 21.2725 47.8149 19.473 47.365ZM34.7686 45.8869C35.09 44.7943 35.1542 43.7018 34.8329 42.6735C34.126 40.1671 31.8766 38.5604 30.527 37.7249C31.1697 36.8252 31.8123 35.9254 32.3265 34.9614C35.7969 36.5039 39.5244 37.7892 43.509 38.6889C41.2596 41.7738 38.2391 44.2159 34.7686 45.8869ZM44.7301 36.9537C40.617 36.1183 36.8252 34.7686 33.3548 33.2262C34.1902 31.6195 34.8329 30.0129 35.4113 28.4704C37.1465 28.3419 41.9666 27.6992 45.2442 24.3573C46.3368 23.2648 47.1722 21.9152 47.6864 20.437C48.0077 21.9152 48.1362 23.4576 48.1362 25C48.072 29.3702 46.8509 33.4833 44.7301 36.9537Z\" fill=\"#4546A3\" fill-opacity=\"0.5\"/>\r\n</g>\r\n<defs>\r\n<clipPath id=\"clip0\">\r\n<rect width=\"50\" height=\"50\" fill=\"white\"/>\r\n</clipPath>\r\n</defs>\r\n</svg>'),
(16, 'kickbox', 4, '<svg width=\"50\" height=\"50\" viewBox=\"0 0 50 50\" fill=\"none\" xmlns=\"http://www.w3.org/2000/svg\">\r\n<path d=\"M47.5653 25.8741L43.8431 22.1737C43.9119 21.9394 43.9413 21.6953 43.9413 21.4414V15.7688C43.9413 15.2318 43.4994 14.7924 42.9592 14.7924H36.3889L29.465 0.557095C29.3176 0.264187 29.0426 0.0591511 28.7185 0.0103331C28.3944 -0.0384849 28.0703 0.0884419 27.8445 0.332532L20.842 8.24105L14.3207 5.87826C14.0752 5.79039 13.81 5.80015 13.5743 5.90755C13.3386 6.01495 13.152 6.21999 13.0636 6.45431L11.1092 11.7852C10.9717 12.1563 10.9226 12.537 10.9521 12.9178L9.78336 13.5134C7.18076 14.8413 5.19689 17.0674 4.19513 19.8012L0.482732 29.9553C-0.244033 31.9373 -0.145821 34.0853 0.747904 35.9892C1.64163 37.8931 3.23266 39.3479 5.22635 40.0704L15.8528 43.9173C16.4126 44.1223 16.9823 44.2199 17.5519 44.2199C19.4081 44.2199 21.1464 43.1752 21.9812 41.408L23.8571 37.4245V42.111C23.8571 46.4656 27.4222 50 31.7926 50H39.7379C44.1181 50 47.6734 46.4558 47.6734 42.111V38.1079C49.0778 36.9265 49.9715 35.1691 49.9715 33.2066V31.6932C49.9912 29.4867 49.1269 27.4265 47.5653 25.8741ZM35.7701 16.7354C35.78 16.7354 35.78 16.7354 35.7701 16.7354H41.9771V18.5026H36.4969C35.9567 18.5026 35.5148 18.942 35.5148 19.479C35.5148 20.016 35.9567 20.4553 36.4969 20.4553H41.9771V21.4414C41.9771 21.871 41.6235 22.2225 41.1914 22.2225H30.3489C29.9167 22.2225 29.5632 21.871 29.5632 21.4414V16.7452L35.7701 16.7354ZM28.3453 2.73438L34.2086 14.7827H28.581C28.0409 14.7827 27.5989 15.222 27.5989 15.759V21.1778L26.1258 18.0242C26.2731 17.8289 26.3909 17.6044 26.4695 17.37L28.4239 12.0391C28.6105 11.5314 28.3453 10.9749 27.8346 10.7894L22.8259 8.97332L28.3453 2.73438ZM12.9556 12.4687L13.427 11.1897L19.4081 13.3572C19.5161 13.3962 19.634 13.4158 19.742 13.4158C20.1447 13.4158 20.5179 13.1717 20.6652 12.7714C20.8518 12.2637 20.5866 11.7071 20.0759 11.5216L14.0948 9.3541L14.5663 8.05555L26.2338 12.2734L24.6133 16.6866C24.5446 16.8818 24.3972 17.0381 24.2106 17.1259C24.024 17.2138 23.808 17.2236 23.6115 17.1552L13.4172 13.4646C13.2208 13.3962 13.0636 13.2498 12.9752 13.0643C12.8967 12.8788 12.8868 12.664 12.9556 12.4687ZM23.8669 32.8161L20.2134 40.5684C19.5652 41.9548 17.984 42.5992 16.5403 42.0817L5.90401 38.2349C4.40137 37.6881 3.20319 36.6043 2.53535 35.1691C1.86751 33.7338 1.78895 32.1228 2.33893 30.629L6.05133 20.4944C6.8763 18.2292 8.52626 16.3741 10.6869 15.2709L11.7967 14.7046C12.0717 14.9682 12.3958 15.1732 12.769 15.3099L22.9634 19.0005C23.2678 19.1079 23.5919 19.1665 23.9062 19.1665C24.1026 19.1665 24.2892 19.147 24.4758 19.1079L26.0963 22.5643C26.3025 23.0036 26.4695 23.4625 26.607 23.9214C24.8294 25.9815 23.8669 28.5982 23.8669 31.3222V32.8161ZM48.0269 33.1968C48.0269 35.6573 46.0136 37.6588 43.5387 37.6588H41.9378C40.5727 37.6588 39.4629 36.5555 39.4629 35.1984C39.4629 33.8412 40.5727 32.7379 41.9378 32.7379H43.7056C44.2458 32.7379 44.6877 32.2986 44.6877 31.7616C44.6877 31.2246 44.2458 30.7852 43.7056 30.7852H41.9378C39.4924 30.7852 37.4987 32.7672 37.4987 35.1984C37.4987 37.6295 39.4924 39.6115 41.9378 39.6115H43.5387C44.3047 39.6115 45.0413 39.4748 45.719 39.2307V42.111C45.719 45.3818 43.0378 48.0473 39.7477 48.0473H31.8024C28.5123 48.0473 25.8311 45.3818 25.8311 42.111V31.3222C25.8311 28.9106 26.7445 26.6064 28.3944 24.8392L29.2391 23.9312C29.5828 24.0874 29.956 24.1655 30.3587 24.1655H41.2012C41.7414 24.1655 42.2325 24.0093 42.6646 23.7457L46.1806 27.241C47.3689 28.4224 48.0269 30.0041 48.0269 31.6737V33.1968Z\" fill=\"#4546A3\" fill-opacity=\"0.5\"/>\r\n<path d=\"M33.1685 18.7861C32.9818 18.6005 32.7362 18.5028 32.4708 18.5028C32.2055 18.5028 31.9598 18.6103 31.7731 18.7861C31.5864 18.9717 31.4882 19.216 31.4882 19.4797C31.4882 19.7337 31.5963 19.9877 31.7731 20.1733C31.9598 20.3589 32.2055 20.4566 32.4708 20.4566C32.7362 20.4566 32.9818 20.3492 33.1685 20.1733C33.3552 19.9877 33.4535 19.7435 33.4535 19.4797C33.4535 19.2257 33.3552 18.9717 33.1685 18.7861Z\" fill=\"#4546A3\" fill-opacity=\"0.5\"/>\r\n<path d=\"M12.259 36.3799L12.2295 36.3702C11.7185 36.1846 11.1584 36.4483 10.9717 36.9563C10.785 37.4643 11.0503 38.0212 11.5613 38.2068L11.5907 38.2165C11.6988 38.2556 11.8168 38.2752 11.9249 38.2752C12.3277 38.2752 12.7012 38.0309 12.8486 37.6304C13.0353 37.1224 12.7699 36.5656 12.259 36.3799Z\" fill=\"#4546A3\" fill-opacity=\"0.5\"/>\r\n<path d=\"M8.75217 35.1109L7.23971 34.5641C6.72901 34.3786 6.31652 34.0076 6.09063 33.5096C5.86475 33.0215 5.83528 32.4649 6.02189 31.9572C6.20849 31.4495 5.94332 30.893 5.43262 30.7075C4.92192 30.522 4.36211 30.7856 4.17551 31.2933C3.81213 32.2892 3.86123 33.373 4.313 34.3395C4.76478 35.3061 5.57011 36.0384 6.57187 36.3997L8.08433 36.9464C8.19236 36.9855 8.31021 37.005 8.41825 37.005C8.82091 37.005 9.19412 36.7609 9.34143 36.3606C9.52804 35.8627 9.26287 35.2964 8.75217 35.1109Z\" fill=\"#4546A3\" fill-opacity=\"0.5\"/>\r\n</svg>'),
(17, 'waterpolo', 2, '<svg width=\"60\" height=\"48\" viewBox=\"0 0 60 48\" fill=\"none\" xmlns=\"http://www.w3.org/2000/svg\">\r\n<g clip-path=\"url(#clip0)\">\r\n<path d=\"M59.0978 43.2103C56.9772 43.2103 55.8758 44.0656 54.9151 44.8272C54.0363 45.5185 53.3333 46.0574 51.8219 46.0574C50.3105 46.0574 49.6192 45.5068 48.7288 44.8272C48.6585 44.7686 48.5765 44.71 48.5062 44.6515C48.1195 44.3468 47.5571 44.4171 47.2525 44.8155C46.9479 45.2021 47.0182 45.7645 47.4165 46.0691C47.4868 46.1277 47.5571 46.1746 47.6274 46.2332C48.5882 46.9947 49.6895 47.85 51.8102 47.85C53.9309 47.85 55.0322 46.9947 55.993 46.2332C56.8717 45.5419 57.5747 45.0029 59.0861 45.0029C59.5782 45.0029 59.9766 44.6046 59.9766 44.1125C59.9883 43.6087 59.5899 43.2103 59.0978 43.2103Z\" fill=\"#4546A3\" fill-opacity=\"0.5\"/>\r\n<path d=\"M59.0979 36.0047C56.9772 36.0047 55.8758 36.86 54.9151 37.6216C54.0364 38.3128 53.3334 38.8518 51.8219 38.8518C51.2361 38.8518 50.7675 38.7698 50.3691 38.6292C53.1928 34.5167 54.6808 29.7247 54.6808 24.6866C54.6808 17.4224 51.5056 10.5565 45.9754 5.85823C41.5232 2.08553 35.8524 0 29.9942 0C18.0434 0 7.8266 8.51787 5.70592 20.2578C5.70592 20.2695 5.70592 20.2695 5.70592 20.2812C5.44816 21.7223 5.31928 23.2103 5.31928 24.6866C5.31928 26.5378 5.51846 28.3773 5.92854 30.1582C6.61981 33.2162 7.86175 36.0633 9.63094 38.6292C9.23258 38.7698 8.76392 38.8518 8.1781 38.8518C6.66667 38.8518 5.9754 38.3011 5.08495 37.6216C4.1242 36.86 3.02285 36.0047 0.90217 36.0047C0.410079 36.0047 0.0117188 36.403 0.0117188 36.8951C0.0117188 37.3872 0.410079 37.7856 0.90217 37.7856C2.41359 37.7856 3.10487 38.3363 3.99532 39.0158C4.95607 39.7774 6.05742 40.6327 8.1781 40.6327C10.2988 40.6327 11.4001 39.7774 12.3609 39.0158C13.2396 38.3245 13.9426 37.7856 15.454 37.7856C16.9654 37.7856 17.6567 38.3363 18.5472 39.0158C19.5079 39.7774 20.6093 40.6327 22.7299 40.6327C24.8506 40.6327 25.952 39.7774 26.9127 39.0158C27.7915 38.3245 28.4945 37.7856 30.0059 37.7856C31.5173 37.7856 32.2086 38.3363 33.099 39.0158C34.0598 39.7774 35.1611 40.6327 37.2818 40.6327C39.4025 40.6327 40.5038 39.7774 41.4646 39.0158C42.3433 38.3245 43.0463 37.7856 44.5577 37.7856C46.0692 37.7856 46.7604 38.3363 47.6509 39.0158C48.6116 39.7774 49.713 40.6327 51.8337 40.6327C53.9543 40.6327 55.0557 39.7774 56.0164 39.0158C56.8952 38.3245 57.5982 37.7856 59.1096 37.7856C59.6017 37.7856 60 37.3872 60 36.8951C60 36.403 59.59 36.0047 59.0979 36.0047ZM29.9942 1.7809C31.2127 1.7809 32.4312 1.87463 33.6145 2.07381C26.1863 4.628 19.3439 8.78735 13.6614 14.2355L10.6034 12.4663C14.6925 5.9754 21.9215 1.7809 29.9942 1.7809ZM11.2595 37.6216C11.2244 37.645 11.1892 37.6801 11.1541 37.7036C10.0996 36.1804 9.2443 34.5518 8.58817 32.8295C10.0527 34.1066 11.5759 35.3017 13.1693 36.4148C12.3843 36.7428 11.7985 37.1998 11.2595 37.6216ZM29.1037 32.6772C26.7604 31.693 24.4406 30.6034 22.191 29.4435C21.7575 29.2209 21.2185 29.3849 20.9959 29.8301C20.7733 30.2636 20.9373 30.8026 21.3826 31.0252C23.9016 32.3257 26.5027 33.5325 29.1154 34.6104V36.075C27.5571 36.2742 26.6432 36.9889 25.8231 37.6333C24.9444 38.3245 24.2414 38.8635 22.7299 38.8635C21.2185 38.8635 20.5273 38.3128 19.6368 37.6333C18.7229 36.9186 17.6802 36.0984 15.7469 36.0281C12.8295 34.1418 10.0879 31.9508 7.60399 29.5255C7.26421 27.9555 7.08847 26.3269 7.08847 24.6983C7.08847 23.8196 7.13533 22.9408 7.24078 22.0621C10.7089 24.71 14.3878 27.147 18.184 29.2912C18.3246 29.3732 18.4769 29.4083 18.6175 29.4083C18.9221 29.4083 19.2267 29.2443 19.3908 28.9514C19.6368 28.5179 19.4845 27.9789 19.051 27.7329C15.0439 25.4599 11.1775 22.8822 7.54541 20.0469C7.99063 17.9028 8.71705 15.8758 9.70124 14.0012L29.092 25.1904L29.1037 32.6772ZM23.5267 19.9297C28.2836 16.3093 33.4037 13.1342 38.7464 10.4862C39.1916 10.2636 39.3673 9.73638 39.1447 9.29115C38.9221 8.84593 38.3949 8.67018 37.9496 8.89279C32.2789 11.7047 26.8541 15.1025 21.8512 18.9689L15.2666 15.1611C21.406 9.3966 28.9045 5.16696 37.0123 2.88225C39.3908 3.64382 41.6403 4.79203 43.6556 6.29174C42.9994 6.56122 42.3433 6.84241 41.6989 7.13533C41.2537 7.3345 41.0428 7.86175 41.242 8.30697C41.3943 8.63503 41.7106 8.83421 42.0621 8.83421C42.1793 8.83421 42.3082 8.81078 42.4253 8.7522C43.3509 8.34212 44.2883 7.94376 45.2256 7.56883C46.8542 9.00996 48.2484 10.662 49.3732 12.4663L29.9942 23.6673L23.5267 19.9297ZM37.9965 38.8049C37.7739 38.8401 37.5396 38.8518 37.2701 38.8518C35.7587 38.8518 35.0674 38.3011 34.1769 37.6216C33.3568 36.9772 32.4429 36.2624 30.8846 36.0633V25.2021L37.3404 21.4763C38.0902 27.2056 38.3011 33.0287 37.9965 38.8049ZM46.4675 36.2976C45.9286 36.1218 45.2959 36.0047 44.5343 36.0047C42.4136 36.0047 41.3123 36.86 40.3515 37.6216C40.1641 37.7622 39.9883 37.9028 39.8126 38.0316C40.082 32.1851 39.8126 26.3035 39.0158 20.5038L45.6005 16.7077C47.1236 23.1634 47.4165 29.7364 46.4675 36.2976ZM48.7288 37.6216C48.5413 37.4692 48.3421 37.3169 48.143 37.1763C49.256 30.0176 48.9397 22.8237 47.2056 15.7821L50.2636 14.0129C51.9743 17.2583 52.8999 20.9139 52.8999 24.6866C52.8999 29.3966 51.5056 33.8723 48.846 37.7036C48.8108 37.6801 48.7757 37.6567 48.7288 37.6216Z\" fill=\"#4546A3\" fill-opacity=\"0.5\"/>\r\n<path d=\"M44.546 43.2103C42.4253 43.2103 41.324 44.0656 40.3632 44.8272C39.4845 45.5185 38.7815 46.0574 37.2701 46.0574C35.7586 46.0574 35.0674 45.5068 34.1769 44.8272C33.2162 44.0656 32.1148 43.2103 29.9941 43.2103C27.8735 43.2103 26.7721 44.0656 25.8114 44.8272C24.9326 45.5185 24.2296 46.0574 22.7182 46.0574C21.2068 46.0574 20.5155 45.5068 19.6251 44.8272C18.6643 44.0656 17.563 43.2103 15.4423 43.2103C13.3216 43.2103 12.2203 44.0656 11.2595 44.8272C10.3808 45.5185 9.6778 46.0574 8.16637 46.0574C6.65495 46.0574 5.96368 45.5068 5.07323 44.8272C4.11248 44.0656 3.01113 43.2103 0.890451 43.2103C0.39836 43.2103 0 43.6087 0 44.1008C0 44.5929 0.39836 44.9912 0.890451 44.9912C2.40187 44.9912 3.09315 45.5419 3.9836 46.2215C4.94435 46.983 6.04569 47.8383 8.16637 47.8383C10.2871 47.8383 11.3884 46.983 12.3492 46.2215C13.2279 45.5302 13.9309 44.9912 15.4423 44.9912C16.9537 44.9912 17.645 45.5419 18.5354 46.2215C19.4962 46.983 20.5975 47.8383 22.7182 47.8383C24.8389 47.8383 25.9402 46.983 26.901 46.2215C27.7797 45.5302 28.4827 44.9912 29.9941 44.9912C31.5056 44.9912 32.1968 45.5419 33.0873 46.2215C34.048 46.983 35.1494 47.8383 37.2701 47.8383C39.3907 47.8383 40.4921 46.983 41.4528 46.2215C42.3316 45.5302 43.0346 44.9912 44.546 44.9912C45.0381 44.9912 45.4364 44.5929 45.4364 44.1008C45.4364 43.6087 45.0381 43.2103 44.546 43.2103Z\" fill=\"#4546A3\" fill-opacity=\"0.5\"/>\r\n</g>\r\n<defs>\r\n<clipPath id=\"clip0\">\r\n<rect width=\"60\" height=\"47.85\" fill=\"white\"/>\r\n</clipPath>\r\n</defs>\r\n</svg>'),
(18, 'ice skating', 4, '<svg width=\"56\" height=\"50\" viewBox=\"0 0 56 50\" fill=\"none\" xmlns=\"http://www.w3.org/2000/svg\">\r\n<g clip-path=\"url(#clip0)\">\r\n<path d=\"M54.38 44.5392L47.8157 43.8452V41.7633C49.0216 41.5017 49.8066 41.2514 49.8976 41.2173C50.273 41.0921 50.5347 40.7622 50.5688 40.3754L51.2514 31.6951C51.2628 31.6723 51.2742 31.6496 51.2855 31.6268C54.2321 24.2548 50.4209 18.2707 49.4425 16.9055V8.98746C49.4425 6.74627 47.7816 4.8919 46.223 3.90213C44.4369 2.76448 42.5711 1.70646 40.6712 0.762203C37.8157 -0.671244 35.6769 0.181998 34.3913 1.14901C33.7998 1.59269 33.3333 2.10464 33.0034 2.52557C30.4778 0.750826 27.6564 1.43342 27.5199 1.46755C27.099 1.56994 26.8032 1.94537 26.7804 2.37767C26.1888 22.7531 10.4551 27.9067 3.70876 29.1695C1.42207 29.6018 0 31.0352 0 32.9124V35.8248V35.8361V35.8475V39.4084C0 39.7724 0.204778 40.091 0.500569 40.2616C-0.967008 42.9806 1.28555 47.3037 1.38794 47.5199C1.50171 47.7474 1.70648 47.9067 1.94539 47.9863C6.65529 49.5335 15.5518 50.0113 24.6985 50C38.7258 50 53.3561 48.8851 54.3458 48.8054C54.8464 48.7713 55.2446 48.3504 55.2446 47.8384V45.5062C55.2446 45.0057 54.8692 44.5847 54.38 44.5392ZM40.364 40.3526V35.8475C40.364 35.3128 39.9317 34.8805 39.397 34.8805C39.1012 34.8805 32.0705 34.9374 25.6655 40.2616C23.8339 40.4778 12.9238 41.6041 1.94539 38.6689V37.372C4.35722 38.1797 9.05574 38.8168 15.9613 39.2605C16.0637 39.2719 16.9625 39.3515 18.2821 39.3515C21.058 39.3515 25.7452 38.9761 29.0785 36.7577C32.7986 34.2776 45.2901 32.7759 49.2491 32.3549L48.6803 39.5449C47.2696 39.9317 43.686 40.7622 40.364 40.3526ZM21.9226 42.5142C24.4369 42.389 26.0182 42.1729 26.2002 42.1388C26.3823 42.116 26.5529 42.0364 26.6894 41.9226C31.2628 38.0204 36.3481 37.0989 38.4187 36.8828V41.1831C38.4187 41.6496 38.7486 42.0478 39.2036 42.1388C40.1593 42.3208 41.1377 42.4004 42.0933 42.4004L41.661 43.7429H21.8544L21.9226 42.5142ZM15.6542 42.5711L15.529 43.2082C12.6735 44.1183 10.3413 44.1752 8.74858 43.3674C7.79295 42.8782 7.30375 42.1843 7.07622 41.752C10.1365 42.2412 13.0489 42.4801 15.6542 42.5711ZM1.93402 32.9124C1.93402 31.5813 3.57224 31.1718 4.07281 31.0807C5.27873 30.8532 6.76906 30.5119 8.3959 29.9886L8.97611 30.9897C9.15813 31.2969 9.47668 31.4675 9.81797 31.4675C9.98862 31.4675 10.1479 31.422 10.3072 31.331C10.7736 31.058 10.9215 30.4664 10.6598 30.0113L10.273 29.3401C11.3311 28.9419 12.4232 28.4641 13.5267 27.8953C13.5495 27.9067 13.5722 27.9067 13.595 27.9181C13.6405 27.9294 14.6416 28.2366 15.1991 29.3743C15.3697 29.7156 15.711 29.909 16.0637 29.909C16.2116 29.909 16.3595 29.8748 16.496 29.8066C16.9738 29.5677 17.1672 28.9875 16.9283 28.5096C16.5301 27.7247 16.0068 27.1786 15.5063 26.8032C16.3709 26.2798 17.2241 25.6996 18.066 25.0625L20.1593 26.6098C20.3299 26.7349 20.5347 26.8032 20.7281 26.8032C21.0239 26.8032 21.3197 26.6666 21.5131 26.405C21.8316 25.9727 21.7406 25.3697 21.3083 25.0512L19.6018 23.7997C20.7622 22.7645 21.8771 21.6041 22.901 20.273C23.2423 20.3071 24.3231 20.6371 25.2901 23.0716C25.438 23.4471 25.802 23.686 26.1888 23.686C26.314 23.686 26.4278 23.6632 26.5529 23.6177C27.0535 23.4243 27.2924 22.8555 27.0876 22.3549C26.1661 20.0455 25.0057 19.0557 24.0614 18.6348C24.6644 17.7133 25.2218 16.7349 25.7338 15.6769C26.6553 15.8361 28.9761 16.4277 30 18.4755C30.1706 18.8168 30.5119 19.0102 30.8646 19.0102C31.0125 19.0102 31.1604 18.9761 31.2969 18.9078C31.7747 18.6689 31.9681 18.0887 31.7292 17.6109C30.4664 15.0853 27.9522 14.1752 26.5188 13.868C26.8942 12.901 27.2355 11.8885 27.5199 10.8191C28.1342 10.876 29.6928 11.2286 31.7292 13.2764C31.9226 13.4698 32.1615 13.5608 32.4118 13.5608C32.6621 13.5608 32.9124 13.4698 33.0944 13.2764C33.4698 12.901 33.4698 12.2867 33.0944 11.8999C30.8987 9.70418 29.0557 9.07847 27.9636 8.9192C28.0887 8.33899 28.1911 7.74741 28.2821 7.13308C29.2719 7.0762 31.8658 7.17858 34.0614 9.37426C34.2548 9.56766 34.4937 9.65868 34.744 9.65868C34.9943 9.65868 35.2446 9.56766 35.4266 9.37426C35.802 8.99883 35.802 8.3845 35.4266 8.00907C32.9238 5.51761 30 5.17631 28.521 5.19906C28.5779 4.58473 28.6234 3.94764 28.6576 3.29918C29.5677 3.24229 31.1832 3.37881 32.4915 4.69849C32.7076 4.91465 33.0262 5.01704 33.3333 4.97153C33.6405 4.92603 33.9022 4.72125 34.0501 4.44821C34.0501 4.43683 34.562 3.45845 35.5176 2.74172C36.7691 1.79747 38.157 1.74059 39.7725 2.53695C41.6041 3.45845 43.413 4.48234 45.1422 5.57449C46.2116 6.25708 47.463 7.56539 47.463 9.02159V17.2582C47.463 17.4744 47.5427 17.6905 47.6792 17.8612C47.7247 17.9181 52.0933 23.4471 49.6587 30.3868C46.496 30.7053 32.3436 32.2525 27.975 35.1649C23.6405 38.0546 16.2002 37.3492 16.0978 37.3492C10.2389 36.951 3.41297 36.1206 1.93402 35.3811V32.9124ZM53.3106 46.9397C47.4061 47.3606 13.959 49.5677 2.94653 46.2571C2.30944 44.8919 1.31968 41.9909 2.50284 40.8077C3.35609 41.0125 4.19795 41.2059 5.03982 41.3652C5.00569 41.5244 5.00569 41.6837 5.05119 41.843C5.07395 41.9226 5.6314 43.8794 7.82708 45.0398C8.87372 45.5859 10.091 45.8703 11.479 45.8589C13.0262 45.8589 14.7668 45.5176 16.7122 44.835C17.0421 44.7212 17.281 44.4368 17.3493 44.1069L17.6337 42.5938C17.8271 42.5938 18.0319 42.5938 18.2253 42.5938C18.8396 42.5938 19.4312 42.5825 20 42.5711L19.8862 44.653C19.8749 44.9146 19.9659 45.1763 20.1479 45.3697C20.3299 45.5631 20.5802 45.6769 20.8532 45.6769H42.4005C42.8214 45.6769 43.1968 45.4038 43.322 45.0057L44.1752 42.3208C44.7782 42.2753 45.347 42.1956 45.8931 42.116V44.7099C45.8931 45.2104 46.2685 45.62 46.7577 45.6769L53.322 46.3708V46.9397H53.3106Z\" fill=\"#4546A3\" fill-opacity=\"0.6\"/>\r\n</g>\r\n<defs>\r\n<clipPath id=\"clip0\">\r\n<rect width=\"55.2446\" height=\"50\" fill=\"white\"/>\r\n</clipPath>\r\n</defs>\r\n</svg>'),
(19, 'gymnastics', 4, '<svg width=\"50\" height=\"50\" viewBox=\"0 0 50 50\" fill=\"none\" xmlns=\"http://www.w3.org/2000/svg\">\r\n<g clip-path=\"url(#clip0)\">\r\n<path d=\"M49.625 6.81248C49.3959 6.65623 49.1042 6.62498 48.8438 6.72915L44.8334 8.33332H41.6667C41.3125 8.33332 40.9896 8.56248 40.875 8.90623L40.1563 11.0521L38.1459 11.9479L25.8959 17.3958C24.2292 16.4271 22.2292 16.2083 20.3854 16.7708L19.9896 16.7396V15.5208L22.8646 14.0937C22.9479 14.0521 23.0209 14 23.0834 13.9375L31.8959 5.12498L32.0625 4.95832L36.8021 4.16665C37.0313 4.12498 37.2292 3.99998 37.3542 3.81248L39.0209 1.31248C39.1875 1.05207 39.2084 0.729149 39.0625 0.458316C38.9167 0.187483 38.6354 0.0208159 38.3229 0.0208159H31.6979C30.9271 0.0208159 30.1771 0.312483 29.6042 0.833316L28.8959 1.48957L19.6771 9.99998H19.6354C19.8021 9.78123 19.9375 9.53123 20.0521 9.28123L20.6979 7.77082L21.0313 6.98957C21.3021 6.35415 21.3854 5.65623 21.2813 4.96873C22.2813 5.1354 23.2917 4.67707 23.8229 3.81248C24.3542 2.9479 24.3125 1.84373 23.7084 1.02082C23.1042 0.197899 22.0625 -0.166684 21.0834 0.0833159C20.0938 0.333316 19.3646 1.15623 19.2292 2.16665C19.1667 2.1354 19.125 2.10415 19.0625 2.0729C18.8542 1.98957 18.6459 1.91665 18.4271 1.87498C18.375 1.86457 18.3334 1.85415 18.2813 1.84373C18.0834 1.81248 17.8959 1.79165 17.6979 1.78123C17.625 1.78123 17.5521 1.78123 17.4792 1.78123C17.3229 1.78123 17.1667 1.80207 17.0104 1.8229C16.9167 1.83332 16.8229 1.85415 16.7396 1.87498C16.6042 1.90623 16.4688 1.9479 16.3334 1.99998C16.25 2.03123 16.1771 2.05207 16.1042 2.09373C15.9479 2.15623 15.8021 2.23957 15.6563 2.3229L15.6459 2.33332C14.9792 2.73957 14.4584 3.34373 14.1563 4.05207L13.1459 6.35415C13.125 6.39582 13.125 6.43748 13.1042 6.48957L9.69794 1.37498C9.12503 0.520816 8.16669 -1.74419e-05 7.13544 0.0103992H0.833361C0.562528 0.0103992 0.312528 0.135399 0.156278 0.354149C2.78627e-05 0.572899 -0.0416388 0.854149 0.0416945 1.10415L0.875028 3.60415C0.968778 3.89582 1.21878 4.11457 1.53128 4.16665L6.13544 4.93748L10.7604 13.4062L10.625 13.75C9.72919 16.0208 10.6354 18.5937 12.75 19.8125L15.0313 23.6041L15.9896 38.3958L16.6875 49.2291C16.7188 49.6666 17.0729 50.0104 17.5209 50.0104H20.0209C20.4167 50.0104 20.7604 49.7291 20.8334 49.3437L21.6354 45.3437L23.2084 42.9791C23.3959 42.6979 23.3959 42.3333 23.2084 42.0521L21.6979 39.7812L21.7813 38.3958L22.4896 26.3541L40.9479 16.1666L46.2188 13.2604L49.5521 11.5937C49.8334 11.4479 50.0104 11.1666 50.0104 10.8437V7.49998C49.9896 7.22915 49.8542 6.96873 49.625 6.81248ZM30.75 2.05207C31.0104 1.81248 31.3542 1.67707 31.7084 1.67707H36.7709L36.1667 2.58332L31.5209 3.35415C31.5 3.35415 31.4896 3.36457 31.4688 3.36457L30.5938 2.1979L30.75 2.05207ZM17.3646 3.46873C17.4792 3.45832 17.5938 3.4479 17.7188 3.4479C17.7604 3.4479 17.8125 3.45832 17.8542 3.45832C18.0313 3.47915 18.2084 3.52082 18.375 3.59373H18.3854C18.8959 3.81248 19.2917 4.21873 19.5 4.72915C19.5521 4.85415 19.5834 4.96873 19.6146 5.10415C19.625 5.14582 19.625 5.18748 19.6354 5.22915C19.6459 5.31248 19.6563 5.39582 19.6563 5.47915C19.6563 5.53123 19.6563 5.5729 19.6459 5.62498C19.6459 5.70832 19.6354 5.78123 19.625 5.85415C19.6146 5.90623 19.6042 5.95832 19.5938 5.99998C19.5834 6.03123 19.5729 6.0729 19.5625 6.10415L19.2917 5.89582C18.4375 5.24998 17.7188 4.41665 17.2084 3.46873C17.25 3.47915 17.3021 3.47915 17.3646 3.46873ZM21.6667 1.67707C22.125 1.67707 22.5 2.05207 22.5 2.5104C22.5 2.96873 22.125 3.34373 21.6667 3.34373C21.2084 3.34373 20.8334 2.96873 20.8334 2.5104C20.8334 2.05207 21.2084 1.67707 21.6667 1.67707ZM14.6771 6.99998L15.6563 4.6979C15.7084 4.60415 15.7604 4.5104 15.8229 4.42707C16.4375 5.52082 17.2709 6.48957 18.2813 7.24998L18.9063 7.71873L18.5209 8.6354C18.0729 9.68748 16.8438 10.1875 15.7917 9.73957C14.7188 9.29165 14.2292 8.0729 14.6771 6.99998ZM1.98961 1.67707H7.13544C7.37503 1.67707 7.60419 1.73957 7.81253 1.85415L6.38544 3.28123L2.30211 2.60415L1.98961 1.67707ZM20.1354 44.5416C20.0729 44.6354 20.0313 44.7291 20.0104 44.8437L19.3125 48.3437H18.2813L17.6875 39.1771H20.0417L19.9896 39.9583C19.9792 40.1354 20.0313 40.3229 20.125 40.4687L21.4896 42.5104L20.1354 44.5416ZM21.2604 25.1041C21.0104 25.2396 20.8438 25.5 20.8334 25.7812L20.1459 37.5H17.5834L16.6667 23.2812C16.6563 23.1458 16.6146 23.0208 16.5521 22.9062L14.0521 18.7396C13.9688 18.6041 13.8542 18.4896 13.7084 18.4271C12.2188 17.6771 11.5521 15.9062 12.1563 14.3541L12.4375 13.6458C12.5313 13.4166 12.5104 13.1562 12.3959 12.9375L7.69794 4.3229L8.87503 3.14582L14.3125 11.3021C14.4688 11.5312 14.7292 11.6771 15.0104 11.6771H20.0104C20.2188 11.6771 20.4167 11.5937 20.5729 11.4583L29.375 3.33332L30.2188 4.45832L22.0209 12.6562L18.8125 14.2604C18.5313 14.4062 18.3542 14.6875 18.3542 15.0104V17.5104C18.3542 17.9479 18.6875 18.3021 19.1146 18.3437L20.4271 18.4583C20.5417 18.4687 20.6563 18.4583 20.7604 18.4166C22.3125 17.8958 24.0209 18.125 25.3854 19.0312C25.625 19.1875 25.9271 19.2187 26.1875 19.1041L38.2188 13.75L38.4063 14L39.2813 15.1666L21.2604 25.1041ZM48.3229 10.3229L45.4271 11.7708L40.7604 14.3437L39.7813 13.0416L41.1667 12.4271C41.3854 12.3333 41.5417 12.1458 41.6146 11.9271L42.25 9.99998H45C45.1042 9.99998 45.2084 9.97915 45.3125 9.93748L48.3334 8.72915V10.3229H48.3229Z\" fill=\"#4546A3\" fill-opacity=\"0.5\"/>\r\n</g>\r\n<defs>\r\n<clipPath id=\"clip0\">\r\n<rect width=\"49.9896\" height=\"50\" fill=\"white\"/>\r\n</clipPath>\r\n</defs>\r\n</svg>'),
(20, 'archery', 4, '<svg width=\"51\" height=\"50\" viewBox=\"0 0 51 50\" fill=\"none\" xmlns=\"http://www.w3.org/2000/svg\">\r\n<g clip-path=\"url(#clip0)\">\r\n<path d=\"M36.6282 21.9867C36.384 21.3811 35.7003 21.0881 35.0947 21.3225C34.4891 21.5667 34.1961 22.2504 34.4305 22.856C35.0263 24.37 35.3291 25.9718 35.3291 27.6226C35.3291 34.7626 29.5174 40.5743 22.3774 40.5743C15.2373 40.5743 9.41586 34.7626 9.41586 27.6226C9.41586 20.4825 15.2373 14.661 22.3871 14.661C24.0379 14.661 25.6397 14.9638 27.1635 15.5694C27.7691 15.8136 28.4528 15.5108 28.697 14.9052C28.9412 14.2996 28.6384 13.6159 28.0328 13.3717C26.2356 12.6587 24.3407 12.2973 22.3871 12.2973C13.9382 12.2973 7.07166 19.1639 7.07166 27.6128C7.07166 36.0617 13.9382 42.9283 22.3871 42.9283C30.8361 42.9283 37.7026 36.0617 37.7026 27.6128C37.7026 25.6691 37.3412 23.7742 36.6282 21.9867Z\" fill=\"#4546A3\" fill-opacity=\"0.5\"/>\r\n<path d=\"M43.9051 21.4495C43.7292 20.8244 43.0748 20.463 42.4497 20.6388C41.8246 20.8146 41.4632 21.4691 41.639 22.0942C42.1469 23.8816 42.4106 25.7375 42.4106 27.6128C42.4106 38.6501 33.4245 47.6363 22.3872 47.6363C11.3499 47.6363 2.36374 38.6501 2.36374 27.6128C2.36374 16.5755 11.3499 7.58939 22.3872 7.58939C24.2626 7.58939 26.1281 7.85311 27.9156 8.36102C28.5407 8.53684 29.1952 8.17544 29.371 7.55032C29.5468 6.9252 29.1854 6.27077 28.5603 6.09496C26.5579 5.51867 24.4774 5.22565 22.3774 5.22565C10.041 5.23541 0 15.2764 0 27.6128C0 39.9492 10.041 50 22.3872 50C34.7333 50 44.7744 39.959 44.7744 27.6128C44.7646 25.5226 44.4813 23.4421 43.9051 21.4495Z\" fill=\"#4546A3\" fill-opacity=\"0.5\"/>\r\n<path d=\"M30.6017 26.89C30.5431 26.2454 29.9668 25.7667 29.3222 25.8156C28.6775 25.8742 28.1891 26.4505 28.2478 27.0951C28.2673 27.2612 28.2673 27.437 28.2673 27.603C28.2673 30.8459 25.6301 33.4929 22.3775 33.4929C19.1346 33.4929 16.4876 30.8556 16.4876 27.603C16.4876 24.3602 19.1249 21.7132 22.3775 21.7132C22.563 21.7132 22.7389 21.723 22.9049 21.7328C23.5496 21.7914 24.1259 21.3128 24.1845 20.6681C24.2431 20.0234 23.7645 19.4472 23.1198 19.3886C22.8756 19.369 22.6314 19.3593 22.3775 19.3593C17.8258 19.3593 14.1337 23.0611 14.1337 27.603C14.1337 32.1547 17.8356 35.8468 22.3775 35.8468C26.9291 35.8468 30.6213 32.1449 30.6213 27.603C30.631 27.3784 30.6213 27.1342 30.6017 26.89Z\" fill=\"#4546A3\" fill-opacity=\"0.5\"/>\r\n<path d=\"M49.8242 7.93127C49.453 7.04242 48.6032 6.47591 47.646 6.47591H43.5339V2.36378C43.5339 1.40656 42.9576 0.547015 42.0785 0.185616C41.1897 -0.18555 40.1836 0.0195679 39.5097 0.693528L32.6333 7.56987C31.9691 8.23406 31.5979 9.12291 31.5979 10.0704V16.7514L22.0062 26.3431C21.5472 26.8021 21.5472 27.5542 22.0062 28.0133C22.2407 28.2477 22.5337 28.3552 22.8365 28.3552C23.1393 28.3552 23.4421 28.238 23.6667 28.0133L33.2584 18.4216H39.9394C40.8869 18.4216 41.7757 18.0504 42.4399 17.3862L49.3163 10.5099C49.9902 9.82617 50.1953 8.82011 49.8242 7.93127ZM33.9519 10.0704C33.9519 9.7578 34.0789 9.455 34.2938 9.24012L41.1701 2.36378V7.1694L33.9519 14.3876V10.0704ZM40.7794 15.7062C40.5645 15.9211 40.252 16.0481 39.9492 16.0481H35.6319L42.8501 8.82988H47.6558L40.7794 15.7062Z\" fill=\"#4546A3\" fill-opacity=\"0.5\"/>\r\n</g>\r\n<defs>\r\n<clipPath id=\"clip0\">\r\n<rect width=\"50.0098\" height=\"50\" fill=\"white\"/>\r\n</clipPath>\r\n</defs>\r\n</svg>'),
(21, 'running', 4, '<svg width=\"60\" height=\"45\" viewBox=\"0 0 60 45\" fill=\"none\" xmlns=\"http://www.w3.org/2000/svg\">\r\n<g clip-path=\"url(#clip0)\">\r\n<path d=\"M54.0586 26.5429L45.0938 25.8984L39.1641 16.0312L36.211 11.0976V9.72654C36.211 8.23826 35.0039 7.03122 33.5274 7.03122C33.1992 7.03122 32.8594 7.08982 32.5547 7.20701L24.0352 10.4883L24.6797 8.33201C25.1836 6.5156 24.3633 4.59372 22.6992 3.7031L16.0196 0.117162C15.5391 -0.14065 14.9297 0.0234124 14.6485 0.492162L4.83987 16.1953L4.62893 16.0781C4.13675 15.7968 3.50393 15.9609 3.22268 16.4648C3.21097 16.4765 3.21097 16.4883 3.19925 16.5L0.117216 22.2773C-0.152315 22.7812 0.0351848 23.3906 0.527372 23.6718L37.8516 44.3672C38.0039 44.4492 38.1797 44.4961 38.3555 44.4961H53.7891C57.211 44.4961 59.9883 41.7187 60 38.2851V32.9297C59.9883 29.5781 57.3985 26.789 54.0586 26.5429ZM42.9258 26.3203L41.7422 26.7187L32.4844 14.6836L34.8633 12.9023L42.9258 26.3203ZM15.9024 2.41404L21.7149 5.53123C22.5235 5.9531 22.9219 6.8906 22.6875 7.76951L21.8321 10.6523L15.8907 7.08982L13.8282 5.84763L15.9024 2.41404ZM9.77347 12.2812L10.3008 11.4492L13.6992 13.9804C15.4336 15.2812 16.3125 17.4258 16.0078 19.5703L15.8789 22.5586L6.63284 17.2265L9.77347 12.2812ZM53.7891 42.4101H38.625L2.41409 22.3359L4.50003 18.4101L38.7891 38.1328C38.9414 38.2265 39.1289 38.2734 39.3047 38.2734H57.9258C57.9258 40.5586 56.0742 42.4101 53.7891 42.4101ZM57.9258 36.2109H39.586L32.4961 32.1211L34.8867 29.6836C35.2852 29.2734 35.2617 28.6172 34.8516 28.2187C34.4414 27.832 33.8086 27.8437 33.4102 28.2304L30.6446 31.0429L26.7188 28.7812L30.6563 25.6289C31.1016 25.2773 31.1719 24.6211 30.8203 24.1758C30.4688 23.7304 29.8125 23.6601 29.3672 24.0117L24.7969 27.6679L21.4336 25.7344L26.543 21.4804C26.9883 21.1172 27.0469 20.4609 26.6719 20.0273C26.3086 19.582 25.6524 19.5234 25.2188 19.8984L19.5235 24.6445L17.9297 23.7187L18.0938 19.7461C18.4805 16.8867 17.2735 14.039 14.9649 12.3164L11.4141 9.7031L12.75 7.61716L21.9024 13.1133C22.0313 13.1836 22.1602 13.2304 22.3008 13.2422C22.3242 13.2422 22.3477 13.2539 22.3711 13.2539C22.3946 13.2539 22.4063 13.2656 22.4297 13.2656C22.5586 13.2656 22.6875 13.2422 22.8047 13.1953L33.293 9.1406C33.4805 9.07029 33.7032 9.09372 33.8672 9.21091C34.043 9.3281 34.1367 9.5156 34.1367 9.72654V10.8633L30.4102 13.6523C29.9532 13.9922 29.8594 14.6484 30.1992 15.1054C30.1992 15.1054 30.1992 15.1172 30.211 15.1172L40.5586 28.5703C40.8282 28.9219 41.2852 29.0625 41.7071 28.9219L44.6133 27.9492L53.9063 28.6172C56.168 28.7812 57.9258 30.6679 57.9258 32.9297V36.2109V36.2109Z\" fill=\"#4546A3\" fill-opacity=\"0.5\"/>\r\n<path d=\"M6.21094 30H1.03125C0.46875 30 0 30.4687 0 31.0312C0 31.5937 0.46875 32.0625 1.03125 32.0625H6.21094C6.78516 32.0625 7.24219 31.5937 7.24219 31.0312C7.24219 30.4687 6.77344 30 6.21094 30Z\" fill=\"#4546A3\" fill-opacity=\"0.5\"/>\r\n<path d=\"M0 37.2422C0 37.8164 0.46875 38.2734 1.03125 38.2734H14.4844C15.0586 38.2734 15.5156 37.8047 15.5156 37.2422C15.5156 36.6797 15.0469 36.2109 14.4844 36.2109H1.03125C0.46875 36.2109 0 36.668 0 37.2422Z\" fill=\"#4546A3\" fill-opacity=\"0.5\"/>\r\n<path d=\"M25.8633 42.4102H1.03125C0.457031 42.4102 0 42.8672 0 43.4414C0 44.0156 0.46875 44.4727 1.03125 44.4727H25.8633C26.4375 44.4727 26.8945 44.0039 26.8945 43.4414C26.8945 42.8789 26.4375 42.4102 25.8633 42.4102Z\" fill=\"#4546A3\" fill-opacity=\"0.5\"/>\r\n</g>\r\n<defs>\r\n<clipPath id=\"clip0\">\r\n<rect width=\"60\" height=\"44.4844\" fill=\"white\"/>\r\n</clipPath>\r\n</defs>\r\n</svg>');

-- --------------------------------------------------------

--
-- Table structure for table `types`
--

CREATE TABLE `types` (
  `id` int(11) NOT NULL,
  `name` varchar(45) NOT NULL,
  `icon` text NOT NULL
) ENGINE=InnoDB DEFAULT CHARSET=utf8;

--
-- Dumping data for table `types`
--

INSERT INTO `types` (`id`, `name`, `icon`) VALUES
(1, 'extreme sports', '<svg width=\"60\" height=\"52\" viewBox=\"0 0 60 52\" fill=\"none\" xmlns=\"http://www.w3.org/2000/svg\">\r\n<g clip-path=\"url(#clip0)\">\r\n<path d=\"M59.2266 43.418L34.6172 2.60156C33.6446 0.996094 31.875 0 30 0C28.125 0 26.3555 0.996094 25.3829 2.60156L0.773482 43.418C-0.23433 45.082 -0.257768 47.168 0.691451 48.8555C1.64067 50.543 3.44536 51.5977 5.39067 51.5977H54.6094C56.5547 51.5977 58.3477 50.543 59.3086 48.8555C60.2579 47.168 60.2344 45.082 59.2266 43.418ZM55.8985 46.9336C55.6407 47.4023 55.1368 47.6836 54.6094 47.6836H5.39067C4.85161 47.6836 4.35942 47.3906 4.10161 46.9336C3.84379 46.4648 3.84379 45.8906 4.12504 45.4336L28.7344 4.61719C29.004 4.17188 29.4844 3.90234 30 3.90234C30.5157 3.90234 31.0079 4.17188 31.2657 4.61719L55.875 45.4336C56.1563 45.9023 56.168 46.4648 55.8985 46.9336Z\" fill=\"#4546A3\" fill-opacity=\"0.5\"/>\r\n<path d=\"M30.0234 16.0664C28.5352 16.0664 27.375 16.8633 27.375 18.2812C27.375 22.5937 27.8789 28.793 27.8789 33.1055C27.8789 34.2305 28.8633 34.6992 30.0117 34.6992C30.8789 34.6992 32.1094 34.2305 32.1094 33.1055C32.1094 28.793 32.6133 22.5937 32.6133 18.2812C32.625 16.875 31.4297 16.0664 30.0234 16.0664Z\" fill=\"#4546A3\" fill-opacity=\"0.5\"/>\r\n<path d=\"M30.0586 37.1953C28.4648 37.1953 27.2695 38.4609 27.2695 39.9844C27.2695 41.4727 28.4648 42.7734 30.0586 42.7734C31.5469 42.7734 32.8125 41.4727 32.8125 39.9844C32.8125 38.4727 31.5352 37.1953 30.0586 37.1953Z\" fill=\"#4546A3\" fill-opacity=\"0.5\"/>\r\n</g>\r\n<defs>\r\n<clipPath id=\"clip0\">\r\n<rect width=\"60\" height=\"51.5977\" fill=\"white\"/>\r\n</clipPath>\r\n</defs>\r\n</svg>'),
(2, 'ball sports', '<svg width=\"50\" height=\"50\" viewBox=\"0 0 50 50\" fill=\"none\" xmlns=\"http://www.w3.org/2000/svg\">\r\n<g clip-path=\"url(#clip0)\">\r\n<path d=\"M44.4099 9.23805C39.629 3.36155 32.5573 0 25 0C18.3267 0 12.0393 2.60209 7.32072 7.32072C2.60209 12.0393 0 18.3267 0 25C0 28.4861 0.709661 31.8601 2.09163 35.0224C4.17082 39.7784 7.78137 43.8496 12.251 46.5015C16.0981 48.7923 20.5055 50 25 50C26.0956 50 27.1912 49.9253 28.2744 49.7883C33.9268 49.0538 39.2057 46.3521 43.1524 42.1937C47.4477 37.6619 49.8755 31.7356 50 25.4856C50 25.3237 50.0125 25.1619 50.0125 25C50 19.2729 48.008 13.6703 44.4099 9.23805ZM42.4178 9.97261L38.745 16.3347H29.6564L25.6848 9.4497L29.4696 2.42779C34.4746 3.41135 39.0314 6.03835 42.4178 9.97261ZM23.8297 26.4691L28.0627 34.5991L24.004 41.6335H15.0772L11.1056 34.7485L15.8367 26.4691H23.8297V26.4691ZM11.8277 17.4676L15.874 10.4582H23.9666L28.0129 17.4676L23.9666 24.4771H15.874L11.8277 17.4676ZM25.6225 25.5976L29.8182 18.3267H38.5956L42.6917 25.4109L38.0354 33.628H29.8182L25.6225 25.5976ZM25 1.99203C25.7968 1.99203 26.5936 2.02938 27.378 2.11653L23.9542 8.46614H15.8616L13.6952 4.98008C17.0194 3.0752 20.8914 1.99203 25 1.99203ZM11.9895 6.0259L14.131 9.4746L10.122 16.4343H3.64791C5.35359 12.2012 8.27938 8.59064 11.9895 6.0259ZM1.99203 25C1.99203 22.7216 2.32819 20.5055 2.9507 18.4263H10.0847L14.131 25.4358L9.4497 33.628H3.66036C2.55229 30.8889 1.99203 27.988 1.99203 25ZM12.4128 44.2605C9.126 42.1066 6.41185 39.0936 4.59412 35.62H9.31275L13.3591 42.6295L12.4128 44.2605ZM14.1185 45.2814L15.0772 43.6255H24.004L26.5065 47.9582C22.1863 48.2445 17.8909 47.2983 14.1185 45.2814ZM28.6728 47.7216L25.7346 42.6295L29.7809 35.62H37.8735L41.1853 41.3596C37.7739 44.7211 33.379 46.9621 28.6728 47.7216ZM42.5921 39.8282L39.6663 34.7734L44.3725 26.4816H47.9582C47.6469 31.387 45.7794 36.0558 42.5921 39.8282ZM44.4348 24.4771L40.3884 17.4676L43.7375 11.6658C46.3894 15.4009 47.8835 19.883 47.9955 24.4771H44.4348V24.4771Z\" fill=\"#4546A3\" fill-opacity=\"0.5\"/>\r\n</g>\r\n<defs>\r\n<clipPath id=\"clip0\">\r\n<rect width=\"50\" height=\"50\" fill=\"white\"/>\r\n</clipPath>\r\n</defs>\r\n</svg>\r\n'),
(3, 'water sports', '<svg width=\"60\" height=\"60\" viewBox=\"0 0 60 60\" fill=\"none\" xmlns=\"http://www.w3.org/2000/svg\">\r\n<g clip-path=\"url(#clip0)\">\r\n<path fill-rule=\"evenodd\" clip-rule=\"evenodd\" d=\"M41.5115 15.4632C41.5115 15.4632 41.5115 15.4631 41.5115 15.4631C42.3883 14.6606 43.0809 14.0268 44.5608 14.0268C46.0407 14.0268 46.7333 14.6607 47.61 15.4632C47.61 15.4632 47.61 15.4633 47.6101 15.4633C48.581 16.3519 49.6815 17.359 51.8419 17.359C54.0028 17.359 55.1033 16.3519 56.0743 15.4632L56.0743 15.4632L56.0744 15.4631L56.0745 15.463C56.5274 15.0485 56.9312 14.6791 57.4197 14.4187C57.8769 14.1749 58.4084 14.0268 59.1241 14.0268C59.6077 14.0268 60 13.6347 60 13.1508C60 12.6672 59.6077 12.2749 59.1241 12.2749C58.2979 12.2749 57.6267 12.4221 57.0585 12.6537C56.1406 13.0278 55.4914 13.6219 54.8916 14.1707L54.8915 14.1708L54.8914 14.1709C54.0146 14.9733 53.322 15.6071 51.8419 15.6071C50.3622 15.6071 49.6697 14.9734 48.7932 14.1711L48.7929 14.1709C48.7929 14.1708 48.7928 14.1708 48.7928 14.1708C47.8218 13.282 46.7213 12.2749 44.5608 12.2749C42.4001 12.2749 41.2997 13.2821 40.3287 14.1709L40.3286 14.1709L40.3284 14.1711C39.4518 14.9734 38.7594 15.6071 37.2795 15.6071C35.7998 15.6071 35.1072 14.9733 34.2305 14.1709C34.2305 14.1708 34.2304 14.1708 34.2304 14.1708C33.2594 13.282 32.1591 12.2749 29.9985 12.2749C27.8381 12.2749 26.7376 13.2821 25.7668 14.1708C25.7667 14.1709 25.7667 14.1709 25.7667 14.1709L25.7664 14.1711C24.8899 14.9734 24.1974 15.6071 22.7177 15.6071C21.2382 15.6071 20.5459 14.9734 19.6694 14.171C19.6694 14.1709 19.6693 14.1709 19.6693 14.1709L19.6692 14.1708L19.669 14.1707C18.6983 13.2821 17.5979 12.2749 15.4378 12.2749C13.2773 12.2749 12.1768 13.2821 11.206 14.1708C11.206 14.1709 11.2059 14.1709 11.2059 14.1709L11.2056 14.1711C10.3291 14.9734 9.63666 15.6071 8.15707 15.6071C6.67721 15.6071 5.98463 14.9733 5.10799 14.1708C5.10797 14.1708 5.10794 14.1708 5.10791 14.1707L5.10786 14.1707C5.10786 14.1707 5.10786 14.1707 5.10785 14.1707C4.5082 13.6219 3.85916 13.0279 2.94154 12.6538C2.37333 12.4222 1.70215 12.2749 0.875942 12.2749C0.392276 12.2749 0 12.6672 0 13.1508C0 13.6347 0.392276 14.0268 0.875942 14.0268C1.59154 14.0268 2.12302 14.175 2.58024 14.4188C3.06854 14.6792 3.47214 15.0487 3.92487 15.4631C3.92487 15.4631 3.92488 15.4631 3.92488 15.4631L3.92495 15.4632L3.925 15.4632C3.925 15.4632 3.92501 15.4632 3.92501 15.4632C4.89598 16.3519 5.99645 17.359 8.15707 17.359C10.3175 17.359 11.418 16.3519 12.3888 15.4633C12.3888 15.4632 12.3889 15.4632 12.3889 15.4632L12.389 15.4631C13.2656 14.6606 13.958 14.0268 15.4378 14.0268C16.9173 14.0268 17.6097 14.6606 18.4862 15.4631C18.4862 15.4631 18.4863 15.4631 18.4863 15.4632L18.4864 15.4632L18.4865 15.4634C19.4573 16.352 20.5575 17.359 22.7177 17.359C24.8783 17.359 25.9788 16.3519 26.9496 15.4633C26.9496 15.4632 26.9496 15.4632 26.9497 15.4632L26.9497 15.4631C27.8264 14.6606 28.5188 14.0268 29.9985 14.0268C31.4784 14.0268 32.1708 14.6606 33.0475 15.4631L33.0475 15.4632L33.0477 15.4633L33.0478 15.4634C34.0187 16.352 35.119 17.359 37.2795 17.359C39.4402 17.359 40.5406 16.3518 41.5115 15.4632Z\" fill=\"#4546A3\" fill-opacity=\"0.5\"/>\r\n<path fill-rule=\"evenodd\" clip-rule=\"evenodd\" d=\"M41.5115 23.0547C41.5115 23.0547 41.5115 23.0547 41.5115 23.0547C42.3883 22.2522 43.0809 21.6183 44.5608 21.6183C46.0407 21.6183 46.7333 22.2522 47.61 23.0548C47.61 23.0548 47.61 23.0548 47.61 23.0548C48.581 23.9435 49.6815 24.9506 51.8419 24.9506C54.0028 24.9506 55.1033 23.9434 56.0743 23.0548L56.0743 23.0547L56.0744 23.0546L56.0745 23.0545C56.5274 22.6401 56.9312 22.2706 57.4197 22.0102C57.8769 21.7665 58.4084 21.6183 59.1241 21.6183C59.6077 21.6183 60 21.2262 60 20.7424C60 20.2587 59.6077 19.8665 59.1241 19.8665C58.2979 19.8665 57.6267 20.0137 57.0585 20.2452C56.1406 20.6193 55.4914 21.2134 54.8916 21.7623L54.8915 21.7624L54.8914 21.7625C54.0146 22.5649 53.322 23.1987 51.8419 23.1987C50.3622 23.1987 49.6697 22.5649 48.7932 21.7627L48.7929 21.7624C48.7929 21.7624 48.7928 21.7624 48.7928 21.7623C47.8218 20.8736 46.7213 19.8665 44.5608 19.8665C42.4001 19.8665 41.2997 20.8736 40.3287 21.7624L40.3286 21.7625L40.3284 21.7627C39.4518 22.5649 38.7594 23.1987 37.2795 23.1987C35.7998 23.1987 35.1072 22.5648 34.2305 21.7624C34.2305 21.7624 34.2304 21.7624 34.2304 21.7623C33.2594 20.8736 32.1591 19.8665 29.9985 19.8665C27.8381 19.8665 26.7376 20.8736 25.7668 21.7624C25.7667 21.7624 25.7667 21.7624 25.7667 21.7624L25.7664 21.7627C24.8899 22.5649 24.1974 23.1987 22.7177 23.1987C21.2382 23.1987 20.5459 22.565 19.6694 21.7625C19.6694 21.7625 19.6693 21.7625 19.6693 21.7624L19.6693 21.7624L19.669 21.7622C18.6983 20.8736 17.5979 19.8665 15.4378 19.8665C13.2773 19.8665 12.1768 20.8736 11.206 21.7624C11.206 21.7624 11.2059 21.7624 11.2059 21.7624L11.2059 21.7624L11.2056 21.7627C10.3291 22.5649 9.63666 23.1987 8.15707 23.1987C6.67721 23.1987 5.98463 22.5648 5.108 21.7624C5.10797 21.7623 5.10794 21.7623 5.10791 21.7623L5.10787 21.7622C5.10786 21.7622 5.10786 21.7622 5.10785 21.7622C4.5082 21.2134 3.85916 20.6194 2.94154 20.2454C2.37333 20.0137 1.70215 19.8665 0.875942 19.8665C0.392276 19.8665 0 20.2587 0 20.7424C0 21.2262 0.392276 21.6183 0.875942 21.6183C1.59154 21.6183 2.12302 21.7666 2.58024 22.0104C3.06854 22.2708 3.47214 22.6402 3.92486 23.0547C3.92487 23.0547 3.92488 23.0547 3.92488 23.0547L3.92495 23.0547L3.925 23.0548C3.925 23.0548 3.925 23.0548 3.92501 23.0548C4.89598 23.9434 5.99645 24.9506 8.15707 24.9506C10.3175 24.9506 11.418 23.9435 12.3888 23.0548C12.3888 23.0548 12.3889 23.0548 12.3889 23.0547L12.389 23.0547C13.2656 22.2522 13.958 21.6183 15.4378 21.6183C16.9173 21.6183 17.6097 22.2522 18.4862 23.0546C18.4862 23.0547 18.4863 23.0547 18.4863 23.0547L18.4864 23.0548L18.4865 23.0549C19.4573 23.9435 20.5575 24.9506 22.7177 24.9506C24.8783 24.9506 25.9788 23.9435 26.9496 23.0548C26.9496 23.0548 26.9496 23.0548 26.9497 23.0547L26.9497 23.0547C27.8264 22.2522 28.5188 21.6183 29.9985 21.6183C31.4784 21.6183 32.1708 22.2522 33.0475 23.0547L33.0475 23.0547L33.0476 23.0548L33.0478 23.055C34.0187 23.9436 35.119 24.9506 37.2795 24.9506C39.4402 24.9506 40.5406 23.9434 41.5115 23.0547Z\" fill=\"#4546A3\" fill-opacity=\"0.5\"/>\r\n<path fill-rule=\"evenodd\" clip-rule=\"evenodd\" d=\"M41.5116 30.6461C42.3883 29.8438 43.081 29.2099 44.5608 29.2099C46.0406 29.2099 46.7332 29.8437 47.6099 30.6462C47.6099 30.6462 47.6098 30.6462 47.6099 30.6462C48.5808 31.5348 49.6814 32.5421 51.8419 32.5421C54.0028 32.5421 55.1033 31.535 56.0743 30.6463C56.5272 30.2319 56.9312 29.8622 57.4197 29.6018C57.8769 29.358 58.4085 29.2099 59.1241 29.2099C59.6077 29.2099 60 28.8176 60 28.3339C60 27.8501 59.6077 27.458 59.1241 27.458C58.2979 27.458 57.6267 27.6052 57.0585 27.8368C56.1406 28.2109 55.4914 28.805 54.8916 29.3538C54.0148 30.1563 53.322 30.7902 51.8419 30.7902C50.362 30.7902 49.6696 30.1564 48.793 29.3539C47.822 28.4653 46.7214 27.458 44.5608 27.458C42.4002 27.458 41.2998 28.4651 40.3288 29.3537C39.4522 30.1562 38.7595 30.7902 37.2795 30.7902C35.7998 30.7902 35.1072 30.1563 34.2305 29.3538C33.2596 28.4653 32.159 27.458 29.9985 27.458C27.8381 27.458 26.7376 28.4651 25.7668 29.3537C25.7668 29.3538 25.7669 29.3537 25.7668 29.3537C24.8902 30.1562 24.1976 30.7902 22.7177 30.7902C21.2383 30.7902 20.546 30.1565 19.6696 29.3543C19.6696 29.3543 19.6697 29.3543 19.6696 29.3543C18.6988 28.4655 17.5981 27.458 15.4378 27.458C13.2773 27.458 12.1768 28.4651 11.206 29.3537C11.206 29.3538 11.2061 29.3537 11.206 29.3537C10.3294 30.1562 9.63679 30.7902 8.15707 30.7902C6.67716 30.7902 5.98458 30.1563 5.10791 29.3538C5.10789 29.3538 5.10793 29.3539 5.10791 29.3538C4.50827 28.8051 3.85913 28.211 2.94154 27.8369C2.37334 27.6053 1.70215 27.458 0.875942 27.458C0.392276 27.458 0 27.8501 0 28.3339C0 28.8176 0.392276 29.2099 0.875942 29.2099C1.59148 29.2099 2.12296 29.3581 2.5802 29.6019C3.06853 29.8623 3.47218 30.2317 3.92492 30.6461C3.92496 30.6462 3.92487 30.6461 3.92492 30.6461C4.89587 31.5349 5.99651 32.5421 8.15707 32.5421C10.3176 32.5421 11.418 31.535 12.3889 30.6462C12.3889 30.6462 12.3888 30.6462 12.3889 30.6462C13.2654 29.8439 13.9582 29.2099 15.4378 29.2099C16.9173 29.2099 17.6098 29.8437 18.4862 30.6461C18.4863 30.6461 18.4862 30.646 18.4862 30.6461C19.4571 31.5348 20.5574 32.5421 22.7177 32.5421C24.8783 32.5421 25.9788 31.535 26.9496 30.6462C26.9497 30.6462 26.9496 30.6462 26.9496 30.6462C27.8262 29.8439 28.5189 29.2099 29.9985 29.2099C31.4783 29.2099 32.1707 29.8436 33.0472 30.6459C33.0473 30.6459 33.0472 30.6458 33.0472 30.6459C34.0182 31.5346 35.119 32.5421 37.2795 32.5421C39.4401 32.5421 40.5408 31.5348 41.5116 30.6461C41.5116 30.646 41.5116 30.6461 41.5116 30.6461Z\" fill=\"#4546A3\" fill-opacity=\"0.5\"/>\r\n<path fill-rule=\"evenodd\" clip-rule=\"evenodd\" d=\"M41.5115 38.2377L41.5116 38.2376L41.5117 38.2375C42.3884 37.4352 43.081 36.8014 44.5608 36.8014C46.0406 36.8014 46.7332 37.4353 47.6099 38.2378C47.6099 38.2378 47.6099 38.2378 47.6099 38.2378L47.61 38.2379C48.581 39.1265 49.6814 40.1337 51.8419 40.1337C54.0028 40.1337 55.1033 39.1265 56.0743 38.2379L56.0743 38.2378L56.0744 38.2378L56.0745 38.2376C56.5275 37.8232 56.9312 37.4537 57.4197 37.1933C57.8769 36.9496 58.4085 36.8014 59.1241 36.8014C59.6077 36.8014 60 36.4092 60 35.9255C60 35.4417 59.6077 35.0496 59.1241 35.0496C58.2979 35.0496 57.6267 35.1968 57.0585 35.4284C56.1406 35.8024 55.4914 36.3965 54.8916 36.9454L54.8915 36.9455L54.8914 36.9456C54.0146 37.748 53.322 38.3818 51.8419 38.3818C50.362 38.3818 49.6696 37.7479 48.793 36.9455L48.7929 36.9454L48.7928 36.9453C47.8219 36.0567 46.7214 35.0496 44.5608 35.0496C42.4002 35.0496 41.2998 36.0567 40.3288 36.9453C40.3288 36.9453 40.3288 36.9453 40.3287 36.9453L40.3287 36.9454L40.3286 36.9455C40.3286 36.9455 40.3286 36.9455 40.3285 36.9455C39.4519 37.748 38.7595 38.3818 37.2795 38.3818C35.7998 38.3818 35.1072 37.7479 34.2305 36.9454L34.2304 36.9453L34.2303 36.9452C33.2593 36.0566 32.159 35.0496 29.9985 35.0496C27.8381 35.0496 26.7376 36.0567 25.7668 36.9453C25.7668 36.9453 25.7668 36.9454 25.7667 36.9454L25.7666 36.9455C24.89 37.7479 24.1976 38.3818 22.7177 38.3818C21.2383 38.3818 20.546 37.7481 19.6696 36.9459L19.6693 36.9455C19.6693 36.9455 19.6692 36.9455 19.6692 36.9455C18.6984 36.0567 17.5981 35.0496 15.4378 35.0496C13.2773 35.0496 12.1768 36.0567 11.206 36.9453C11.206 36.9453 11.206 36.9454 11.2059 36.9454L11.2059 36.9455C10.3292 37.7479 9.63679 38.3818 8.15707 38.3818C6.67716 38.3818 5.98458 37.7479 5.10791 36.9454L5.10789 36.9454L5.10786 36.9453C5.10784 36.9453 5.10782 36.9453 5.10781 36.9453C4.50817 36.3965 3.85913 35.8025 2.94154 35.4285C2.37334 35.1969 1.70215 35.0496 0.875942 35.0496C0.392276 35.0496 0 35.4417 0 35.9255C0 36.4092 0.392276 36.8014 0.875942 36.8014C1.59148 36.8014 2.12297 36.9497 2.5802 37.1935C3.06853 37.4539 3.47218 37.8233 3.92492 38.2377L3.92494 38.2377L3.92495 38.2377C3.92499 38.2377 3.92504 38.2378 3.92508 38.2378C4.89603 39.1266 5.99651 40.1337 8.15707 40.1337C10.3176 40.1337 11.418 39.1265 12.3889 38.2377C12.3889 38.2377 12.3889 38.2377 12.3889 38.2377L12.3889 38.2377L12.3892 38.2374C13.2657 37.4352 13.9582 36.8014 15.4378 36.8014C16.9173 36.8014 17.6098 37.4353 18.4862 38.2376L18.4863 38.2377C18.4863 38.2377 18.4864 38.2377 18.4864 38.2378C19.4572 39.1265 20.5574 40.1337 22.7177 40.1337C24.8783 40.1337 25.9788 39.1265 26.9496 38.2377C26.9497 38.2377 26.9497 38.2377 26.9497 38.2377L26.95 38.2374C27.8265 37.4352 28.5189 36.8014 29.9985 36.8014C31.4783 36.8014 32.1707 37.4352 33.0472 38.2374L33.0475 38.2377C33.0476 38.2377 33.0476 38.2378 33.0477 38.2378C34.0186 39.1266 35.119 40.1337 37.2795 40.1337C39.4401 40.1337 40.5406 39.1265 41.5114 38.2377C41.5115 38.2377 41.5115 38.2377 41.5115 38.2377Z\" fill=\"#4546A3\" fill-opacity=\"0.5\"/>\r\n<path fill-rule=\"evenodd\" clip-rule=\"evenodd\" d=\"M41.5114 45.8293C41.5115 45.8293 41.5115 45.8293 41.5115 45.8293L41.5116 45.8292L41.5117 45.829C42.3884 45.0268 43.081 44.393 44.5608 44.393C46.0406 44.393 46.7332 45.0268 47.6099 45.8293C47.6099 45.8293 47.6099 45.8294 47.6099 45.8294L47.61 45.8294C48.581 46.7181 49.6814 47.7252 51.8419 47.7252C54.0028 47.7252 55.1033 46.7181 56.0743 45.8294L56.0743 45.8294L56.0744 45.8293L56.0745 45.8292C56.5275 45.4147 56.9312 45.0453 57.4197 44.7849C57.877 44.5411 58.4085 44.393 59.1241 44.393C59.6077 44.393 60 44.0007 60 43.5171C60 43.0331 59.6077 42.6411 59.1241 42.6411C58.2979 42.6411 57.6267 42.7884 57.0585 43.0199C56.1406 43.394 55.4914 43.9881 54.8916 44.5369L54.8915 44.537L54.8914 44.5371C54.0146 45.3396 53.322 45.9733 51.8419 45.9733C50.362 45.9733 49.6696 45.3395 48.793 44.537L48.7929 44.5369L48.7929 44.5369C47.8219 43.6483 46.7214 42.6411 44.5608 42.6411C42.4002 42.6411 41.2998 43.6482 40.3288 44.5368C40.3288 44.5368 40.3287 44.5369 40.3287 44.5369L40.3287 44.5369L40.3286 44.537C40.3286 44.537 40.3285 44.5371 40.3285 44.5371C39.4519 45.3395 38.7595 45.9733 37.2795 45.9733C35.7998 45.9733 35.1072 45.3395 34.2305 44.5369L34.2304 44.5368L34.2303 44.5367C33.2593 43.6481 32.159 42.6411 29.9985 42.6411C27.8381 42.6411 26.7376 43.6482 25.7668 44.5369C25.7668 44.5369 25.7668 44.5369 25.7667 44.5369L25.7666 44.537C24.89 45.3395 24.1976 45.9733 22.7177 45.9733C21.2383 45.9733 20.546 45.3396 19.6696 44.5374L19.6693 44.5371C19.6693 44.5371 19.6692 44.537 19.6692 44.537C18.6984 43.6483 17.5981 42.6411 15.4378 42.6411C13.2773 42.6411 12.1768 43.6482 11.206 44.5368C11.206 44.5369 11.206 44.5369 11.2059 44.5369L11.2059 44.537C10.3292 45.3395 9.63678 45.9733 8.15707 45.9733C6.67716 45.9733 5.98458 45.3395 5.10791 44.5369L5.10789 44.5369L5.10787 44.5369C5.10785 44.5369 5.10783 44.5369 5.10781 44.5368C4.50817 43.9881 3.85913 43.3941 2.94154 43.02C2.37334 42.7884 1.70215 42.6411 0.875942 42.6411C0.392276 42.6411 0 43.0331 0 43.5171C0 44.0007 0.392276 44.393 0.875942 44.393C1.59147 44.393 2.12294 44.5412 2.58017 44.785C3.06852 45.0454 3.47217 45.4148 3.92492 45.8292L3.92494 45.8292L3.92495 45.8293C3.92499 45.8293 3.92504 45.8293 3.92508 45.8294C4.89603 46.7181 5.9965 47.7252 8.15707 47.7252C10.3176 47.7252 11.418 46.7181 12.3889 45.8293C12.3889 45.8293 12.3889 45.8293 12.3889 45.8293L12.3889 45.8292L12.3892 45.829C13.2657 45.0267 13.9582 44.393 15.4378 44.393C16.9173 44.393 17.6098 45.0268 18.4862 45.8292L18.4863 45.8293C18.4863 45.8293 18.4864 45.8293 18.4864 45.8293C19.4572 46.7181 20.5574 47.7252 22.7177 47.7252C24.8783 47.7252 25.9788 46.7181 26.9496 45.8293C26.9497 45.8293 26.9497 45.8293 26.9497 45.8293L26.95 45.829C27.8265 45.0267 28.5189 44.393 29.9985 44.393C31.4783 44.393 32.1707 45.0267 33.0472 45.829L33.0475 45.8293C33.0476 45.8293 33.0476 45.8293 33.0477 45.8294C34.0186 46.7181 35.119 47.7252 37.2795 47.7252C39.4401 47.7252 40.5406 46.7181 41.5114 45.8293Z\" fill=\"#4546A3\" fill-opacity=\"0.5\"/>\r\n</g>\r\n<defs>\r\n<clipPath id=\"clip0\">\r\n<rect width=\"60\" height=\"60\" fill=\"white\"/>\r\n</clipPath>\r\n</defs>\r\n</svg>'),
(4, 'strenght & agility sports', '<svg width=\"50\" height=\"50\" viewBox=\"0 0 50 50\" fill=\"none\" xmlns=\"http://www.w3.org/2000/svg\">\r\n<g clip-path=\"url(#clip0)\">\r\n<path d=\"M4.34619 15.5664C4.67823 15.8789 5.1958 15.8789 5.52784 15.5664C10.6157 10.4297 17.5493 7.53906 24.7857 7.53906C32.022 7.53906 38.9556 10.4297 44.0435 15.5664C44.1997 15.7227 44.4146 15.8105 44.6392 15.8105C44.8638 15.8105 45.0786 15.7227 45.2349 15.5664L49.3462 11.4258C49.6685 11.1035 49.6685 10.5762 49.3462 10.2539C42.8521 3.69141 34.0142 0 24.7954 0C15.5767 0 6.72901 3.69141 0.244629 10.2441C-0.0776368 10.5664 -0.0776368 11.0938 0.244629 11.416L4.34619 15.5664ZM24.7954 1.66992C33.2915 1.65039 41.4654 4.94141 47.5689 10.8496L44.6294 13.7988C33.5161 3.22266 16.065 3.22266 4.95166 13.7988L2.01221 10.8398C8.12549 4.94141 16.2896 1.65039 24.7954 1.66992Z\" fill=\"#4546A3\" fill-opacity=\"0.6\"/>\r\n<path d=\"M36.4258 24.082C36.6504 24.082 36.8555 23.9941 37.0215 23.8379L41.1328 19.707C41.4551 19.3848 41.4551 18.8574 41.1328 18.5352C37.5195 14.9023 32.8027 12.5781 27.7246 11.9336L27.627 11.4648C27.3438 10.127 26.1719 9.17969 24.8047 9.17969C23.4375 9.17969 22.2656 10.127 21.9824 11.4648L21.875 11.9434C16.7969 12.5977 12.0801 14.9219 8.4668 18.5449C8.14453 18.8672 8.14453 19.3945 8.4668 19.7168L12.5781 23.8476C12.7344 24.0039 12.9492 24.0918 13.1738 24.0918C13.3984 24.0918 13.6035 24.0039 13.7695 23.8476C15.5469 22.0605 17.7344 20.7226 20.1367 19.9707L16.3867 37.2461C16.377 37.2754 16.3672 37.3047 16.3672 37.334L16.0254 38.9551C15.1855 42.6465 16.7285 46.4648 19.8926 48.5351C23.0566 50.6054 27.1777 50.4883 30.2246 48.2422C33.0664 46.0742 34.3848 42.4414 33.6035 38.9551L33.2617 37.334C33.252 37.3047 33.252 37.2851 33.2422 37.2558L29.4922 19.9805C31.8945 20.7324 34.082 22.0605 35.8594 23.8574C35.9863 23.9941 36.2012 24.082 36.4258 24.082ZM13.1738 22.0801L10.2344 19.1309C13.3594 16.2305 17.2754 14.3262 21.4844 13.6621L20.5176 18.125C17.7832 18.8086 15.2539 20.1758 13.1738 22.0801ZM31.6211 37.7246L31.9434 39.2871C32.6465 42.3047 31.3867 45.4297 28.7988 47.1289C26.2109 48.8281 22.8418 48.7304 20.3516 46.8945C18.0371 45.1074 16.9629 42.1387 17.627 39.2871L17.9492 37.7344C17.959 37.7051 17.9688 37.6855 17.9688 37.6562L22.0313 18.9551L23.584 11.8066C23.7012 11.2402 24.1992 10.8398 24.7852 10.8398C25.3613 10.8398 25.8594 11.25 25.9766 11.8066L27.5293 18.9551L31.5918 37.6562C31.6016 37.6758 31.6113 37.6953 31.6211 37.7246ZM28.0957 13.6621C32.3047 14.3262 36.2305 16.2305 39.3457 19.1309L36.4063 22.0801C34.3262 20.1758 31.7969 18.8086 29.0625 18.1152L28.0957 13.6621Z\" fill=\"#4546A3\" fill-opacity=\"0.6\"/>\r\n<path d=\"M24.7949 36.6699C22.4902 36.6699 20.625 38.5352 20.625 40.8398C20.625 43.1445 22.4902 45.0098 24.7949 45.0098C27.0996 45.0098 28.9648 43.1445 28.9648 40.8398C28.9551 38.5352 27.0898 36.6699 24.7949 36.6699ZM24.7949 43.3301C23.418 43.3301 22.2949 42.207 22.2949 40.8301C22.2949 39.4531 23.418 38.3301 24.7949 38.3301C26.1719 38.3301 27.2949 39.4531 27.2949 40.8301C27.2851 42.2168 26.1719 43.3301 24.7949 43.3301Z\" fill=\"#4546A3\" fill-opacity=\"0.6\"/>\r\n</g>\r\n<defs>\r\n<clipPath id=\"clip0\">\r\n<rect width=\"49.5801\" height=\"50\" fill=\"white\"/>\r\n</clipPath>\r\n</defs>\r\n</svg>');

--
-- Indexes for dumped tables
--

--
-- Indexes for table `activities`
--
ALTER TABLE `activities`
  ADD PRIMARY KEY (`id`);

--
-- Indexes for table `activities_have_focuses`
--
ALTER TABLE `activities_have_focuses`
  ADD PRIMARY KEY (`id`);

--
-- Indexes for table `focuses`
--
ALTER TABLE `focuses`
  ADD PRIMARY KEY (`id`);

--
-- Indexes for table `friends`
--
ALTER TABLE `friends`
  ADD PRIMARY KEY (`id`);

--
-- Indexes for table `locations`
--
ALTER TABLE `locations`
  ADD PRIMARY KEY (`id`);

--
-- Indexes for table `sports`
--
ALTER TABLE `sports`
  ADD PRIMARY KEY (`id`);

--
-- Indexes for table `types`
--
ALTER TABLE `types`
  ADD PRIMARY KEY (`id`);

--
-- AUTO_INCREMENT for dumped tables
--

--
-- AUTO_INCREMENT for table `activities`
--
ALTER TABLE `activities`
  MODIFY `id` int(11) NOT NULL AUTO_INCREMENT, AUTO_INCREMENT=69;

--
-- AUTO_INCREMENT for table `activities_have_focuses`
--
ALTER TABLE `activities_have_focuses`
  MODIFY `id` int(11) NOT NULL AUTO_INCREMENT, AUTO_INCREMENT=44;

--
-- AUTO_INCREMENT for table `focuses`
--
ALTER TABLE `focuses`
  MODIFY `id` int(11) NOT NULL AUTO_INCREMENT, AUTO_INCREMENT=5;

--
-- AUTO_INCREMENT for table `friends`
--
ALTER TABLE `friends`
  MODIFY `id` int(11) NOT NULL AUTO_INCREMENT, AUTO_INCREMENT=39;

--
-- AUTO_INCREMENT for table `locations`
--
ALTER TABLE `locations`
  MODIFY `id` int(11) NOT NULL AUTO_INCREMENT, AUTO_INCREMENT=6;

--
-- AUTO_INCREMENT for table `sports`
--
ALTER TABLE `sports`
  MODIFY `id` int(11) NOT NULL AUTO_INCREMENT, AUTO_INCREMENT=22;

--
-- AUTO_INCREMENT for table `types`
--
ALTER TABLE `types`
  MODIFY `id` int(11) NOT NULL AUTO_INCREMENT, AUTO_INCREMENT=5;

/*!40101 SET CHARACTER_SET_CLIENT=@OLD_CHARACTER_SET_CLIENT */;
/*!40101 SET CHARACTER_SET_RESULTS=@OLD_CHARACTER_SET_RESULTS */;
/*!40101 SET COLLATION_CONNECTION=@OLD_COLLATION_CONNECTION */;
